amount,category,date,description,for_who,tran_type,user_id,internal_transfer,transaction_id,id,month,year,day_of_week,is_weekend,quarter,is_start_of_month,is_end_of_month,week_of_year,day_of_month,days_in_month,user_avg_monthly_expense,user_transaction_count_month,user_total_monthly_expense,user_max_transaction_month,user_min_transaction_month,is_salary,salary_date,last_salary_date,days_since_last_salary,days_until_next_salary,category_avg,category_count,category_pct_of_month
1165.0,Vendéglátás,2024-01-05 10:22:17,2024.01.05 4159956198 LEGENDA BUFE             -ÉRINTŐ,Kimenő,VÁSÁRLÁS KÁRTYÁVAL,3Dye4gBbAdPQSto3WbqgkBu6lrj2,none,,86be7f27-ff73-4b55-8b72-6eb07c32a0ff,1,2024,4,False,1,True,False,1,5,31,3483.942857142857,35,121938.0,16200.0,200.0,False,,,30.0,0.0,1157.5454545454545,11,0.009554035657465269
1520.0,Vendéglátás,2024-01-05 12:55:04,2024.01.05 4159956198 MCD SZEGED 1.            -ÉRINTŐ,Kimenő,VÁSÁRLÁS KÁRTYÁVAL,3Dye4gBbAdPQSto3WbqgkBu6lrj2,none,,6d74a808-88c5-4695-b560-63724ae76b7d,1,2024,4,False,1,True,False,1,5,31,3483.942857142857,35,121938.0,16200.0,200.0,False,,,30.0,0.0,1157.5454545454545,11,0.012465351244074857
4300.0,Egyéb,2024-01-05 19:01:48,2024.01.05 4159956198 BARIONP*BARION.COM/GUEST,Kimenő,VÁSÁRLÁS KÁRTYÁVAL,3Dye4gBbAdPQSto3WbqgkBu6lrj2,none,,f793ed2c-8f25-46c0-89a0-a71f2a7d0dea,1,2024,4,False,1,True,False,1,5,31,3483.942857142857,35,121938.0,16200.0,200.0,False,,,30.0,0.0,4645.666666666667,3,0.03526382259836967
1110.0,Vendéglátás,2024-01-06 16:54:52,2024.01.06 4159956198 BURGER KING BÉKÉSCSABA   -ÉRINTŐ,Kimenő,VÁSÁRLÁS KÁRTYÁVAL,3Dye4gBbAdPQSto3WbqgkBu6lrj2,none,,28b5427e-df11-408c-b4ec-525eed5a368c,1,2024,5,True,1,False,False,1,6,31,3483.942857142857,35,121938.0,16200.0,200.0,False,,,30.0,0.0,1157.5454545454545,11,0.009102986763765192
3048.0,"Számlák, rezsi",2024-01-09 05:05:33,"2024.01.09 4159956198 NETFLIX.COM 7,990EUR  381,4500",Kimenő,VÁSÁRLÁS KÁRTYÁVAL,3Dye4gBbAdPQSto3WbqgkBu6lrj2,none,,9556262f-2358-4a35-98c6-2645f5525bb7,1,2024,1,False,1,False,False,2,9,31,3483.942857142857,35,121938.0,16200.0,200.0,False,,,30.0,0.0,6034.0,2,0.024996309599960635
858.0,Bevásárlás,2024-01-09 19:45:03,2024.01.09 4159956198 ALDI 122.SZ.             -ÉRINTŐ,Kimenő,VÁSÁRLÁS KÁRTYÁVAL,3Dye4gBbAdPQSto3WbqgkBu6lrj2,none,,25f75f0f-f0f8-41b1-b477-5e94ac051e04,1,2024,1,False,1,False,False,2,9,31,3483.942857142857,35,121938.0,16200.0,200.0,False,,,30.0,0.0,1761.5,6,0.007036362741721203
1890.0,Közlekedés,2024-01-10 11:29:11,2024.01.10 4159956198 OTPMOBL*VIMPAY.MAV-START.,Kimenő,VÁSÁRLÁS KÁRTYÁVAL,3Dye4gBbAdPQSto3WbqgkBu6lrj2,none,,d06579e5-3b2a-42f8-a205-c18bb7ac5af5,1,2024,2,False,1,False,False,2,10,31,3483.942857142857,35,121938.0,16200.0,200.0,False,,,30.0,0.0,995.6,5,0.015499680165329922
940.0,Vendéglátás,2024-01-10 12:46:42,2024.01.10 4159956198 Csiga PÚksÚg -Bem utca   -GOOGLE,Kimenő,VÁSÁRLÁS KÁRTYÁVAL,3Dye4gBbAdPQSto3WbqgkBu6lrj2,none,,4af75962-b530-4d10-a031-b42c9c28c336,1,2024,2,False,1,False,False,2,10,31,3483.942857142857,35,121938.0,16200.0,200.0,False,,,30.0,0.0,1157.5454545454545,11,0.007708835637783136
390.0,Vendéglátás,2024-01-10 15:24:56,2024.01.10 4159956198 LEGENDA BUFE             -GOOGLE,Kimenő,VÁSÁRLÁS KÁRTYÁVAL,3Dye4gBbAdPQSto3WbqgkBu6lrj2,none,,5922d3ce-ee33-4f11-8e34-f70c3250a85f,1,2024,2,False,1,False,False,2,10,31,3483.942857142857,35,121938.0,16200.0,200.0,False,,,30.0,0.0,1157.5454545454545,11,0.0031983467007823648
16200.0,Nem kategorizált,2024-01-10 15:54:00,GIROKOZLEMENY,Bejövő,NAPKÖZBENI ÁTUTALÁS (CSOPORTOS),3Dye4gBbAdPQSto3WbqgkBu6lrj2,none,,562feac8-48e0-4858-8e9a-e401bc6cee44,1,2024,2,False,1,False,False,2,10,31,3483.942857142857,35,121938.0,16200.0,200.0,False,,,30.0,0.0,13100.0,2,0.1328544014171136
1818.0,Szórakozás,2024-01-10 16:56:27,2024.01.10 4159956198 OTPMOBL*ONLINE.JEGY,Kimenő,VÁSÁRLÁS KÁRTYÁVAL,3Dye4gBbAdPQSto3WbqgkBu6lrj2,none,,ed74bfe7-82ef-4070-b8b9-6850ca802ee0,1,2024,2,False,1,False,False,2,10,31,3483.942857142857,35,121938.0,16200.0,200.0,False,,,30.0,0.0,4113.25,4,0.01490921615903164
10000.0,Nem kategorizált,2024-01-12 16:04:20,,Bejövő,AZONNALI ÁTUTALÁS,3Dye4gBbAdPQSto3WbqgkBu6lrj2,none,,89f35638-b139-4ca1-9ca2-49700d3bbd48,1,2024,4,False,1,False,False,2,12,31,3483.942857142857,35,121938.0,16200.0,200.0,False,,,30.0,0.0,13100.0,2,0.08200888976365038
1890.0,Közlekedés,2024-01-15 15:47:21,2024.01.15 4159956198 OTPMOBL*VIMPAY.MAV-START.,Kimenő,VÁSÁRLÁS KÁRTYÁVAL,3Dye4gBbAdPQSto3WbqgkBu6lrj2,none,,c467cef4-86d4-4130-85f6-60847838431d,1,2024,0,False,1,False,False,3,15,31,3483.942857142857,35,121938.0,16200.0,200.0,False,,,30.0,0.0,995.6,5,0.015499680165329922
499.0,Közlekedés,2024-01-15 16:23:28,2024.01.15 4159956198 BÉKÉSCSABA MÁV           -ÉRINTŐ,Kimenő,VÁSÁRLÁS KÁRTYÁVAL,3Dye4gBbAdPQSto3WbqgkBu6lrj2,none,,033f1f75-165b-4906-b3e0-d2754a613a90,1,2024,0,False,1,False,False,3,15,31,3483.942857142857,35,121938.0,16200.0,200.0,False,,,30.0,0.0,995.6,5,0.004092243599206154
2199.0,Bevásárlás,2024-01-15 19:27:41,2024.01.15 4159956198 MUYOSO                   -ÉRINTŐ,Kimenő,VÁSÁRLÁS KÁRTYÁVAL,3Dye4gBbAdPQSto3WbqgkBu6lrj2,none,,d0877bdb-5adf-40b5-aa89-b758be1368ca,1,2024,0,False,1,False,False,3,15,31,3483.942857142857,35,121938.0,16200.0,200.0,False,,,30.0,0.0,1761.5,6,0.018033754859026717
2624.0,Bevásárlás,2024-01-15 19:38:22,2024.01.15 4159956198 SPAR 648. SZ.            -ÉRINTŐ,Kimenő,VÁSÁRLÁS KÁRTYÁVAL,3Dye4gBbAdPQSto3WbqgkBu6lrj2,none,,871b25d6-00ea-461a-8daa-2b0a614d8a94,1,2024,0,False,1,False,False,3,15,31,3483.942857142857,35,121938.0,16200.0,200.0,False,,,30.0,0.0,1761.5,6,0.02151913267398186
2380.0,Vendéglátás,2024-01-16 12:48:55,2024.01.16 4159956198 BURGER KING SZEGED ÁRKÁD -ÉRINTŐ,Kimenő,VÁSÁRLÁS KÁRTYÁVAL,3Dye4gBbAdPQSto3WbqgkBu6lrj2,none,,09dd89af-8d7c-4a07-90e9-9dce9fb6a1da,1,2024,1,False,1,False,False,3,16,31,3483.942857142857,35,121938.0,16200.0,200.0,False,,,30.0,0.0,1157.5454545454545,11,0.01951811576374879
1980.0,Vendéglátás,2024-01-17 08:45:32,2024.01.17 4159956198 DOCK CAFÉ                -ÉRINTŐ,Kimenő,VÁSÁRLÁS KÁRTYÁVAL,3Dye4gBbAdPQSto3WbqgkBu6lrj2,none,,e03d2f9a-cb03-4117-a0c4-1233b6e1ffb4,1,2024,2,False,1,False,False,3,17,31,3483.942857142857,35,121938.0,16200.0,200.0,False,,,30.0,0.0,1157.5454545454545,11,0.016237760173202775
750.0,Vendéglátás,2024-01-17 13:53:06,2024.01.17 4159956198 MEGALLO PEKSEG 2         -ÉRINTŐ,Kimenő,VÁSÁRLÁS KÁRTYÁVAL,3Dye4gBbAdPQSto3WbqgkBu6lrj2,none,,6a3c2898-174b-4b31-883c-6d79f7ed7090,1,2024,2,False,1,False,False,3,17,31,3483.942857142857,35,121938.0,16200.0,200.0,False,,,30.0,0.0,1157.5454545454545,11,0.006150666732273779
5500.0,Szórakozás,2024-01-17 19:57:28,2024.01.17 4159956198 OTPMOBL*tixa.hu/csabagyo,Kimenő,VÁSÁRLÁS KÁRTYÁVAL,3Dye4gBbAdPQSto3WbqgkBu6lrj2,none,,39a48018-e0c6-4e33-bfdd-c41b2b0a55d6,1,2024,2,False,1,False,False,3,17,31,3483.942857142857,35,121938.0,16200.0,200.0,False,,,30.0,0.0,4113.25,4,0.04510488937000771
10000.0,Készpénz felvétel,2024-01-18 10:51:08,2024.01.18 4159956198 Békéscsaba Andrássy út 5,Kimenő,KÉSZPÉNZFELVÉT ATM-BŐL,3Dye4gBbAdPQSto3WbqgkBu6lrj2,none,,e5a13fd5-1308-4d23-a635-d7e1ee99e030,1,2024,3,False,1,False,False,3,18,31,3483.942857142857,35,121938.0,16200.0,200.0,False,,,30.0,0.0,10000.0,1,0.08200888976365038
2290.0,Szórakozás,2024-01-19 13:29:31,"2024.01.19 4159956198 GOOGLE *Google Play Ap 6,010EUR    0,",Kimenő,VÁSÁRLÁS KÁRTYÁVAL,3Dye4gBbAdPQSto3WbqgkBu6lrj2,none,,439178f5-2a94-4a9c-8f97-370fa7462fe4,1,2024,4,False,1,False,False,3,19,31,3483.942857142857,35,121938.0,16200.0,200.0,False,,,30.0,0.0,4113.25,4,0.018780035755875935
231.0,Bevásárlás,2024-01-20 13:42:34,2024.01.20 4159956198 511.COOP ÜZLET           -ÉRINTŐ,Kimenő,VÁSÁRLÁS KÁRTYÁVAL,3Dye4gBbAdPQSto3WbqgkBu6lrj2,none,,707a6057-6564-4068-b2a6-e58336b031cc,1,2024,5,True,1,False,False,3,20,31,3483.942857142857,35,121938.0,16200.0,200.0,False,,,30.0,0.0,1761.5,6,0.0018944053535403238
9020.0,"Számlák, rezsi",2024-01-21 16:57:37,2024.01.21 4159956198 OTPMOBL*NEPTUN.U-SZEGED.H,Kimenő,VÁSÁRLÁS KÁRTYÁVAL,3Dye4gBbAdPQSto3WbqgkBu6lrj2,none,,a1da2607-ba43-445b-ba0c-d4167008d601,1,2024,6,True,1,False,False,3,21,31,3483.942857142857,35,121938.0,16200.0,200.0,False,,,30.0,0.0,6034.0,2,0.07397201856681264
597.0,Bevásárlás,2024-01-23 20:02:07,2024.01.23 4159956198 ALDI 122.SZ.             -ÉRINTŐ,Kimenő,VÁSÁRLÁS KÁRTYÁVAL,3Dye4gBbAdPQSto3WbqgkBu6lrj2,none,,68112a68-1a7f-4c77-b8ce-0f67025c8430,1,2024,1,False,1,False,False,4,23,31,3483.942857142857,35,121938.0,16200.0,200.0,False,,,30.0,0.0,1761.5,6,0.004895930718889927
6845.0,Szórakozás,2024-01-23 21:17:37,2024.01.23 4159956198 OTPMOBL*TIXA.HU,Kimenő,VÁSÁRLÁS KÁRTYÁVAL,3Dye4gBbAdPQSto3WbqgkBu6lrj2,none,,67a8e87f-b8f0-466c-97b9-ce6fa2adda94,1,2024,1,False,1,False,False,4,23,31,3483.942857142857,35,121938.0,16200.0,200.0,False,,,30.0,0.0,4113.25,4,0.05613508504321869
9345.0,Egyéb,2024-01-24 08:16:31,"2024.01.24 4159956198 QUIZLET.COM 24,310EUR    0,",Kimenő,VÁSÁRLÁS KÁRTYÁVAL,3Dye4gBbAdPQSto3WbqgkBu6lrj2,none,,638480ba-7a68-4ae8-88ad-319577d6e1e0,1,2024,2,False,1,False,False,4,24,31,3483.942857142857,35,121938.0,16200.0,200.0,False,,,30.0,0.0,4645.666666666667,3,0.07663730748413128
200.0,Közlekedés,2024-01-24 15:24:51,2024.01.24 4159956198 CSABA CENTER             -ÉRINTŐ,Kimenő,VÁSÁRLÁS KÁRTYÁVAL,3Dye4gBbAdPQSto3WbqgkBu6lrj2,none,,1a0182f4-8ce7-4837-b754-8b34ab972e4b,1,2024,2,False,1,False,False,4,24,31,3483.942857142857,35,121938.0,16200.0,200.0,False,,,30.0,0.0,995.6,5,0.0016401777952730076
292.0,Egyéb,2024-01-24 17:35:00,,Kimenő,ESETI MEGBÍZÁSOK KÖLTSÉGE,3Dye4gBbAdPQSto3WbqgkBu6lrj2,none,,54fc9688-b6ac-401f-b96f-f3b285db37e4,1,2024,2,False,1,False,False,4,24,31,3483.942857142857,35,121938.0,16200.0,200.0,False,,,30.0,0.0,4645.666666666667,3,0.002394659581098591
15000.0,Utalás,2024-01-24 17:35:20,,Kimenő,AZONNALI ÁTUTALÁS,3Dye4gBbAdPQSto3WbqgkBu6lrj2,none,,49505e29-2630-4ff0-9f3e-2c7613a8fd18,1,2024,2,False,1,False,False,4,24,31,3483.942857142857,35,121938.0,16200.0,200.0,False,,,30.0,0.0,15000.0,1,0.12301333464547556
850.0,Vendéglátás,2024-01-30 08:17:29,2024.01.30 4159956198 LEGENDA BUFE             -GOOGLE,Kimenő,VÁSÁRLÁS KÁRTYÁVAL,3Dye4gBbAdPQSto3WbqgkBu6lrj2,none,,a122c966-6d58-449c-a233-91bdf1bb352d,1,2024,1,False,1,False,True,5,30,31,3483.942857142857,35,121938.0,16200.0,200.0,False,,,30.0,0.0,1157.5454545454545,11,0.006970755629910282
499.0,Közlekedés,2024-01-30 08:18:54,2024.01.30 4159956198 BÉKÉSCSABA MÁV           -GOOGLE,Kimenő,VÁSÁRLÁS KÁRTYÁVAL,3Dye4gBbAdPQSto3WbqgkBu6lrj2,none,,71c0ac47-9296-4007-ac23-e7656ebb019c,1,2024,1,False,1,False,True,5,30,31,3483.942857142857,35,121938.0,16200.0,200.0,False,,,30.0,0.0,995.6,5,0.004092243599206154
4060.0,Bevásárlás,2024-01-30 14:04:41,2024.01.30 4159956198 TESCO 41420 ÖNKISZOLG    -GOOGLE,Kimenő,VÁSÁRLÁS KÁRTYÁVAL,3Dye4gBbAdPQSto3WbqgkBu6lrj2,none,,6ba15522-6715-4771-8044-85c7511d2208,1,2024,1,False,1,False,True,5,30,31,3483.942857142857,35,121938.0,16200.0,200.0,False,,,30.0,0.0,1761.5,6,0.033295609244042054
1118.0,Vendéglátás,2024-01-31 10:06:58,2024.01.31 4159956198 F LEGYH ZI P KS G 71     -GOOGLE,Kimenő,VÁSÁRLÁS KÁRTYÁVAL,3Dye4gBbAdPQSto3WbqgkBu6lrj2,none,,c5d2adf2-b00e-4e43-b018-40ec5240d440,1,2024,2,False,1,False,True,5,31,31,3483.942857142857,35,121938.0,16200.0,200.0,False,,,30.0,0.0,1157.5454545454545,11,0.009168593875576113
530.0,Vendéglátás,2024-01-31 16:13:29,2024.01.31 4159956198 LEGENDA BUFE             -GOOGLE,Kimenő,VÁSÁRLÁS KÁRTYÁVAL,3Dye4gBbAdPQSto3WbqgkBu6lrj2,none,,4f87edae-7086-413b-a574-2b60f3558953,1,2024,2,False,1,False,True,5,31,31,3483.942857142857,35,121938.0,16200.0,200.0,False,,,30.0,0.0,1157.5454545454545,11,0.00434647115747347
88.0,"Számlák, rezsi",2024-02-01 05:47:00,,Bejövő,KÉSEDELMI/FEDEZETLENSÉGI KAMAT,3Dye4gBbAdPQSto3WbqgkBu6lrj2,none,,35a575d2-e86b-40a3-9e08-907c087fd3d4,2,2024,3,False,1,True,False,5,1,29,4975.19298245614,57,283586.0,71387.0,88.0,False,,,30.0,0.0,11049.0,5,0.00031031151044127705
3390.0,Szórakozás,2024-02-01 21:13:35,"2024.02.01 4159956198 GOOGLE *Google Play Ap 8,830EUR    0,",Kimenő,VÁSÁRLÁS KÁRTYÁVAL,3Dye4gBbAdPQSto3WbqgkBu6lrj2,none,,0868f292-1b80-4f9a-b574-1a649d8f0ed0,2,2024,3,False,1,True,False,5,1,29,4975.19298245614,57,283586.0,71387.0,88.0,False,,,30.0,0.0,3785.777777777778,9,0.011954045686317378
739.0,Bevásárlás,2024-02-05 11:07:21,2024.02.05 4159956198 NEMZETI DOHÁNYBOLT       -ÉRINTŐ,Kimenő,VÁSÁRLÁS KÁRTYÁVAL,3Dye4gBbAdPQSto3WbqgkBu6lrj2,none,,bc05f684-a050-458f-b1bb-06778e8d5f91,2,2024,0,False,1,True,False,6,5,29,4975.19298245614,57,283586.0,71387.0,88.0,False,,,30.0,0.0,1005.375,16,0.002605911434273906
7768.0,Szórakozás,2024-02-05 19:58:26,"2024.02.05 4159956198 STEAM PURCHASE 19,910EUR  390,1400",Kimenő,VÁSÁRLÁS KÁRTYÁVAL,3Dye4gBbAdPQSto3WbqgkBu6lrj2,none,,b82d5987-8e01-4bba-ab01-2dace7fcd372,2,2024,0,False,1,True,False,6,5,29,4975.19298245614,57,283586.0,71387.0,88.0,False,,,30.0,0.0,3785.777777777778,9,0.027392043330770912
71387.0,Otthon,2024-02-05 20:16:12,2024.02.05 4159956198 OTPMOBL*MEDIAMARKT.HU,Kimenő,VÁSÁRLÁS KÁRTYÁVAL,3Dye4gBbAdPQSto3WbqgkBu6lrj2,none,,b05bd762-cf62-4995-aea6-7a4558521432,2,2024,0,False,1,True,False,6,5,29,4975.19298245614,57,283586.0,71387.0,88.0,False,,,30.0,0.0,45784.783672595375,2,0.13806386351302935
30000.0,Nem kategorizált,2024-02-06 06:47:16,kószönöm,Bejövő,AZONNALI ÁTUTALÁS,3Dye4gBbAdPQSto3WbqgkBu6lrj2,none,,2e0f3d4a-440e-47c6-9e95-856a8ca36492,2,2024,1,False,1,False,False,6,6,29,4975.19298245614,57,283586.0,71387.0,88.0,False,,,30.0,0.0,16400.0,3,0.10578801492316264
9320.0,"Számlák, rezsi",2024-02-07 09:32:31,2024.02.07 4159956198 OTPMOBL*NEPTUN.U-SZEGED.H,Kimenő,VÁSÁRLÁS KÁRTYÁVAL,3Dye4gBbAdPQSto3WbqgkBu6lrj2,none,,52e72bc8-6ac8-47a5-bcb7-ef92a59d5e41,2,2024,2,False,1,False,False,6,7,29,4975.19298245614,57,283586.0,71387.0,88.0,False,,,30.0,0.0,11049.0,5,0.032864809969462526
1190.0,Szórakozás,2024-02-07 11:36:43,2024.02.07 4159956198 INMEDIO 2803. GYULA      -ÉRINTŐ,Kimenő,VÁSÁRLÁS KÁRTYÁVAL,3Dye4gBbAdPQSto3WbqgkBu6lrj2,none,,874c2efe-3ba2-4afd-b90a-0b40fcf78bb8,2,2024,2,False,1,False,False,6,7,29,4975.19298245614,57,283586.0,71387.0,88.0,False,,,30.0,0.0,3785.777777777778,9,0.004196257925285452
3190.0,Egyéb,2024-02-07 11:43:18,2024.02.07 4159956198 PARTYVARÁZS AJÁNDÉK      -ÉRINTŐ,Kimenő,VÁSÁRLÁS KÁRTYÁVAL,3Dye4gBbAdPQSto3WbqgkBu6lrj2,none,,7e115132-5e4e-4877-be67-54a1e26100b6,2,2024,2,False,1,False,False,6,7,29,4975.19298245614,57,283586.0,71387.0,88.0,False,,,30.0,0.0,3190.0,1,0.011248792253496294
5098.0,"Egészség, szépség",2024-02-07 11:48:31,2024.02.07 4159956198 DM 042 GYULA             -ÉRINTŐ,Kimenő,VÁSÁRLÁS KÁRTYÁVAL,3Dye4gBbAdPQSto3WbqgkBu6lrj2,none,,56a9bfdd-b6d0-4520-90e9-5f05a146f118,2,2024,2,False,1,False,False,6,7,29,4975.19298245614,57,283586.0,71387.0,88.0,False,,,30.0,0.0,5098.0,1,0.01797691000260944
498.0,Bevásárlás,2024-02-07 12:11:53,2024.02.07 4159956198 511.COOP ÜZLET           -ÉRINTŐ,Kimenő,VÁSÁRLÁS KÁRTYÁVAL,3Dye4gBbAdPQSto3WbqgkBu6lrj2,none,,ff41e6a9-e208-4e53-8b13-f28591673f71,2,2024,2,False,1,False,False,6,7,29,4975.19298245614,57,283586.0,71387.0,88.0,False,,,30.0,0.0,1005.375,16,0.0017560810477244997
2090.0,Vendéglátás,2024-02-07 18:17:00,2024.02.07 4159956198 MCD BÉKÉSCSABA           -ÉRINTŐ,Kimenő,VÁSÁRLÁS KÁRTYÁVAL,3Dye4gBbAdPQSto3WbqgkBu6lrj2,none,,3ecd9744-c630-451f-adf0-745afc8413d7,2,2024,2,False,1,False,False,6,7,29,4975.19298245614,57,283586.0,71387.0,88.0,False,,,30.0,0.0,889.7777777777778,18,0.00736989837298033
2790.0,Vendéglátás,2024-02-07 18:18:19,2024.02.07 4159956198 MCD BÉKÉSCSABA           -ÉRINTŐ,Kimenő,VÁSÁRLÁS KÁRTYÁVAL,3Dye4gBbAdPQSto3WbqgkBu6lrj2,none,,2f5986bb-534b-49da-8520-ca33d478657e,2,2024,2,False,1,False,False,6,7,29,4975.19298245614,57,283586.0,71387.0,88.0,False,,,30.0,0.0,889.7777777777778,18,0.009838285387854126
880.0,Vendéglátás,2024-02-07 21:10:36,"2024.02.07 4159956198 Kupak kezmuves sorhaz    -ÉRINTŐ 2,270EUR    0,",Kimenő,VÁSÁRLÁS KÁRTYÁVAL,3Dye4gBbAdPQSto3WbqgkBu6lrj2,none,,fb34f9d9-310b-404c-bf26-b2537f749939,2,2024,2,False,1,False,False,6,7,29,4975.19298245614,57,283586.0,71387.0,88.0,False,,,30.0,0.0,889.7777777777778,18,0.0031031151044127706
3000.0,Nem kategorizált,2024-02-08 00:38:10,"kaja plusz lakbér, piára és nőkre xd",Bejövő,AZONNALI ÁTUTALÁS,3Dye4gBbAdPQSto3WbqgkBu6lrj2,none,,9d006e69-6e61-4443-b644-5283e6eae38a,2,2024,3,False,1,False,False,6,8,29,4975.19298245614,57,283586.0,71387.0,88.0,False,,,30.0,0.0,16400.0,3,0.010578801492316265
1010.0,Vendéglátás,2024-02-08 17:11:54,2024.02.08 4159956198 BURGER KING BÉKÉSCSA     -ÉRINTŐ,Kimenő,VÁSÁRLÁS KÁRTYÁVAL,3Dye4gBbAdPQSto3WbqgkBu6lrj2,none,,d98e6712-9edd-4bac-bc4c-8136baea7cf4,2,2024,3,False,1,False,False,6,8,29,4975.19298245614,57,283586.0,71387.0,88.0,False,,,30.0,0.0,889.7777777777778,18,0.0035615298357464754
2150.0,Szórakozás,2024-02-08 17:23:36,2024.02.08 4159956198 CENTER MOZI              -ÉRINTŐ,Kimenő,VÁSÁRLÁS KÁRTYÁVAL,3Dye4gBbAdPQSto3WbqgkBu6lrj2,none,,fcbf1218-ab1e-4c06-91da-2669c85fbaf2,2,2024,3,False,1,False,False,6,8,29,4975.19298245614,57,283586.0,71387.0,88.0,False,,,30.0,0.0,3785.777777777778,9,0.007581474402826656
1580.0,Szórakozás,2024-02-08 17:27:57,2024.02.08 4159956198 CENTER MOZI              -ÉRINTŐ,Kimenő,VÁSÁRLÁS KÁRTYÁVAL,3Dye4gBbAdPQSto3WbqgkBu6lrj2,none,,c177687e-9785-4b1b-ac38-aba9ad6e1daa,2,2024,3,False,1,False,False,6,8,29,4975.19298245614,57,283586.0,71387.0,88.0,False,,,30.0,0.0,3785.777777777778,9,0.005571502119286566
4844.0,Szórakozás,2024-02-08 21:27:32,"2024.02.08 4159956198 STEAM PURCHASE 12,390EUR  390,9500",Kimenő,VÁSÁRLÁS KÁRTYÁVAL,3Dye4gBbAdPQSto3WbqgkBu6lrj2,none,,b082056d-4b83-40af-9eaf-3f161dda81f9,2,2024,3,False,1,False,False,6,8,29,4975.19298245614,57,283586.0,71387.0,88.0,False,,,30.0,0.0,3785.777777777778,9,0.017081238142926662
3137.0,"Számlák, rezsi",2024-02-09 02:51:00,"2024.02.09 4159956198 NETFLIX.COM 7,990EUR  392,6100",Kimenő,VÁSÁRLÁS KÁRTYÁVAL,3Dye4gBbAdPQSto3WbqgkBu6lrj2,none,,31bdaf15-1c82-44bb-88c3-c480f3bfe5d2,2,2024,4,False,1,False,False,6,9,29,4975.19298245614,57,283586.0,71387.0,88.0,False,,,30.0,0.0,11049.0,5,0.011061900093798706
1169.0,Szórakozás,2024-02-09 10:58:33,"2024.02.09 4159956198 STEAM PURCHASE 2,990EUR  390,9500",Kimenő,VÁSÁRLÁS KÁRTYÁVAL,3Dye4gBbAdPQSto3WbqgkBu6lrj2,none,,39743835-3b0b-4fe1-9502-62113d5a577b,2,2024,4,False,1,False,False,6,9,29,4975.19298245614,57,283586.0,71387.0,88.0,False,,,30.0,0.0,3785.777777777778,9,0.004122206314839238
7741.0,Szórakozás,2024-02-09 11:00:28,"2024.02.09 4159956198 STEAM PURCHASE 19,800EUR  390,9500",Kimenő,VÁSÁRLÁS KÁRTYÁVAL,3Dye4gBbAdPQSto3WbqgkBu6lrj2,none,,58f14815-40f9-43e2-bb01-695bad7ef516,2,2024,4,False,1,False,False,6,9,29,4975.19298245614,57,283586.0,71387.0,88.0,False,,,30.0,0.0,3785.777777777778,9,0.027296834117340067
16200.0,Nem kategorizált,2024-02-09 14:49:00,GIROKOZLEMENY,Bejövő,NAPKÖZBENI ÁTUTALÁS (CSOPORTOS),3Dye4gBbAdPQSto3WbqgkBu6lrj2,none,,b8eb9667-c50b-4d8f-9fc8-9bfa4b8ff9ed,2,2024,4,False,1,False,False,6,9,29,4975.19298245614,57,283586.0,71387.0,88.0,False,,,30.0,0.0,16400.0,3,0.057125528058507825
796.0,Bevásárlás,2024-02-10 10:51:01,2024.02.10 4159956198 511.COOP ÜZLET           -ÉRINTŐ,Kimenő,VÁSÁRLÁS KÁRTYÁVAL,3Dye4gBbAdPQSto3WbqgkBu6lrj2,none,,929afea2-80ad-495a-8787-e3b3fc8abd44,2,2024,5,True,1,False,False,6,10,29,4975.19298245614,57,283586.0,71387.0,88.0,False,,,30.0,0.0,1005.375,16,0.0028069086626279155
1753.0,Bevásárlás,2024-02-11 18:26:50,2024.02.11 4159956198 LIDL ÁRUHÁZ 0365.SZ.     -ÉRINTŐ,Kimenő,VÁSÁRLÁS KÁRTYÁVAL,3Dye4gBbAdPQSto3WbqgkBu6lrj2,none,,8ed8725c-6ae7-4e9d-b936-03a6e4fac9a8,2,2024,6,True,1,False,False,6,11,29,4975.19298245614,57,283586.0,71387.0,88.0,False,,,30.0,0.0,1005.375,16,0.006181546338676803
388.0,Bevásárlás,2024-02-12 10:08:25,2024.02.12 4159956198 GOODS MARKET             -ÉRINTŐ,Kimenő,VÁSÁRLÁS KÁRTYÁVAL,3Dye4gBbAdPQSto3WbqgkBu6lrj2,none,,d05e5629-6081-4cb3-a2ed-8b3796b9c87b,2,2024,0,False,1,False,False,7,12,29,4975.19298245614,57,283586.0,71387.0,88.0,False,,,30.0,0.0,1005.375,16,0.0013681916596729035
1727.0,Bevásárlás,2024-02-12 17:21:48,2024.02.12 4159956198 TESCO 41420 ÖNKISZOLG    -ÉRINTŐ,Kimenő,VÁSÁRLÁS KÁRTYÁVAL,3Dye4gBbAdPQSto3WbqgkBu6lrj2,none,,e2052d3e-4c72-459d-8131-9c5d510e4578,2,2024,0,False,1,False,False,7,12,29,4975.19298245614,57,283586.0,71387.0,88.0,False,,,30.0,0.0,1005.375,16,0.006089863392410063
387.0,Bevásárlás,2024-02-13 13:23:49,2024.02.13 4159956198 GOODS MARKET             -ÉRINTŐ,Kimenő,VÁSÁRLÁS KÁRTYÁVAL,3Dye4gBbAdPQSto3WbqgkBu6lrj2,none,,8534afe0-c196-4e80-8e78-2a7913f44284,2,2024,1,False,1,False,False,7,13,29,4975.19298245614,57,283586.0,71387.0,88.0,False,,,30.0,0.0,1005.375,16,0.001364665392508798
819.0,Vendéglátás,2024-02-13 15:18:08,2024.02.13 4159956198 F LEGYH ZI P KS G 71     -ÉRINTŐ,Kimenő,VÁSÁRLÁS KÁRTYÁVAL,3Dye4gBbAdPQSto3WbqgkBu6lrj2,none,,70b04294-d42a-4ee7-8eb4-8f7e00081f80,2,2024,1,False,1,False,False,7,13,29,4975.19298245614,57,283586.0,71387.0,88.0,False,,,30.0,0.0,889.7777777777778,18,0.00288801280740234
300.0,Vendéglátás,2024-02-13 17:33:16,"2024.02.13 4159956198 NYX*ReferenciaCafeKft    -ÉRINTŐ 0,770EUR    0,",Kimenő,VÁSÁRLÁS KÁRTYÁVAL,3Dye4gBbAdPQSto3WbqgkBu6lrj2,none,,10b7d894-663c-43e0-ae57-14eee68182a5,2,2024,1,False,1,False,False,7,13,29,4975.19298245614,57,283586.0,71387.0,88.0,False,,,30.0,0.0,889.7777777777778,18,0.0010578801492316264
1118.0,Vendéglátás,2024-02-14 07:27:22,2024.02.14 4159956198 F LEGYH ZI P KS G 71     -ÉRINTŐ,Kimenő,VÁSÁRLÁS KÁRTYÁVAL,3Dye4gBbAdPQSto3WbqgkBu6lrj2,none,,56902f96-2c5c-41e9-8e16-5ebac5beea5c,2,2024,2,False,1,False,False,7,14,29,4975.19298245614,57,283586.0,71387.0,88.0,False,,,30.0,0.0,889.7777777777778,18,0.003942366689469861
200.0,Vendéglátás,2024-02-16 20:07:12,2024.02.16 4159956198 JÁTÉKLUB SZEGED RUHATÁ   -ÉRINTŐ,Kimenő,VÁSÁRLÁS KÁRTYÁVAL,3Dye4gBbAdPQSto3WbqgkBu6lrj2,none,,987737b8-2269-4292-bc7e-c7b9385c1318,2,2024,4,False,1,False,False,7,16,29,4975.19298245614,57,283586.0,71387.0,88.0,False,,,30.0,0.0,889.7777777777778,18,0.0007052534328210843
699.0,Bevásárlás,2024-02-16 20:12:00,2024.02.16 4159956198 JATE KLUB SZEGED         -ÉRINTŐ,Kimenő,VÁSÁRLÁS KÁRTYÁVAL,3Dye4gBbAdPQSto3WbqgkBu6lrj2,none,,8b3aaee5-4cd4-4acd-aa98-356bba52d595,2,2024,4,False,1,False,False,7,16,29,4975.19298245614,57,283586.0,71387.0,88.0,False,,,30.0,0.0,1005.375,16,0.0024648607477096894
699.0,Bevásárlás,2024-02-16 20:25:35,2024.02.16 4159956198 JATE KLUB SZEGED         -ÉRINTŐ,Kimenő,VÁSÁRLÁS KÁRTYÁVAL,3Dye4gBbAdPQSto3WbqgkBu6lrj2,none,,894ae4fa-7364-4265-b355-47dc44efb49f,2,2024,4,False,1,False,False,7,16,29,4975.19298245614,57,283586.0,71387.0,88.0,False,,,30.0,0.0,1005.375,16,0.0024648607477096894
1890.0,Közlekedés,2024-02-17 08:58:25,2024.02.17 4159956198 OTPMOBL*VIMPAY.MAV-START.,Kimenő,VÁSÁRLÁS KÁRTYÁVAL,3Dye4gBbAdPQSto3WbqgkBu6lrj2,none,,0e8c4d29-c7c1-4f63-af26-dab8d4a6d6c9,2,2024,5,True,1,False,False,7,17,29,4975.19298245614,57,283586.0,71387.0,88.0,False,,,30.0,0.0,1244.5,2,0.006664644940159246
870.0,Vendéglátás,2024-02-17 09:55:41,2024.02.17 4159956198 Csiga PÚksÚg -Bem utca   -ÉRINTŐ,Kimenő,VÁSÁRLÁS KÁRTYÁVAL,3Dye4gBbAdPQSto3WbqgkBu6lrj2,none,,17eb755b-9cac-49b3-a119-627807e7f4c1,2,2024,5,True,1,False,False,7,17,29,4975.19298245614,57,283586.0,71387.0,88.0,False,,,30.0,0.0,889.7777777777778,18,0.0030678524327717167
389.0,Bevásárlás,2024-02-19 10:28:23,2024.02.19 4159956198 KÁROLYI ABC              -ÉRINTŐ,Kimenő,VÁSÁRLÁS KÁRTYÁVAL,3Dye4gBbAdPQSto3WbqgkBu6lrj2,none,,9682588e-0db1-402e-bba8-a55d9f57edf5,2,2024,0,False,1,False,False,8,19,29,4975.19298245614,57,283586.0,71387.0,88.0,False,,,30.0,0.0,1005.375,16,0.0013717179268370088
41200.0,"Számlák, rezsi",2024-02-23 21:06:45,2024.02.23 4159956198 OTPMOBL*allianz,Kimenő,VÁSÁRLÁS KÁRTYÁVAL,3Dye4gBbAdPQSto3WbqgkBu6lrj2,none,,463c1540-13ed-46a3-8900-5b51d9dc0a94,2,2024,4,False,1,False,False,8,23,29,4975.19298245614,57,283586.0,71387.0,88.0,False,,,30.0,0.0,11049.0,5,0.13806386351302935
1500.0,"Számlák, rezsi",2024-02-24 18:46:46,"2024.02.24 4159956198 SquareTrade Europe BV 3,860EUR    0,",Kimenő,VÁSÁRLÁS KÁRTYÁVAL,3Dye4gBbAdPQSto3WbqgkBu6lrj2,none,,d5d23a97-6a65-42f5-a1ea-26c73ee92520,2,2024,5,True,1,False,True,8,24,29,4975.19298245614,57,283586.0,71387.0,88.0,False,,,30.0,0.0,11049.0,5,0.005289400746158132
30803.0,Otthon,2024-02-24 18:51:57,2024.02.24 4159956198 MM BÉKÉSCSABA            -ÉRINTŐ,Kimenő,VÁSÁRLÁS KÁRTYÁVAL,3Dye4gBbAdPQSto3WbqgkBu6lrj2,none,,d6ac6dd5-d981-460b-b62f-48db69a5a391,2,2024,5,True,1,False,True,8,24,29,4975.19298245614,57,283586.0,71387.0,88.0,False,,,30.0,0.0,45784.783672595375,2,0.1086196074559393
4240.0,Szórakozás,2024-02-25 15:35:48,2024.02.25 4159956198 cinemacity.hu,Kimenő,VÁSÁRLÁS KÁRTYÁVAL,3Dye4gBbAdPQSto3WbqgkBu6lrj2,none,,8d135966-2bb4-4130-8aa4-bc969c7446b5,2,2024,6,True,1,False,True,8,25,29,4975.19298245614,57,283586.0,71387.0,88.0,False,,,30.0,0.0,3785.777777777778,9,0.014951372775806986
340.0,Vendéglátás,2024-02-26 09:37:45,2024.02.26 4159956198 DITI PÚksÚg_Gyula Vąsą   -ÉRINTŐ,Kimenő,VÁSÁRLÁS KÁRTYÁVAL,3Dye4gBbAdPQSto3WbqgkBu6lrj2,none,,5d4ac566-e146-48fd-813c-2c6191a78d6d,2,2024,0,False,1,False,True,9,26,29,4975.19298245614,57,283586.0,71387.0,88.0,False,,,30.0,0.0,889.7777777777778,18,0.0011989308357958433
599.0,Közlekedés,2024-02-26 10:27:02,2024.02.26 4159956198 BÉKÉSCSABA MÁV           -ÉRINTŐ,Kimenő,VÁSÁRLÁS KÁRTYÁVAL,3Dye4gBbAdPQSto3WbqgkBu6lrj2,none,,b799b293-4838-4093-b729-23cdecddba06,2,2024,0,False,1,False,True,9,26,29,4975.19298245614,57,283586.0,71387.0,88.0,False,,,30.0,0.0,1244.5,2,0.0021122340312991475
1600.0,Vendéglátás,2024-02-26 14:39:07,2024.02.26 4159956198 SZOTE  telbąr Kft.       -ÉRINTŐ,Kimenő,VÁSÁRLÁS KÁRTYÁVAL,3Dye4gBbAdPQSto3WbqgkBu6lrj2,none,,a2cc3089-66c4-4e4e-b063-829b48914255,2,2024,0,False,1,False,True,9,26,29,4975.19298245614,57,283586.0,71387.0,88.0,False,,,30.0,0.0,889.7777777777778,18,0.005642027462568674
600.0,Vendéglátás,2024-02-26 15:19:56,2024.02.26 4159956198 F LEGYH ZI P KS G 71     -ÉRINTŐ,Kimenő,VÁSÁRLÁS KÁRTYÁVAL,3Dye4gBbAdPQSto3WbqgkBu6lrj2,none,,642a14ff-7f78-4d76-82b0-b17189ab38cf,2,2024,0,False,1,False,True,9,26,29,4975.19298245614,57,283586.0,71387.0,88.0,False,,,30.0,0.0,889.7777777777778,18,0.0021157602984632528
558.0,Bevásárlás,2024-02-27 09:06:58,2024.02.27 4159956198 TESCO 41420 ÖNKISZOLG    -ÉRINTŐ,Kimenő,VÁSÁRLÁS KÁRTYÁVAL,3Dye4gBbAdPQSto3WbqgkBu6lrj2,none,,b772ed0a-bddc-441d-a78e-a6e8ef8ef299,2,2024,1,False,1,False,True,9,27,29,4975.19298245614,57,283586.0,71387.0,88.0,False,,,30.0,0.0,1005.375,16,0.001967657077570825
300.0,Vendéglátás,2024-02-27 09:08:17,"2024.02.27 4159956198 NYX*HELLAUTOMATAUeZEME   -ÉRINTŐ 0,770EUR    0,",Kimenő,VÁSÁRLÁS KÁRTYÁVAL,3Dye4gBbAdPQSto3WbqgkBu6lrj2,none,,8ff252f1-7c04-448c-8140-3979f60b1de6,2,2024,1,False,1,False,True,9,27,29,4975.19298245614,57,283586.0,71387.0,88.0,False,,,30.0,0.0,889.7777777777778,18,0.0010578801492316264
1690.0,Bevásárlás,2024-02-27 12:46:17,"2024.02.27 4159956198 Borcsok Karoly Jozsef    -ÉRINTŐ 4,340EUR    0,",Kimenő,VÁSÁRLÁS KÁRTYÁVAL,3Dye4gBbAdPQSto3WbqgkBu6lrj2,none,,872dc13b-3892-49ae-a5d5-51f2c45a985b,2,2024,1,False,1,False,True,9,27,29,4975.19298245614,57,283586.0,71387.0,88.0,False,,,30.0,0.0,1005.375,16,0.005959391507338162
299.0,Vendéglátás,2024-02-27 13:22:00,2024.02.27 4159956198 ARADI NON-STOP BOLT      -ÉRINTŐ,Kimenő,VÁSÁRLÁS KÁRTYÁVAL,3Dye4gBbAdPQSto3WbqgkBu6lrj2,none,,d2c4822a-13ed-49ca-9843-123e1ced3d4b,2,2024,1,False,1,False,True,9,27,29,4975.19298245614,57,283586.0,71387.0,88.0,False,,,30.0,0.0,889.7777777777778,18,0.0010543538820675209
300.0,Vendéglátás,2024-02-27 18:46:14,"2024.02.27 4159956198 NYX*ReferenciaCafeKft    -ÉRINTŐ 0,770EUR    0,",Kimenő,VÁSÁRLÁS KÁRTYÁVAL,3Dye4gBbAdPQSto3WbqgkBu6lrj2,none,,ddf15f86-4371-4d5b-b6f6-8f5e6122e0df,2,2024,1,False,1,False,True,9,27,29,4975.19298245614,57,283586.0,71387.0,88.0,False,,,30.0,0.0,889.7777777777778,18,0.0010578801492316264
809.0,Bevásárlás,2024-02-28 07:28:40,2024.02.28 4159956198 KÁROLYI ABC              -ÉRINTŐ,Kimenő,VÁSÁRLÁS KÁRTYÁVAL,3Dye4gBbAdPQSto3WbqgkBu6lrj2,none,,6eee1b3b-4ca5-4561-bd31-3144408c48b0,2,2024,2,False,1,False,True,9,28,29,4975.19298245614,57,283586.0,71387.0,88.0,False,,,30.0,0.0,1005.375,16,0.0028527501357612857
1600.0,Vendéglátás,2024-02-28 14:11:36,2024.02.28 4159956198 SZOTE  telbąr Kft.       -ÉRINTŐ,Kimenő,VÁSÁRLÁS KÁRTYÁVAL,3Dye4gBbAdPQSto3WbqgkBu6lrj2,none,,b658b5b0-8911-41e7-84c8-dd03d1a45ab5,2,2024,2,False,1,False,True,9,28,29,4975.19298245614,57,283586.0,71387.0,88.0,False,,,30.0,0.0,889.7777777777778,18,0.005642027462568674
600.0,Vendéglátás,2024-02-28 14:42:54,2024.02.28 4159956198 F LEGYH ZI P KS G 71     -ÉRINTŐ,Kimenő,VÁSÁRLÁS KÁRTYÁVAL,3Dye4gBbAdPQSto3WbqgkBu6lrj2,none,,c9c967ff-6e59-4528-abac-a75abfc3a3de,2,2024,2,False,1,False,True,9,28,29,4975.19298245614,57,283586.0,71387.0,88.0,False,,,30.0,0.0,889.7777777777778,18,0.0021157602984632528
300.0,Vendéglátás,2024-02-28 17:41:38,"2024.02.28 4159956198 NYX*ReferenciaCafeKft    -ÉRINTŐ 0,770EUR    0,",Kimenő,VÁSÁRLÁS KÁRTYÁVAL,3Dye4gBbAdPQSto3WbqgkBu6lrj2,none,,160a0ffd-c28b-42f1-9675-72303d2674c3,2,2024,2,False,1,False,True,9,28,29,4975.19298245614,57,283586.0,71387.0,88.0,False,,,30.0,0.0,889.7777777777778,18,0.0010578801492316264
3238.0,Bevásárlás,2024-02-28 20:22:12,2024.02.28 4159956198 TESCO 41420 ÖNKISZOLG    -ÉRINTŐ,Kimenő,VÁSÁRLÁS KÁRTYÁVAL,3Dye4gBbAdPQSto3WbqgkBu6lrj2,none,,b42ddb41-02e8-4f93-99e0-12ce41b71de4,2,2024,2,False,1,False,True,9,28,29,4975.19298245614,57,283586.0,71387.0,88.0,False,,,30.0,0.0,1005.375,16,0.011418053077373353
778.0,Bevásárlás,2024-02-29 17:12:06,2024.02.29 4159956198 KÁROLYI ABC              -ÉRINTŐ,Kimenő,VÁSÁRLÁS KÁRTYÁVAL,3Dye4gBbAdPQSto3WbqgkBu6lrj2,none,,84b89201-1927-42da-8a1c-d241d2ca9ded,2,2024,3,False,1,False,True,9,29,29,4975.19298245614,57,283586.0,71387.0,88.0,False,,,30.0,0.0,1005.375,16,0.0027434358536740176
938.0,Bevásárlás,2024-02-29 18:43:05,2024.02.29 4159956198 ALDI 122.SZ.             -ÉRINTŐ,Kimenő,VÁSÁRLÁS KÁRTYÁVAL,3Dye4gBbAdPQSto3WbqgkBu6lrj2,none,,82876df4-1466-47b1-9c10-3ade4f978e26,2,2024,3,False,1,False,True,9,29,29,4975.19298245614,57,283586.0,71387.0,88.0,False,,,30.0,0.0,1005.375,16,0.0033076385999308852
680.0,Vendéglátás,2024-03-01 11:58:42,2024.03.01 4159956198 Csiga PÚksÚg -Bem utca   -ÉRINTŐ,Kimenő,VÁSÁRLÁS KÁRTYÁVAL,3Dye4gBbAdPQSto3WbqgkBu6lrj2,none,,ec9c7e98-dc62-4352-91d4-2b84f4fc3ab2,3,2024,4,False,1,True,False,9,1,31,3226.2033898305085,59,190346.0,35600.0,300.0,False,,,30.0,0.0,1246.88,25,0.0035724417639456567
321.0,Egyéb,2024-03-01 19:44:00,,Kimenő,ESETI MEGBÍZÁSOK KÖLTSÉGE,3Dye4gBbAdPQSto3WbqgkBu6lrj2,none,,30b69ede-76eb-4245-b18f-09ae0829b700,3,2024,4,False,1,True,False,9,1,31,3226.2033898305085,59,190346.0,35600.0,300.0,False,,,30.0,0.0,321.0,3,0.0016864026562155234
28000.0,Utalás,2024-03-01 19:44:16,E-D-2024-55 dr. Kása Gyuláné,Kimenő,AZONNALI ÁTUTALÁS,3Dye4gBbAdPQSto3WbqgkBu6lrj2,none,,aa322075-1a48-4f6b-911e-aebe79e61619,3,2024,4,False,1,True,False,9,1,31,3226.2033898305085,59,190346.0,35600.0,300.0,False,,,30.0,0.0,11133.333333333334,3,0.13806386351302935
2000.0,Nem kategorizált,2024-03-01 19:48:38,,Bejövő,AZONNALI ÁTUTALÁS,3Dye4gBbAdPQSto3WbqgkBu6lrj2,none,,77cabae7-ac62-4b39-8d53-69a17f869711,3,2024,4,False,1,True,False,9,1,31,3226.2033898305085,59,190346.0,35600.0,300.0,False,,,30.0,0.0,14275.0,4,0.010507181658663697
1200.0,Szórakozás,2024-03-02 19:58:16,2024.03.02 4159956198 CSABAI RENDEZV. PAJTA    -ÉRINTŐ,Kimenő,VÁSÁRLÁS KÁRTYÁVAL,3Dye4gBbAdPQSto3WbqgkBu6lrj2,none,,9e862c2f-28eb-41a1-b5f4-c6f025d742e7,3,2024,5,True,1,True,False,9,2,31,3226.2033898305085,59,190346.0,35600.0,300.0,False,,,30.0,0.0,1423.0,5,0.006304308995198218
2300.0,Szórakozás,2024-03-02 22:11:51,2024.03.02 4159956198 CSABAI RENDEZV. PAJTA    -ÉRINTŐ,Kimenő,VÁSÁRLÁS KÁRTYÁVAL,3Dye4gBbAdPQSto3WbqgkBu6lrj2,none,,8521f5c1-1c39-4ab2-afe4-d84a2c3db6e5,3,2024,5,True,1,True,False,9,2,31,3226.2033898305085,59,190346.0,35600.0,300.0,False,,,30.0,0.0,1423.0,5,0.012083258907463252
1700.0,Vendéglátás,2024-03-04 13:08:02,2024.03.04 4159956198 SZOTE  telbąr Kft.       -ÉRINTŐ,Kimenő,VÁSÁRLÁS KÁRTYÁVAL,3Dye4gBbAdPQSto3WbqgkBu6lrj2,none,,a7e6de94-b7ec-46c1-80ab-82c5a43ab9a1,3,2024,0,False,1,True,False,10,4,31,3226.2033898305085,59,190346.0,35600.0,300.0,False,,,30.0,0.0,1246.88,25,0.008931104409864141
599.0,Bevásárlás,2024-03-05 08:00:27,2024.03.05 4159956198 KÁROLYI ABC              -ÉRINTŐ,Kimenő,VÁSÁRLÁS KÁRTYÁVAL,3Dye4gBbAdPQSto3WbqgkBu6lrj2,none,,8a3530c4-aa0f-4f66-ab44-e898266aa904,3,2024,1,False,1,True,False,10,5,31,3226.2033898305085,59,190346.0,35600.0,300.0,False,,,30.0,0.0,1202.5454545454545,11,0.003146900906769777
1700.0,Vendéglátás,2024-03-05 12:19:18,2024.03.05 4159956198 SZOTE  telbąr Kft.       -ÉRINTŐ,Kimenő,VÁSÁRLÁS KÁRTYÁVAL,3Dye4gBbAdPQSto3WbqgkBu6lrj2,none,,995a7583-8dd9-4062-9e8b-a2253a9e4169,3,2024,1,False,1,True,False,10,5,31,3226.2033898305085,59,190346.0,35600.0,300.0,False,,,30.0,0.0,1246.88,25,0.008931104409864141
600.0,Vendéglátás,2024-03-05 13:13:23,2024.03.05 4159956198 F LEGYH ZI P KS G 71     -ÉRINTŐ,Kimenő,VÁSÁRLÁS KÁRTYÁVAL,3Dye4gBbAdPQSto3WbqgkBu6lrj2,none,,98651406-1ad3-4367-883b-4e4333413e7f,3,2024,1,False,1,True,False,10,5,31,3226.2033898305085,59,190346.0,35600.0,300.0,False,,,30.0,0.0,1246.88,25,0.003152154497599109
1590.0,Vendéglátás,2024-03-06 19:46:35,2024.03.07 4159956198 McDonalds 34800019       -GOOGLE,Kimenő,VÁSÁRLÁS KÁRTYÁVAL,3Dye4gBbAdPQSto3WbqgkBu6lrj2,none,,6558144c-2bc3-414c-8325-7e214630a755,3,2024,2,False,1,False,False,10,6,31,3226.2033898305085,59,190346.0,35600.0,300.0,False,,,30.0,0.0,1246.88,25,0.008353209418637639
600.0,Vendéglátás,2024-03-06 20:31:59,2024.03.06 4159956198 BAD CORNER               -ÉRINTŐ,Kimenő,VÁSÁRLÁS KÁRTYÁVAL,3Dye4gBbAdPQSto3WbqgkBu6lrj2,none,,7073e972-abbe-42ce-829d-8631cb21de66,3,2024,2,False,1,False,False,10,6,31,3226.2033898305085,59,190346.0,35600.0,300.0,False,,,30.0,0.0,1246.88,25,0.003152154497599109
1380.0,Vendéglátás,2024-03-06 20:58:09,2024.03.06 4159956198 BAD CORNER               -ÉRINTŐ,Kimenő,VÁSÁRLÁS KÁRTYÁVAL,3Dye4gBbAdPQSto3WbqgkBu6lrj2,none,,9b33a0fa-ae42-45a3-9463-8928277f30bf,3,2024,2,False,1,False,False,10,6,31,3226.2033898305085,59,190346.0,35600.0,300.0,False,,,30.0,0.0,1246.88,25,0.00724995534447795
690.0,Vendéglátás,2024-03-06 21:45:55,2024.03.06 4159956198 BAD CORNER               -ÉRINTŐ,Kimenő,VÁSÁRLÁS KÁRTYÁVAL,3Dye4gBbAdPQSto3WbqgkBu6lrj2,none,,1f8eb8e4-e506-4ce8-b0cc-df3f1e996359,3,2024,2,False,1,False,False,10,6,31,3226.2033898305085,59,190346.0,35600.0,300.0,False,,,30.0,0.0,1246.88,25,0.003624977672238975
790.0,Szórakozás,2024-03-06 22:25:21,2024.03.06 4159956198 HELOPAY*HELLOPAY KER.    -ÉRINTŐ,Kimenő,VÁSÁRLÁS KÁRTYÁVAL,3Dye4gBbAdPQSto3WbqgkBu6lrj2,none,,06fe5f1e-edab-46c8-b7fc-3f33a05f8f02,3,2024,2,False,1,False,False,10,6,31,3226.2033898305085,59,190346.0,35600.0,300.0,False,,,30.0,0.0,1423.0,5,0.00415033675517216
1856.0,Bevásárlás,2024-03-07 12:46:37,2024.03.07 4159956198 GOODS MARKET             -ÉRINTŐ,Kimenő,VÁSÁRLÁS KÁRTYÁVAL,3Dye4gBbAdPQSto3WbqgkBu6lrj2,none,,e2ed3c9e-9673-459c-8841-a1d5a7dad0a1,3,2024,3,False,1,False,False,10,7,31,3226.2033898305085,59,190346.0,35600.0,300.0,False,,,30.0,0.0,1202.5454545454545,11,0.00975066457923991
9320.0,"Számlák, rezsi",2024-03-07 19:19:00,2024.03.07 4159956198 OTPMOBL*NEPTUN.U-SZEGED.H,Kimenő,VÁSÁRLÁS KÁRTYÁVAL,3Dye4gBbAdPQSto3WbqgkBu6lrj2,none,,bc94488a-f596-4d8d-86f2-d02ed219778b,3,2024,3,False,1,False,False,10,7,31,3226.2033898305085,59,190346.0,35600.0,300.0,False,,,30.0,0.0,8652.5,4,0.04896346652937283
8398.0,Otthon,2024-03-08 12:07:38,2024.03.08 4159956198 MM SZEGED                -ÉRINTŐ,Kimenő,VÁSÁRLÁS KÁRTYÁVAL,3Dye4gBbAdPQSto3WbqgkBu6lrj2,none,,c0266934-e15f-40a0-9241-f182944dbe35,3,2024,4,False,1,False,False,10,8,31,3226.2033898305085,59,190346.0,35600.0,300.0,False,,,30.0,0.0,8398.0,1,0.04411965578472886
1670.0,Vendéglátás,2024-03-08 12:58:18,2024.03.08 4159956198 TROJA ÁRKÁD              -ÉRINTŐ,Kimenő,VÁSÁRLÁS KÁRTYÁVAL,3Dye4gBbAdPQSto3WbqgkBu6lrj2,none,,5f23ed8d-9766-4052-a5d5-057b84f97547,3,2024,4,False,1,False,False,10,8,31,3226.2033898305085,59,190346.0,35600.0,300.0,False,,,30.0,0.0,1246.88,25,0.008773496684984186
35600.0,Nem kategorizált,2024-03-08 13:50:00,GIROKOZLEMENY,Bejövő,NAPKÖZBENI ÁTUTALÁS (CSOPORTOS),3Dye4gBbAdPQSto3WbqgkBu6lrj2,none,,3cf8118d-f2cb-4703-a300-000efd7943a0,3,2024,4,False,1,False,False,10,8,31,3226.2033898305085,59,190346.0,35600.0,300.0,False,,,30.0,0.0,14275.0,4,0.13806386351302935
3190.0,"Számlák, rezsi",2024-03-09 04:42:41,"2024.03.09 4159956198 Netflix.com 7,990EUR  399,1900",Kimenő,VÁSÁRLÁS KÁRTYÁVAL,3Dye4gBbAdPQSto3WbqgkBu6lrj2,none,,c5bace50-7228-4a63-b280-fde4fe3cd797,3,2024,5,True,1,False,False,10,9,31,3226.2033898305085,59,190346.0,35600.0,300.0,False,,,30.0,0.0,8652.5,4,0.016758954745568596
20600.0,"Számlák, rezsi",2024-03-10 00:07:00,2024.03.10 4159956198 OTPMOBL*allianz,Kimenő,VÁSÁRLÁS KÁRTYÁVAL,3Dye4gBbAdPQSto3WbqgkBu6lrj2,none,,e79d2271-c909-46ac-9e0f-a67be67ab42d,3,2024,6,True,1,False,False,10,10,31,3226.2033898305085,59,190346.0,35600.0,300.0,False,,,30.0,0.0,8652.5,4,0.10822397108423608
15000.0,Nem kategorizált,2024-03-10 06:42:27,Boldog születésnapot,Bejövő,AZONNALI ÁTUTALÁS,3Dye4gBbAdPQSto3WbqgkBu6lrj2,none,,b92729db-d83c-4f72-96ba-25cb5ed8baf6,3,2024,6,True,1,False,False,10,10,31,3226.2033898305085,59,190346.0,35600.0,300.0,False,,,30.0,0.0,14275.0,4,0.07880386243997772
1590.0,Vendéglátás,2024-03-11 13:01:00,2024.03.11 4159956198 TUNDERKONYHA GYORSETT    -ÉRINTŐ,Kimenő,VÁSÁRLÁS KÁRTYÁVAL,3Dye4gBbAdPQSto3WbqgkBu6lrj2,none,,db7c6a3c-4c34-488f-8361-020e5692fc77,3,2024,0,False,1,False,False,11,11,31,3226.2033898305085,59,190346.0,35600.0,300.0,False,,,30.0,0.0,1246.88,25,0.008353209418637639
300.0,Vendéglátás,2024-03-11 15:37:08,"2024.03.11 4159956198 NYX*ReferenciaCafeKft    -ÉRINTŐ 0,760EUR    0,",Kimenő,VÁSÁRLÁS KÁRTYÁVAL,3Dye4gBbAdPQSto3WbqgkBu6lrj2,none,,37b71e51-c1ac-46d5-b573-4d756e23f5d2,3,2024,0,False,1,False,False,11,11,31,3226.2033898305085,59,190346.0,35600.0,300.0,False,,,30.0,0.0,1246.88,25,0.0015760772487995545
2569.0,Bevásárlás,2024-03-11 22:09:42,2024.03.11 4159956198 TESCO 41420 ÖNKISZOLG    -ÉRINTŐ,Kimenő,VÁSÁRLÁS KÁRTYÁVAL,3Dye4gBbAdPQSto3WbqgkBu6lrj2,none,,828c2aa3-00dd-419c-b428-cd6385f23449,3,2024,0,False,1,False,False,11,11,31,3226.2033898305085,59,190346.0,35600.0,300.0,False,,,30.0,0.0,1202.5454545454545,11,0.013496474840553519
2490.0,Vendéglátás,2024-03-15 17:34:04,2024.03.15 4159956198 kfc.hu,Kimenő,VÁSÁRLÁS KÁRTYÁVAL,3Dye4gBbAdPQSto3WbqgkBu6lrj2,none,,32d9bb30-a339-497c-8adb-0f4ccfefb188,3,2024,4,False,1,False,False,11,15,31,3226.2033898305085,59,190346.0,35600.0,300.0,False,,,30.0,0.0,1246.88,25,0.013081441165036302
3400.0,Vendéglátás,2024-03-15 18:10:28,2024.03.15 4159956198 kfc.hu,Kimenő,VÁSÁRLÁS KÁRTYÁVAL,3Dye4gBbAdPQSto3WbqgkBu6lrj2,none,,48c73410-667a-4e0b-a883-f096c880f802,3,2024,4,False,1,False,False,11,15,31,3226.2033898305085,59,190346.0,35600.0,300.0,False,,,30.0,0.0,1246.88,25,0.017862208819728283
4500.0,Nem kategorizált,2024-03-15 18:37:54,csajokra és piára,Bejövő,AZONNALI ÁTUTALÁS,3Dye4gBbAdPQSto3WbqgkBu6lrj2,none,,24bc34b1-b414-48e4-adde-5b388ae0c3ca,3,2024,4,False,1,False,False,11,15,31,3226.2033898305085,59,190346.0,35600.0,300.0,False,,,30.0,0.0,14275.0,4,0.02364115873199332
1890.0,Közlekedés,2024-03-17 15:28:28,2024.03.17 4159956198 OTPMOBL*VIMPAY.MAV-START.,Kimenő,VÁSÁRLÁS KÁRTYÁVAL,3Dye4gBbAdPQSto3WbqgkBu6lrj2,none,,ac6a329f-1de8-421c-a778-4988b4a5f104,3,2024,6,True,1,False,False,11,17,31,3226.2033898305085,59,190346.0,35600.0,300.0,False,,,30.0,0.0,1453.3333333333333,3,0.009929286667437193
600.0,Vendéglátás,2024-03-18 09:39:48,2024.03.18 4159956198 F LEGYH ZI P KS G 71     -ÉRINTŐ,Kimenő,VÁSÁRLÁS KÁRTYÁVAL,3Dye4gBbAdPQSto3WbqgkBu6lrj2,none,,fe1484e8-3758-40db-ad1a-9df22bb5fe04,3,2024,0,False,1,False,False,12,18,31,3226.2033898305085,59,190346.0,35600.0,300.0,False,,,30.0,0.0,1246.88,25,0.003152154497599109
808.0,Bevásárlás,2024-03-18 13:18:50,2024.03.18 4159956198 KÁROLYI ABC              -ÉRINTŐ,Kimenő,VÁSÁRLÁS KÁRTYÁVAL,3Dye4gBbAdPQSto3WbqgkBu6lrj2,none,,c2b8fbb5-96c1-4a07-b976-b26c08f5fb5c,3,2024,0,False,1,False,False,12,18,31,3226.2033898305085,59,190346.0,35600.0,300.0,False,,,30.0,0.0,1202.5454545454545,11,0.004244901390100133
349.0,Bevásárlás,2024-03-18 16:34:53,2024.03.18 4159956198 KÁROLYI ABC              -ÉRINTŐ,Kimenő,VÁSÁRLÁS KÁRTYÁVAL,3Dye4gBbAdPQSto3WbqgkBu6lrj2,none,,40281bf0-52b9-4b0d-ac6a-8c49dbfd8027,3,2024,0,False,1,False,False,12,18,31,3226.2033898305085,59,190346.0,35600.0,300.0,False,,,30.0,0.0,1202.5454545454545,11,0.0018335031994368152
1510.0,Vendéglátás,2024-03-19 17:40:40,2024.03.19 4159956198 CAFETIK2                 -ÉRINTŐ,Kimenő,VÁSÁRLÁS KÁRTYÁVAL,3Dye4gBbAdPQSto3WbqgkBu6lrj2,none,,ac2ea64d-ec47-4620-b7fd-d4dae714d708,3,2024,1,False,1,False,False,12,19,31,3226.2033898305085,59,190346.0,35600.0,300.0,False,,,30.0,0.0,1246.88,25,0.007932922152291091
300.0,Vendéglátás,2024-03-19 18:36:16,"2024.03.19 4159956198 NYX*ReferenciaCafeKft    -ÉRINTŐ 0,760EUR    0,",Kimenő,VÁSÁRLÁS KÁRTYÁVAL,3Dye4gBbAdPQSto3WbqgkBu6lrj2,none,,27d0bf32-dd7b-477b-9f98-42af703d41df,3,2024,1,False,1,False,False,12,19,31,3226.2033898305085,59,190346.0,35600.0,300.0,False,,,30.0,0.0,1246.88,25,0.0015760772487995545
1377.0,Bevásárlás,2024-03-20 13:40:18,2024.03.20 4159956198 ALDI 122.SZ.             -ÉRINTŐ,Kimenő,VÁSÁRLÁS KÁRTYÁVAL,3Dye4gBbAdPQSto3WbqgkBu6lrj2,none,,38ab26e5-d272-4901-b012-0e7b57cca37e,3,2024,2,False,1,False,False,12,20,31,3226.2033898305085,59,190346.0,35600.0,300.0,False,,,30.0,0.0,1202.5454545454545,11,0.007234194571989955
2040.0,Vendéglátás,2024-03-21 13:51:51,2024.03.21 4159956198 TRÓJA ÉTELBÁR            -ÉRINTŐ,Kimenő,VÁSÁRLÁS KÁRTYÁVAL,3Dye4gBbAdPQSto3WbqgkBu6lrj2,none,,b6ef29e5-2d93-468b-8737-429c7c4b3473,3,2024,3,False,1,False,False,12,21,31,3226.2033898305085,59,190346.0,35600.0,300.0,False,,,30.0,0.0,1246.88,25,0.010717325291836971
538.0,Bevásárlás,2024-03-21 17:20:05,2024.03.21 4159956198 LIDL ÁRUHÁZ 0365.SZ.     -ÉRINTŐ,Kimenő,VÁSÁRLÁS KÁRTYÁVAL,3Dye4gBbAdPQSto3WbqgkBu6lrj2,none,,0818251c-6f7d-48a2-b915-ea9291688d82,3,2024,3,False,1,False,False,12,21,31,3226.2033898305085,59,190346.0,35600.0,300.0,False,,,30.0,0.0,1202.5454545454545,11,0.0028264318661805343
1390.0,Szórakozás,2024-03-21 20:22:32,2024.03.21 4159956198 HELOPAY*HELLOPAY KER.    -ÉRINTŐ,Kimenő,VÁSÁRLÁS KÁRTYÁVAL,3Dye4gBbAdPQSto3WbqgkBu6lrj2,none,,f10c76fe-20bf-450d-b5b7-d77eb33d7839,3,2024,3,False,1,False,False,12,21,31,3226.2033898305085,59,190346.0,35600.0,300.0,False,,,30.0,0.0,1423.0,5,0.0073024912527712696
1435.0,Szórakozás,2024-03-21 22:46:18,2024.03.21 4159956198 HELOPAY*HELLOPAY KER.    -ÉRINTŐ,Kimenő,VÁSÁRLÁS KÁRTYÁVAL,3Dye4gBbAdPQSto3WbqgkBu6lrj2,none,,9470c51d-8fd4-44dc-ac17-8cb796c4a9be,3,2024,3,False,1,False,False,12,21,31,3226.2033898305085,59,190346.0,35600.0,300.0,False,,,30.0,0.0,1423.0,5,0.0075389028400912024
665.0,Vendéglátás,2024-03-21 23:58:11,2024.03.22 4159956198 McDonalds 34800019       -GOOGLE,Kimenő,VÁSÁRLÁS KÁRTYÁVAL,3Dye4gBbAdPQSto3WbqgkBu6lrj2,none,,702c7ed1-57e0-480e-8ace-b85c009bbae8,3,2024,3,False,1,False,False,12,21,31,3226.2033898305085,59,190346.0,35600.0,300.0,False,,,30.0,0.0,1246.88,25,0.003493637901505679
1370.0,Közlekedés,2024-03-22 01:18:06,"2024.03.23 4159956198 LIME*UTAZAS DIJA         -GOOGLE 3,470EUR    0,",Kimenő,VÁSÁRLÁS KÁRTYÁVAL,3Dye4gBbAdPQSto3WbqgkBu6lrj2,none,,88320d83-a189-4dfc-9710-23e852474465,3,2024,4,False,1,False,False,12,22,31,3226.2033898305085,59,190346.0,35600.0,300.0,False,,,30.0,0.0,1453.3333333333333,3,0.007197419436184632
1059.0,Vendéglátás,2024-03-22 09:19:59,2024.03.22 4159956198 F LEGYH ZI P KS G 71     -ÉRINTŐ,Kimenő,VÁSÁRLÁS KÁRTYÁVAL,3Dye4gBbAdPQSto3WbqgkBu6lrj2,none,,992b8acd-9b94-4031-ac16-c28464db305a,3,2024,4,False,1,False,False,12,22,31,3226.2033898305085,59,190346.0,35600.0,300.0,False,,,30.0,0.0,1246.88,25,0.005563552688262427
570.0,Vendéglátás,2024-03-22 13:52:16,2024.03.22 4159956198 Csiga PÚksÚg -Bem utca   -ÉRINTŐ,Kimenő,VÁSÁRLÁS KÁRTYÁVAL,3Dye4gBbAdPQSto3WbqgkBu6lrj2,none,,0780f112-879d-4c55-bfd5-5eeafa8c0fb1,3,2024,4,False,1,False,False,12,22,31,3226.2033898305085,59,190346.0,35600.0,300.0,False,,,30.0,0.0,1246.88,25,0.0029945467727191537
659.0,Vendéglátás,2024-03-22 13:58:22,2024.03.22 4159956198 MÁV SZEGED BÜFÉ          -ÉRINTŐ,Kimenő,VÁSÁRLÁS KÁRTYÁVAL,3Dye4gBbAdPQSto3WbqgkBu6lrj2,none,,ca51265d-13b2-480a-bc23-45da56186a05,3,2024,4,False,1,False,False,12,22,31,3226.2033898305085,59,190346.0,35600.0,300.0,False,,,30.0,0.0,1246.88,25,0.003462116356529688
1100.0,Közlekedés,2024-03-22 16:33:24,2024.03.22 4159956198 TÖLTŐÁLLOMÁS             -ÉRINTŐ,Kimenő,VÁSÁRLÁS KÁRTYÁVAL,3Dye4gBbAdPQSto3WbqgkBu6lrj2,none,,f1dd2e61-7661-40aa-a669-a25fd0ebceac,3,2024,4,False,1,False,False,12,22,31,3226.2033898305085,59,190346.0,35600.0,300.0,False,,,30.0,0.0,1453.3333333333333,3,0.005778949912265033
321.0,Egyéb,2024-03-24 12:49:00,,Kimenő,ESETI MEGBÍZÁSOK KÖLTSÉGE,3Dye4gBbAdPQSto3WbqgkBu6lrj2,none,,447db8c9-0945-4120-ac47-b1b7be59a0da,3,2024,6,True,1,False,False,12,24,31,3226.2033898305085,59,190346.0,35600.0,300.0,False,,,30.0,0.0,321.0,3,0.0016864026562155234
5000.0,Utalás,2024-03-24 12:49:27,,Kimenő,AZONNALI ÁTUTALÁS,3Dye4gBbAdPQSto3WbqgkBu6lrj2,none,,7a9a35e5-1bcb-45df-a3d1-eb6d169f45e4,3,2024,6,True,1,False,False,12,24,31,3226.2033898305085,59,190346.0,35600.0,300.0,False,,,30.0,0.0,11133.333333333334,3,0.02626795414665924
1500.0,"Számlák, rezsi",2024-03-24 18:46:11,"2024.03.24 4159956198 Allstate Protection Pl 3,790EUR    0,",Kimenő,VÁSÁRLÁS KÁRTYÁVAL,3Dye4gBbAdPQSto3WbqgkBu6lrj2,none,,bb557f96-5a81-4931-953e-32cf60ce6b13,3,2024,6,True,1,False,False,12,24,31,3226.2033898305085,59,190346.0,35600.0,300.0,False,,,30.0,0.0,8652.5,4,0.007880386243997773
389.0,Bevásárlás,2024-03-26 07:23:02,2024.03.26 4159956198 KÁROLYI ABC              -ÉRINTŐ,Kimenő,VÁSÁRLÁS KÁRTYÁVAL,3Dye4gBbAdPQSto3WbqgkBu6lrj2,none,,cd626460-e08c-4c59-a77e-5e6f518528e8,3,2024,1,False,1,False,True,13,26,31,3226.2033898305085,59,190346.0,35600.0,300.0,False,,,30.0,0.0,1202.5454545454545,11,0.002043646832610089
321.0,Egyéb,2024-03-26 15:57:00,,Kimenő,ESETI MEGBÍZÁSOK KÖLTSÉGE,3Dye4gBbAdPQSto3WbqgkBu6lrj2,none,,ca5a96d2-0106-45bb-9cea-0d0edfec8147,3,2024,1,False,1,False,True,13,26,31,3226.2033898305085,59,190346.0,35600.0,300.0,False,,,30.0,0.0,321.0,3,0.0016864026562155234
400.0,Utalás,2024-03-26 15:57:36,Kave penz,Kimenő,AZONNALI ÁTUTALÁS,3Dye4gBbAdPQSto3WbqgkBu6lrj2,none,,2cb801c9-2343-480e-899c-43660409d09e,3,2024,1,False,1,False,True,13,26,31,3226.2033898305085,59,190346.0,35600.0,300.0,False,,,30.0,0.0,11133.333333333334,3,0.0021014363317327393
2915.0,Bevásárlás,2024-03-26 16:54:35,2024.03.26 4159956198 TESCO 41420 ÖNKISZOLG    -ÉRINTŐ,Kimenő,VÁSÁRLÁS KÁRTYÁVAL,3Dye4gBbAdPQSto3WbqgkBu6lrj2,none,,56667e50-2020-475d-9765-267a16424364,3,2024,1,False,1,False,True,13,26,31,3226.2033898305085,59,190346.0,35600.0,300.0,False,,,30.0,0.0,1202.5454545454545,11,0.015314217267502338
510.0,Bevásárlás,2024-03-27 07:28:29,2024.03.27 4159956198 KÁROLYI ABC              -ÉRINTŐ,Kimenő,VÁSÁRLÁS KÁRTYÁVAL,3Dye4gBbAdPQSto3WbqgkBu6lrj2,none,,766b646a-273b-42f7-b709-b6d0d4ba580f,3,2024,2,False,1,False,True,13,27,31,3226.2033898305085,59,190346.0,35600.0,300.0,False,,,30.0,0.0,1202.5454545454545,11,0.0026793313229592428
600.0,Vendéglátás,2024-03-27 07:48:06,2024.03.27 4159956198 F LEGYH ZI P KS G 71     -ÉRINTŐ,Kimenő,VÁSÁRLÁS KÁRTYÁVAL,3Dye4gBbAdPQSto3WbqgkBu6lrj2,none,,df0809bb-d391-4586-8f41-bc3bde6302a3,3,2024,2,False,1,False,True,13,27,31,3226.2033898305085,59,190346.0,35600.0,300.0,False,,,30.0,0.0,1246.88,25,0.003152154497599109
2120.0,Vendéglátás,2024-03-27 13:37:00,2024.03.27 4159956198 BURGER KING SZEGED DRI   -ÉRINTŐ,Kimenő,VÁSÁRLÁS KÁRTYÁVAL,3Dye4gBbAdPQSto3WbqgkBu6lrj2,none,,51f3c12b-e5eb-4336-bdeb-41f5882f3bd7,3,2024,2,False,1,False,True,13,27,31,3226.2033898305085,59,190346.0,35600.0,300.0,False,,,30.0,0.0,1246.88,25,0.011137612558183518
2000.0,Vendéglátás,2024-03-27 13:37:26,2024.03.27 4159956198 BURGER KING SZEGED DRI   -ÉRINTŐ,Kimenő,VÁSÁRLÁS KÁRTYÁVAL,3Dye4gBbAdPQSto3WbqgkBu6lrj2,none,,07739d86-d9f7-4301-998f-02a792a46f21,3,2024,2,False,1,False,True,13,27,31,3226.2033898305085,59,190346.0,35600.0,300.0,False,,,30.0,0.0,1246.88,25,0.010507181658663697
1318.0,Bevásárlás,2024-03-27 20:31:42,2024.03.27 4159956198 TESCO 41420 ÖNKISZOLG    -ÉRINTŐ,Kimenő,VÁSÁRLÁS KÁRTYÁVAL,3Dye4gBbAdPQSto3WbqgkBu6lrj2,none,,aa3c32f7-f02e-46db-84e4-ad713a35b505,3,2024,2,False,1,False,True,13,27,31,3226.2033898305085,59,190346.0,35600.0,300.0,False,,,30.0,0.0,1202.5454545454545,11,0.006924232713059376
659.0,Vendéglátás,2024-03-28 13:49:54,2024.03.28 4159956198 MÁV SZEGED BÜFÉ          -ÉRINTŐ,Kimenő,VÁSÁRLÁS KÁRTYÁVAL,3Dye4gBbAdPQSto3WbqgkBu6lrj2,none,,3eb1a6f8-0d1a-40c8-997f-4195973c1f29,3,2024,3,False,1,False,True,13,28,31,3226.2033898305085,59,190346.0,35600.0,300.0,False,,,30.0,0.0,1246.88,25,0.003462116356529688
5000.0,"Számlák, rezsi",2024-04-03 21:16:19,2024.04.03 4159956198 OTPMOBL*VODAFONE.HU,Kimenő,VÁSÁRLÁS KÁRTYÁVAL,3Dye4gBbAdPQSto3WbqgkBu6lrj2,none,,1d185818-cb66-4116-b33b-47580d30886d,4,2024,2,False,2,True,False,14,3,30,3686.5666666666666,60,221194.0,35600.0,200.0,False,,,30.0,0.0,7427.833333333333,6,0.02260459144461423
5000.0,"Számlák, rezsi",2024-04-05 06:20:41,2024.04.05 4159956198 OTPMOBL*VODAFONE.HU,Kimenő,VÁSÁRLÁS KÁRTYÁVAL,3Dye4gBbAdPQSto3WbqgkBu6lrj2,none,,c849998b-bb98-4ac0-9c81-6bc9d2224d3d,4,2024,4,False,2,True,False,14,5,30,3686.5666666666666,60,221194.0,35600.0,200.0,False,,,30.0,0.0,7427.833333333333,6,0.02260459144461423
1890.0,Vendéglátás,2024-04-05 15:46:11,2024.04.05 4159956198 BURGER KING BÉKÉSCSA     -ÉRINTŐ,Kimenő,VÁSÁRLÁS KÁRTYÁVAL,3Dye4gBbAdPQSto3WbqgkBu6lrj2,none,,25f38200-360c-42e0-aa2e-207b515c9134,4,2024,4,False,2,True,False,14,5,30,3686.5666666666666,60,221194.0,35600.0,200.0,False,,,30.0,0.0,871.7619047619048,21,0.008544535566064179
1480.0,Vendéglátás,2024-04-05 16:01:57,2024.04.05 4159956198 BURGER KING BÉKÉSCSA     -ÉRINTŐ,Kimenő,VÁSÁRLÁS KÁRTYÁVAL,3Dye4gBbAdPQSto3WbqgkBu6lrj2,none,,e38ce1ea-2ffa-4158-96a7-039485aa1aa0,4,2024,4,False,2,True,False,14,5,30,3686.5666666666666,60,221194.0,35600.0,200.0,False,,,30.0,0.0,871.7619047619048,21,0.006690959067605812
859.0,Bevásárlás,2024-04-07 15:10:18,2024.04.07 4159956198 NEMZETI DOHÁNYBOLT       -ÉRINTŐ,Kimenő,VÁSÁRLÁS KÁRTYÁVAL,3Dye4gBbAdPQSto3WbqgkBu6lrj2,none,,cae1c075-e603-444a-bfcc-b56881efb42f,4,2024,6,True,2,False,False,14,7,30,3686.5666666666666,60,221194.0,35600.0,200.0,False,,,30.0,0.0,1785.1176470588234,17,0.0038834688101847246
20000.0,Nem kategorizált,2024-04-08 08:46:00,1033624557211 /RFB/1033624557211,Bejövő,NAPKÖZBENI ÁTUTALÁS,3Dye4gBbAdPQSto3WbqgkBu6lrj2,none,,8ca2e072-3155-4d05-b066-79e0c9e955b9,4,2024,0,False,2,False,False,15,8,30,3686.5666666666666,60,221194.0,35600.0,200.0,False,,,30.0,0.0,21866.666666666668,3,0.09041836577845692
3147.0,"Számlák, rezsi",2024-04-09 05:00:30,"2024.04.09 4159956198 Netflix.com 7,990EUR  393,8300",Kimenő,VÁSÁRLÁS KÁRTYÁVAL,3Dye4gBbAdPQSto3WbqgkBu6lrj2,none,,f7d73632-3db4-4637-8cf0-e2741bc7cc50,4,2024,1,False,2,False,False,15,9,30,3686.5666666666666,60,221194.0,35600.0,200.0,False,,,30.0,0.0,7427.833333333333,6,0.014227329855240197
1700.0,Vendéglátás,2024-04-09 11:57:55,2024.04.09 4159956198 SZOTE  telbąr Kft.       -ÉRINTŐ,Kimenő,VÁSÁRLÁS KÁRTYÁVAL,3Dye4gBbAdPQSto3WbqgkBu6lrj2,none,,b28382f0-94c7-48db-9226-dc40824d78ac,4,2024,1,False,2,False,False,15,9,30,3686.5666666666666,60,221194.0,35600.0,200.0,False,,,30.0,0.0,871.7619047619048,21,0.007685561091168839
600.0,Vendéglátás,2024-04-09 12:34:36,2024.04.09 4159956198 F LEGYH ZI P KS G 71     -ÉRINTŐ,Kimenő,VÁSÁRLÁS KÁRTYÁVAL,3Dye4gBbAdPQSto3WbqgkBu6lrj2,none,,4a5bc265-8fa8-47c0-bde7-99ff12a6dd0f,4,2024,1,False,2,False,False,15,9,30,3686.5666666666666,60,221194.0,35600.0,200.0,False,,,30.0,0.0,871.7619047619048,21,0.0027125509733537077
2231.0,Bevásárlás,2024-04-09 20:56:50,2024.04.09 4159956198 TESCO 41420 ÖNKISZOLG    -ÉRINTŐ,Kimenő,VÁSÁRLÁS KÁRTYÁVAL,3Dye4gBbAdPQSto3WbqgkBu6lrj2,none,,f27b47c3-9122-4a33-933a-456a772887cf,4,2024,1,False,2,False,False,15,9,30,3686.5666666666666,60,221194.0,35600.0,200.0,False,,,30.0,0.0,1785.1176470588234,17,0.01008616870258687
1490.0,Vendéglátás,2024-04-10 13:19:38,2024.04.10 4159956198 TRÓJA ÉTELBÁR            -ÉRINTŐ,Kimenő,VÁSÁRLÁS KÁRTYÁVAL,3Dye4gBbAdPQSto3WbqgkBu6lrj2,none,,ae5bf4f9-0351-4c93-8671-387f416c8810,4,2024,2,False,2,False,False,15,10,30,3686.5666666666666,60,221194.0,35600.0,200.0,False,,,30.0,0.0,871.7619047619048,21,0.00673616825049504
35600.0,Nem kategorizált,2024-04-10 15:49:00,GIROKOZLEMENY,Bejövő,NAPKÖZBENI ÁTUTALÁS (CSOPORTOS),3Dye4gBbAdPQSto3WbqgkBu6lrj2,none,,057edf59-e7a0-45f1-af6b-8176fa9d0258,4,2024,2,False,2,False,False,15,10,30,3686.5666666666666,60,221194.0,35600.0,200.0,False,,,30.0,0.0,21866.666666666668,3,0.13806386351302935
679.0,Bevásárlás,2024-04-10 17:50:30,2024.04.10 4159956198 ALDI 245.SZ.             -ÉRINTŐ,Kimenő,VÁSÁRLÁS KÁRTYÁVAL,3Dye4gBbAdPQSto3WbqgkBu6lrj2,none,,8803f735-dc4e-46dd-9cf4-05aceb2a70cd,4,2024,2,False,2,False,False,15,10,30,3686.5666666666666,60,221194.0,35600.0,200.0,False,,,30.0,0.0,1785.1176470588234,17,0.0030697035181786124
1007.0,Bevásárlás,2024-04-10 19:47:01,2024.04.10 4159956198 ALDI 122.SZ.             -ÉRINTŐ,Kimenő,VÁSÁRLÁS KÁRTYÁVAL,3Dye4gBbAdPQSto3WbqgkBu6lrj2,none,,79b1a394-bab7-424f-80d5-170914e70e63,4,2024,2,False,2,False,False,15,10,30,3686.5666666666666,60,221194.0,35600.0,200.0,False,,,30.0,0.0,1785.1176470588234,17,0.004552564716945306
1478.0,Bevásárlás,2024-04-11 14:33:17,2024.04.11 4159956198 TESCO 41420 ÖNKISZOLG    -ÉRINTŐ,Kimenő,VÁSÁRLÁS KÁRTYÁVAL,3Dye4gBbAdPQSto3WbqgkBu6lrj2,none,,5ee19741-91be-4429-bd7e-1953af582266,4,2024,3,False,2,False,False,15,11,30,3686.5666666666666,60,221194.0,35600.0,200.0,False,,,30.0,0.0,1785.1176470588234,17,0.006681917231027967
560.0,Egyéb,2024-04-12 00:02:04,2024.04.12 4159956198 BORKÁPOLNA SZEGED        -ÉRINTŐ,Kimenő,VÁSÁRLÁS KÁRTYÁVAL,3Dye4gBbAdPQSto3WbqgkBu6lrj2,none,,9b89ef30-b697-453d-b37d-d24c6fd158fd,4,2024,4,False,2,False,False,15,12,30,3686.5666666666666,60,221194.0,35600.0,200.0,False,,,30.0,0.0,380.0,2,0.002531714241796794
3000.0,Szórakozás,2024-04-12 00:29:49,2024.04.12 4159956198 HELOPAY*HELLOPAY KER.    -ÉRINTŐ,Kimenő,VÁSÁRLÁS KÁRTYÁVAL,3Dye4gBbAdPQSto3WbqgkBu6lrj2,none,,996de29e-9129-40c1-aa25-dfe71696e8ed,4,2024,4,False,2,False,False,15,12,30,3686.5666666666666,60,221194.0,35600.0,200.0,False,,,30.0,0.0,1960.0,3,0.013562754866768539
1290.0,Szórakozás,2024-04-12 00:36:27,2024.04.12 4159956198 HELOPAY*HELLOPAY KER.    -ÉRINTŐ,Kimenő,VÁSÁRLÁS KÁRTYÁVAL,3Dye4gBbAdPQSto3WbqgkBu6lrj2,none,,5541929c-ddaf-42db-8895-5b9179bdcc57,4,2024,4,False,2,False,False,15,12,30,3686.5666666666666,60,221194.0,35600.0,200.0,False,,,30.0,0.0,1960.0,3,0.005831984592710471
1590.0,Szórakozás,2024-04-12 00:41:31,2024.04.12 4159956198 HELOPAY*HELLOPAY KER.    -ÉRINTŐ,Kimenő,VÁSÁRLÁS KÁRTYÁVAL,3Dye4gBbAdPQSto3WbqgkBu6lrj2,none,,812e3bb0-90ab-4ff9-b498-f9d6b0887035,4,2024,4,False,2,False,False,15,12,30,3686.5666666666666,60,221194.0,35600.0,200.0,False,,,30.0,0.0,1960.0,3,0.007188260079387325
299.0,Vendéglátás,2024-04-12 12:00:50,2024.04.12 4159956198 ARADI NON-STOP BOLT      -ÉRINTŐ,Kimenő,VÁSÁRLÁS KÁRTYÁVAL,3Dye4gBbAdPQSto3WbqgkBu6lrj2,none,,8a46bdf0-1eb8-41d4-ac00-62fd3b951c12,4,2024,4,False,2,False,False,15,12,30,3686.5666666666666,60,221194.0,35600.0,200.0,False,,,30.0,0.0,871.7619047619048,21,0.001351754568387931
23498.0,Ruházat,2024-04-14 14:12:08,"2024.04.14 4159956198 SHEIN.COM                -GOOGLE 60,030EUR    0,",Kimenő,VÁSÁRLÁS KÁRTYÁVAL,3Dye4gBbAdPQSto3WbqgkBu6lrj2,none,,90e2ef8d-4472-4013-8a4d-b7870a6b1e63,4,2024,6,True,2,False,False,15,14,30,3686.5666666666666,60,221194.0,35600.0,200.0,False,,,30.0,0.0,12698.5,2,0.10623253795310904
3915.0,Bevásárlás,2024-04-14 20:46:18,2024.04.14 4159956198 TESCO 41420 ÖNKISZOLG    -ÉRINTŐ,Kimenő,VÁSÁRLÁS KÁRTYÁVAL,3Dye4gBbAdPQSto3WbqgkBu6lrj2,none,,915c7c36-78b3-4fc7-9ec3-ca31317a4720,4,2024,6,True,2,False,False,15,14,30,3686.5666666666666,60,221194.0,35600.0,200.0,False,,,30.0,0.0,1785.1176470588234,17,0.017699395101132942
360.0,Vendéglátás,2024-04-15 14:51:43,2024.04.15 4159956198 F LEGYH ZI P KS G 71     -ÉRINTŐ,Kimenő,VÁSÁRLÁS KÁRTYÁVAL,3Dye4gBbAdPQSto3WbqgkBu6lrj2,none,,5329ccf0-a4d4-4c29-a24a-95e47b9b4428,4,2024,0,False,2,False,False,16,15,30,3686.5666666666666,60,221194.0,35600.0,200.0,False,,,30.0,0.0,871.7619047619048,21,0.0016275305840122245
259.0,Bevásárlás,2024-04-15 16:53:55,2024.04.15 4159956198 GOODS MARKET             -ÉRINTŐ,Kimenő,VÁSÁRLÁS KÁRTYÁVAL,3Dye4gBbAdPQSto3WbqgkBu6lrj2,none,,a5e79a10-ebb5-4835-aaf8-a5431aeba49c,4,2024,0,False,2,False,False,16,15,30,3686.5666666666666,60,221194.0,35600.0,200.0,False,,,30.0,0.0,1785.1176470588234,17,0.001170917836831017
360.0,Vendéglátás,2024-04-16 08:34:20,2024.04.16 4159956198 F LEGYH ZI P KS G 71     -ÉRINTŐ,Kimenő,VÁSÁRLÁS KÁRTYÁVAL,3Dye4gBbAdPQSto3WbqgkBu6lrj2,none,,e60538d4-5b34-4ec6-8a5f-ba3248e662d0,4,2024,1,False,2,False,False,16,16,30,3686.5666666666666,60,221194.0,35600.0,200.0,False,,,30.0,0.0,871.7619047619048,21,0.0016275305840122245
1250.0,"Egészség, szépség",2024-04-16 09:10:12,2024.04.16 4159956198 SOMOGYI-KONYVTAR         -ÉRINTŐ,Kimenő,VÁSÁRLÁS KÁRTYÁVAL,3Dye4gBbAdPQSto3WbqgkBu6lrj2,none,,7bae5ae4-968d-4afd-a3a0-56db77a9184e,4,2024,1,False,2,False,False,16,16,30,3686.5666666666666,60,221194.0,35600.0,200.0,False,,,30.0,0.0,1250.0,1,0.005651147861153558
1490.0,Vendéglátás,2024-04-17 12:55:02,2024.04.17 4159956198 MCD SZEGED 1.            -ÉRINTŐ,Kimenő,VÁSÁRLÁS KÁRTYÁVAL,3Dye4gBbAdPQSto3WbqgkBu6lrj2,none,,aa58cab7-c049-4ee3-b15f-64818d54253a,4,2024,2,False,2,False,False,16,17,30,3686.5666666666666,60,221194.0,35600.0,200.0,False,,,30.0,0.0,871.7619047619048,21,0.00673616825049504
1890.0,Közlekedés,2024-04-17 14:21:31,2024.04.17 4159956198 OTPMOBL*VIMPAY.MAV-START.,Kimenő,VÁSÁRLÁS KÁRTYÁVAL,3Dye4gBbAdPQSto3WbqgkBu6lrj2,none,,4f344894-d6fd-41ac-8659-dfc250bbe72e,4,2024,2,False,2,False,False,16,17,30,3686.5666666666666,60,221194.0,35600.0,200.0,False,,,30.0,0.0,962.6666666666666,3,0.008544535566064179
300.0,Vendéglátás,2024-04-17 16:54:26,"2024.04.17 4159956198 NYX*ReferenciaCafeKft    -ÉRINTŐ 0,760EUR    0,",Kimenő,VÁSÁRLÁS KÁRTYÁVAL,3Dye4gBbAdPQSto3WbqgkBu6lrj2,none,,95788972-ddbc-4953-a0a5-5dbef64ff975,4,2024,2,False,2,False,False,16,17,30,3686.5666666666666,60,221194.0,35600.0,200.0,False,,,30.0,0.0,871.7619047619048,21,0.0013562754866768539
9320.0,"Számlák, rezsi",2024-04-18 12:22:05,2024.04.18 4159956198 OTPMOBL*NEPTUN.U-SZEGED.H,Kimenő,VÁSÁRLÁS KÁRTYÁVAL,3Dye4gBbAdPQSto3WbqgkBu6lrj2,none,,542297b8-9416-4586-a3cc-0513202b6e42,4,2024,3,False,2,False,False,16,18,30,3686.5666666666666,60,221194.0,35600.0,200.0,False,,,30.0,0.0,7427.833333333333,6,0.042134958452760926
20600.0,"Számlák, rezsi",2024-04-18 12:26:53,2024.04.18 4159956198 OTPMOBL*allianz,Kimenő,VÁSÁRLÁS KÁRTYÁVAL,3Dye4gBbAdPQSto3WbqgkBu6lrj2,none,,19f37883-9c55-4d1f-aaf2-2e0982ac9da3,4,2024,3,False,2,False,False,16,18,30,3686.5666666666666,60,221194.0,35600.0,200.0,False,,,30.0,0.0,7427.833333333333,6,0.09313091675181062
1603.0,Bevásárlás,2024-04-18 13:03:45,2024.04.18 4159956198 TESCO 41420 ÖNKISZOLG    -ÉRINTŐ,Kimenő,VÁSÁRLÁS KÁRTYÁVAL,3Dye4gBbAdPQSto3WbqgkBu6lrj2,none,,81f432a8-eda0-4846-becb-c57ffaa8debc,4,2024,3,False,2,False,False,16,18,30,3686.5666666666666,60,221194.0,35600.0,200.0,False,,,30.0,0.0,1785.1176470588234,17,0.007247032017143322
1118.0,Bevásárlás,2024-04-18 18:21:42,2024.04.18 4159956198 KÁROLYI ABC              -ÉRINTŐ,Kimenő,VÁSÁRLÁS KÁRTYÁVAL,3Dye4gBbAdPQSto3WbqgkBu6lrj2,none,,befff3e3-dcab-4b31-b708-db27447c190d,4,2024,3,False,2,False,False,16,18,30,3686.5666666666666,60,221194.0,35600.0,200.0,False,,,30.0,0.0,1785.1176470588234,17,0.0050543866470157415
499.0,Bevásárlás,2024-04-19 13:02:29,2024.04.19 4159956198 KÁROLYI ABC              -ÉRINTŐ,Kimenő,VÁSÁRLÁS KÁRTYÁVAL,3Dye4gBbAdPQSto3WbqgkBu6lrj2,none,,e8780534-d769-4a57-bc79-eb764d1149f7,4,2024,4,False,2,False,False,16,19,30,3686.5666666666666,60,221194.0,35600.0,200.0,False,,,30.0,0.0,1785.1176470588234,17,0.0022559382261725003
1140.0,Vendéglátás,2024-04-22 07:31:45,"2024.04.22 4159956198 Legenda Bufe             -ÉRINTŐ 2,890EUR    0,",Kimenő,VÁSÁRLÁS KÁRTYÁVAL,3Dye4gBbAdPQSto3WbqgkBu6lrj2,none,,3ea54198-ddac-43ba-b4d4-84031132b230,4,2024,0,False,2,False,False,17,22,30,3686.5666666666666,60,221194.0,35600.0,200.0,False,,,30.0,0.0,871.7619047619048,21,0.005153846849372044
620.0,Vendéglátás,2024-04-23 10:29:14,2024.04.23 4159956198 BURGER KING BÉKÉSCSA     -ÉRINTŐ,Kimenő,VÁSÁRLÁS KÁRTYÁVAL,3Dye4gBbAdPQSto3WbqgkBu6lrj2,none,,0bd93212-fbcf-4a75-a200-d4448ac5b641,4,2024,1,False,2,False,False,17,23,30,3686.5666666666666,60,221194.0,35600.0,200.0,False,,,30.0,0.0,871.7619047619048,21,0.0028029693391321644
690.0,Vendéglátás,2024-04-23 10:34:48,2024.04.23 4159956198 BURGER KING BÉKÉSCSA     -ÉRINTŐ,Kimenő,VÁSÁRLÁS KÁRTYÁVAL,3Dye4gBbAdPQSto3WbqgkBu6lrj2,none,,4245af4c-7626-466f-a4a1-cdfb350196a1,4,2024,1,False,2,False,False,17,23,30,3686.5666666666666,60,221194.0,35600.0,200.0,False,,,30.0,0.0,871.7619047619048,21,0.003119433619356764
510.0,Vendéglátás,2024-04-23 11:44:05,2024.04.23 4159956198 LEGENDA BUFE             -ÉRINTŐ,Kimenő,VÁSÁRLÁS KÁRTYÁVAL,3Dye4gBbAdPQSto3WbqgkBu6lrj2,none,,ebd20558-e43b-4b56-a5a8-831696fee923,4,2024,1,False,2,False,False,17,23,30,3686.5666666666666,60,221194.0,35600.0,200.0,False,,,30.0,0.0,871.7619047619048,21,0.0023056683273506517
499.0,Közlekedés,2024-04-24 09:17:04,2024.04.24 4159956198 BÉKÉSCSABA MÁV           -ÉRINTŐ,Kimenő,VÁSÁRLÁS KÁRTYÁVAL,3Dye4gBbAdPQSto3WbqgkBu6lrj2,none,,e701434c-3739-4d8c-b654-5c7ed0ad268e,4,2024,2,False,2,False,False,17,24,30,3686.5666666666666,60,221194.0,35600.0,200.0,False,,,30.0,0.0,962.6666666666666,3,0.0022559382261725003
1438.0,Bevásárlás,2024-04-24 14:10:30,2024.04.24 4159956198 KÁROLYI ABC              -ÉRINTŐ,Kimenő,VÁSÁRLÁS KÁRTYÁVAL,3Dye4gBbAdPQSto3WbqgkBu6lrj2,none,,e47ecea0-6f89-40c1-91e1-ef259591c7f6,4,2024,2,False,2,False,False,17,24,30,3686.5666666666666,60,221194.0,35600.0,200.0,False,,,30.0,0.0,1785.1176470588234,17,0.006501080499471052
10000.0,Nem kategorizált,2024-04-24 17:18:18,köszönöm,Bejövő,AZONNALI ÁTUTALÁS,3Dye4gBbAdPQSto3WbqgkBu6lrj2,none,,35590536-15e8-48ed-a67d-2dd2107bc449,4,2024,2,False,2,False,False,17,24,30,3686.5666666666666,60,221194.0,35600.0,200.0,False,,,30.0,0.0,21866.666666666668,3,0.04520918288922846
1500.0,"Számlák, rezsi",2024-04-24 19:46:11,"2024.04.24 4159956198 Allstate Protection Pl 3,810EUR    0,",Kimenő,VÁSÁRLÁS KÁRTYÁVAL,3Dye4gBbAdPQSto3WbqgkBu6lrj2,none,,b3a673e8-8284-4e94-a691-1c2f1624b4ad,4,2024,2,False,2,False,False,17,24,30,3686.5666666666666,60,221194.0,35600.0,200.0,False,,,30.0,0.0,7427.833333333333,6,0.006781377433384269
1150.0,Vendéglátás,2024-04-24 20:11:10,2024.04.24 4159956198 Wok n' Go                -ÉRINTŐ,Kimenő,VÁSÁRLÁS KÁRTYÁVAL,3Dye4gBbAdPQSto3WbqgkBu6lrj2,none,,763169d6-83d6-4693-b441-80392362554c,4,2024,2,False,2,False,False,17,24,30,3686.5666666666666,60,221194.0,35600.0,200.0,False,,,30.0,0.0,871.7619047619048,21,0.005199056032261273
3919.0,Bevásárlás,2024-04-24 20:30:47,2024.04.24 4159956198 TESCO 41420 ÖNKISZOLG    -ÉRINTŐ,Kimenő,VÁSÁRLÁS KÁRTYÁVAL,3Dye4gBbAdPQSto3WbqgkBu6lrj2,none,,d9e593dc-1050-43fe-adce-6c0f239ee36c,4,2024,2,False,2,False,False,17,24,30,3686.5666666666666,60,221194.0,35600.0,200.0,False,,,30.0,0.0,1785.1176470588234,17,0.017717478774288635
659.0,Vendéglátás,2024-04-25 07:39:00,2024.04.25 4159956198 MÁV SZEGED BÜFÉ          -ÉRINTŐ,Kimenő,VÁSÁRLÁS KÁRTYÁVAL,3Dye4gBbAdPQSto3WbqgkBu6lrj2,none,,736db6f9-562a-4c72-8ec3-d7f5b18b0a96,4,2024,3,False,2,False,True,17,25,30,3686.5666666666666,60,221194.0,35600.0,200.0,False,,,30.0,0.0,871.7619047619048,21,0.0029792851524001553
1880.0,Bevásárlás,2024-04-25 15:01:14,2024.04.25 4159956198 KOCSMA A PIPASHOZ        -ÉRINTŐ,Kimenő,VÁSÁRLÁS KÁRTYÁVAL,3Dye4gBbAdPQSto3WbqgkBu6lrj2,none,,694415df-281d-4bdc-9fa9-1d7b7df1f74d,4,2024,3,False,2,False,True,17,25,30,3686.5666666666666,60,221194.0,35600.0,200.0,False,,,30.0,0.0,1785.1176470588234,17,0.00849932638317495
200.0,Egyéb,2024-04-25 18:00:36,2024.04.25 4159956198 NYILVÁNOS ILLEMHELY      -ÉRINTŐ,Kimenő,VÁSÁRLÁS KÁRTYÁVAL,3Dye4gBbAdPQSto3WbqgkBu6lrj2,none,,53630580-e3d5-4845-b3ac-757222db2c1a,4,2024,3,False,2,False,True,17,25,30,3686.5666666666666,60,221194.0,35600.0,200.0,False,,,30.0,0.0,380.0,2,0.0009041836577845692
300.0,Vendéglátás,2024-04-25 18:05:56,"2024.04.25 4159956198 NYX*CocaColaHBCMagyaro   -ÉRINTŐ 0,760EUR    0,",Kimenő,VÁSÁRLÁS KÁRTYÁVAL,3Dye4gBbAdPQSto3WbqgkBu6lrj2,none,,6f5559d6-f917-439f-bf69-f7e34e6285e3,4,2024,3,False,2,False,True,17,25,30,3686.5666666666666,60,221194.0,35600.0,200.0,False,,,30.0,0.0,871.7619047619048,21,0.0013562754866768539
349.0,Bevásárlás,2024-04-26 08:55:24,2024.04.26 4159956198 KÁROLYI ABC              -ÉRINTŐ,Kimenő,VÁSÁRLÁS KÁRTYÁVAL,3Dye4gBbAdPQSto3WbqgkBu6lrj2,none,,997e60d1-f458-405b-9efc-8d0efe3703a9,4,2024,4,False,2,False,True,17,26,30,3686.5666666666666,60,221194.0,35600.0,200.0,False,,,30.0,0.0,1785.1176470588234,17,0.0015778004828340731
1899.0,Ruházat,2024-04-26 11:22:11,2024.04.26 4159956198 SWEET PANDA              -ÉRINTŐ,Kimenő,VÁSÁRLÁS KÁRTYÁVAL,3Dye4gBbAdPQSto3WbqgkBu6lrj2,none,,4b6ba057-5c7a-46a3-a439-a334e5e41b16,4,2024,4,False,2,False,True,17,26,30,3686.5666666666666,60,221194.0,35600.0,200.0,False,,,30.0,0.0,12698.5,2,0.008585223830664485
9299.0,Otthon,2024-04-26 12:20:21,2024.04.26 4159956198 MM SZEGED                -ÉRINTŐ,Kimenő,VÁSÁRLÁS KÁRTYÁVAL,3Dye4gBbAdPQSto3WbqgkBu6lrj2,none,,da406cf4-ad83-4107-9139-65ac9b833c7e,4,2024,4,False,2,False,True,17,26,30,3686.5666666666666,60,221194.0,35600.0,200.0,False,,,30.0,0.0,13099.0,2,0.04204001916869354
570.0,Vendéglátás,2024-04-26 15:16:27,2024.04.26 4159956198 Csiga PÚksÚg -Bem utca   -ÉRINTŐ,Kimenő,VÁSÁRLÁS KÁRTYÁVAL,3Dye4gBbAdPQSto3WbqgkBu6lrj2,none,,b3d7b1f7-55d8-450c-9e61-ffbbfbf95aa8,4,2024,4,False,2,False,True,17,26,30,3686.5666666666666,60,221194.0,35600.0,200.0,False,,,30.0,0.0,871.7619047619048,21,0.002576923424686022
659.0,Vendéglátás,2024-04-26 15:23:03,2024.04.26 4159956198 MÁV SZEGED BÜFÉ          -ÉRINTŐ,Kimenő,VÁSÁRLÁS KÁRTYÁVAL,3Dye4gBbAdPQSto3WbqgkBu6lrj2,none,,6c788895-d47c-4531-8ec6-71177f3fab2f,4,2024,4,False,2,False,True,17,26,30,3686.5666666666666,60,221194.0,35600.0,200.0,False,,,30.0,0.0,871.7619047619048,21,0.0029792851524001553
4999.0,Bevásárlás,2024-04-28 10:23:54,2024.04.28 4159956198 ALDI 89.SZ.              -ÉRINTŐ,Kimenő,VÁSÁRLÁS KÁRTYÁVAL,3Dye4gBbAdPQSto3WbqgkBu6lrj2,none,,e2329f0a-080a-4522-993f-abf37d2cb88b,4,2024,6,True,2,False,True,17,28,30,3686.5666666666666,60,221194.0,35600.0,200.0,False,,,30.0,0.0,1785.1176470588234,17,0.022600070526325306
340.0,Vendéglátás,2024-04-29 07:27:16,2024.04.29 4159956198 LEGENDA BUFE             -ÉRINTŐ,Kimenő,VÁSÁRLÁS KÁRTYÁVAL,3Dye4gBbAdPQSto3WbqgkBu6lrj2,none,,07c95095-b3c1-4ce8-b79f-be9357852465,4,2024,0,False,2,False,True,18,29,30,3686.5666666666666,60,221194.0,35600.0,200.0,False,,,30.0,0.0,871.7619047619048,21,0.0015371122182337676
499.0,Közlekedés,2024-04-29 07:29:29,2024.04.29 4159956198 BÉKÉSCSABA MÁV           -ÉRINTŐ,Kimenő,VÁSÁRLÁS KÁRTYÁVAL,3Dye4gBbAdPQSto3WbqgkBu6lrj2,none,,78c3a504-a8eb-4b93-ae4c-8dbe79b36ef1,4,2024,0,False,2,False,True,18,29,30,3686.5666666666666,60,221194.0,35600.0,200.0,False,,,30.0,0.0,962.6666666666666,3,0.0022559382261725003
16899.0,Otthon,2024-04-29 13:17:42,2024.04.29 4159956198 MM SZEGED                -ÉRINTŐ,Kimenő,VÁSÁRLÁS KÁRTYÁVAL,3Dye4gBbAdPQSto3WbqgkBu6lrj2,none,,d2e74c46-ee0b-4165-acbe-8bf6c2a84970,4,2024,0,False,2,False,True,18,29,30,3686.5666666666666,60,221194.0,35600.0,200.0,False,,,30.0,0.0,13099.0,2,0.07639899816450718
499.0,Bevásárlás,2024-04-29 14:57:31,2024.04.29 4159956198 KÁROLYI ABC              -ÉRINTŐ,Kimenő,VÁSÁRLÁS KÁRTYÁVAL,3Dye4gBbAdPQSto3WbqgkBu6lrj2,none,,7908e39a-8db7-4364-a7f1-3791771fbcea,4,2024,0,False,2,False,True,18,29,30,3686.5666666666666,60,221194.0,35600.0,200.0,False,,,30.0,0.0,1785.1176470588234,17,0.0022559382261725003
1700.0,Vendéglátás,2024-04-30 13:32:17,2024.04.30 4159956198 SZOTE  telbąr Kft.       -ÉRINTŐ,Kimenő,VÁSÁRLÁS KÁRTYÁVAL,3Dye4gBbAdPQSto3WbqgkBu6lrj2,none,,998137bb-cf74-48be-abad-593872355c3e,4,2024,1,False,2,False,True,18,30,30,3686.5666666666666,60,221194.0,35600.0,200.0,False,,,30.0,0.0,871.7619047619048,21,0.007685561091168839
3615.0,Bevásárlás,2024-04-30 14:44:36,2024.04.30 4159956198 TESCO 41420 ÖNKISZOLG    -ÉRINTŐ,Kimenő,VÁSÁRLÁS KÁRTYÁVAL,3Dye4gBbAdPQSto3WbqgkBu6lrj2,none,,6eb11522-3a65-45c6-b3de-b1344e887cbf,4,2024,1,False,2,False,True,18,30,30,3686.5666666666666,60,221194.0,35600.0,200.0,False,,,30.0,0.0,1785.1176470588234,17,0.01634311961445609
321.0,Egyéb,2024-05-01 17:01:00,,Kimenő,ESETI MEGBÍZÁSOK KÖLTSÉGE,3Dye4gBbAdPQSto3WbqgkBu6lrj2,none,,944b716d-e4ef-448c-b288-49f3c725554c,5,2024,2,False,2,True,False,18,1,31,4457.650793650793,63,280832.0,35600.0,299.0,False,,,30.0,0.0,2774.0,3,0.001143032133090246
1000.0,Utalás,2024-05-01 17:01:19,Nyami,Kimenő,AZONNALI ÁTUTALÁS,3Dye4gBbAdPQSto3WbqgkBu6lrj2,none,,66835bec-63ae-4121-8b97-991f3e76f9ed,5,2024,2,False,2,True,False,18,1,31,4457.650793650793,63,280832.0,35600.0,299.0,False,,,30.0,0.0,12500.0,2,0.0035608477666362807
1700.0,Bevásárlás,2024-05-01 18:40:57,"2024.05.01 4159956198 SumUp  *Kontyos Borhaz   -ÉRINTŐ 4,350EUR    0,",Kimenő,VÁSÁRLÁS KÁRTYÁVAL,3Dye4gBbAdPQSto3WbqgkBu6lrj2,none,,7be6f8f4-7aab-4e21-91df-a3b267504a36,5,2024,2,False,2,True,False,18,1,31,4457.650793650793,63,280832.0,35600.0,299.0,False,,,30.0,0.0,2654.764705882353,17,0.006053441203281678
24600.0,Szórakozás,2024-05-02 14:09:50,2024.05.02 4159956198 OTPMOBL*ticat,Kimenő,VÁSÁRLÁS KÁRTYÁVAL,3Dye4gBbAdPQSto3WbqgkBu6lrj2,none,,3eb9da3e-e9f1-48c8-9b69-51c9b48f7594,5,2024,3,False,2,True,False,18,2,31,4457.650793650793,63,280832.0,35600.0,299.0,False,,,30.0,0.0,10682.857142857143,7,0.0875968550592525
3504.0,Bevásárlás,2024-05-02 18:34:52,2024.05.02 4159956198 LIDL ÁRUHÁZ 0365.SZ.     -ÉRINTŐ,Kimenő,VÁSÁRLÁS KÁRTYÁVAL,3Dye4gBbAdPQSto3WbqgkBu6lrj2,none,,33191782-4dc9-4827-980d-1add1b844151,5,2024,3,False,2,True,False,18,2,31,4457.650793650793,63,280832.0,35600.0,299.0,False,,,30.0,0.0,2654.764705882353,17,0.012477210574293528
819.0,Vendéglátás,2024-05-03 09:16:44,2024.05.03 4159956198 F LEGYH ZI P KS G 71     -ÉRINTŐ,Kimenő,VÁSÁRLÁS KÁRTYÁVAL,3Dye4gBbAdPQSto3WbqgkBu6lrj2,none,,8bce4da3-15b1-44e6-b472-02ad8a9f7678,5,2024,4,False,2,True,False,18,3,31,4457.650793650793,63,280832.0,35600.0,299.0,False,,,30.0,0.0,1078.9545454545455,22,0.002916334320875114
299.0,Vendéglátás,2024-05-03 11:35:25,2024.05.03 4159956198 ARADI NON-STOP BOLT      -ÉRINTŐ,Kimenő,VÁSÁRLÁS KÁRTYÁVAL,3Dye4gBbAdPQSto3WbqgkBu6lrj2,none,,cc0cd31b-7623-44a3-b28f-d81f0c9360e6,5,2024,4,False,2,True,False,18,3,31,4457.650793650793,63,280832.0,35600.0,299.0,False,,,30.0,0.0,1078.9545454545455,22,0.001064693482224248
570.0,Vendéglátás,2024-05-03 15:30:11,2024.05.03 4159956198 Csiga PÚksÚg -Bem utca   -ÉRINTŐ,Kimenő,VÁSÁRLÁS KÁRTYÁVAL,3Dye4gBbAdPQSto3WbqgkBu6lrj2,none,,82195177-0492-42eb-b928-56f9c8dd8713,5,2024,4,False,2,True,False,18,3,31,4457.650793650793,63,280832.0,35600.0,299.0,False,,,30.0,0.0,1078.9545454545455,22,0.00202968322698268
659.0,Vendéglátás,2024-05-03 15:35:07,2024.05.03 4159956198 MÁV SZEGED BÜFÉ          -ÉRINTŐ,Kimenő,VÁSÁRLÁS KÁRTYÁVAL,3Dye4gBbAdPQSto3WbqgkBu6lrj2,none,,0c7090e2-a122-450b-9c2a-ceb39c9a9653,5,2024,4,False,2,True,False,18,3,31,4457.650793650793,63,280832.0,35600.0,299.0,False,,,30.0,0.0,1078.9545454545455,22,0.002346598678213309
5795.0,Bevásárlás,2024-05-03 19:04:49,2024.05.03 4159956198 TESCO 41026 ÖNKISZOLG    -ÉRINTŐ,Kimenő,VÁSÁRLÁS KÁRTYÁVAL,3Dye4gBbAdPQSto3WbqgkBu6lrj2,none,,3a9f0664-1876-434f-b00f-0977e940b7bb,5,2024,4,False,2,True,False,18,3,31,4457.650793650793,63,280832.0,35600.0,299.0,False,,,30.0,0.0,2654.764705882353,17,0.020635112807657247
321.0,Egyéb,2024-05-04 10:55:00,,Kimenő,ESETI MEGBÍZÁSOK KÖLTSÉGE,3Dye4gBbAdPQSto3WbqgkBu6lrj2,none,,3bb205e3-202b-4472-8341-f9492c2e4a40,5,2024,5,True,2,True,False,18,4,31,4457.650793650793,63,280832.0,35600.0,299.0,False,,,30.0,0.0,2774.0,3,0.001143032133090246
24000.0,Utalás,2024-05-04 10:55:51,DR. KÁSA GYULÁNÉ,Kimenő,ÁTUTALÁS BANKON BELÜL,3Dye4gBbAdPQSto3WbqgkBu6lrj2,none,,06bee429-8899-439c-831f-155dd72e6321,5,2024,5,True,2,True,False,18,4,31,4457.650793650793,63,280832.0,35600.0,299.0,False,,,30.0,0.0,12500.0,2,0.08546034639927073
1498.0,Bevásárlás,2024-05-05 11:26:03,2024.05.05 4159956198 511.COOP ÜZLET           -ÉRINTŐ,Kimenő,VÁSÁRLÁS KÁRTYÁVAL,3Dye4gBbAdPQSto3WbqgkBu6lrj2,none,,61a4aa63-2955-44a6-9de8-04334a4d8af4,5,2024,6,True,2,True,False,18,5,31,4457.650793650793,63,280832.0,35600.0,299.0,False,,,30.0,0.0,2654.764705882353,17,0.005334149954421149
7322.0,Bevásárlás,2024-05-05 11:57:43,2024.05.05 4159956198 TESCO 41026 ÖNKISZOLG    -ÉRINTŐ,Kimenő,VÁSÁRLÁS KÁRTYÁVAL,3Dye4gBbAdPQSto3WbqgkBu6lrj2,none,,5df9efbd-6f9e-4e02-a479-dc30f93c898f,5,2024,6,True,2,True,False,18,5,31,4457.650793650793,63,280832.0,35600.0,299.0,False,,,30.0,0.0,2654.764705882353,17,0.02607252734731085
530.0,Vendéglátás,2024-05-06 07:28:01,"2024.05.06 4159956198 Legenda Bufe             -ÉRINTŐ 1,360EUR    0,",Kimenő,VÁSÁRLÁS KÁRTYÁVAL,3Dye4gBbAdPQSto3WbqgkBu6lrj2,none,,23271c08-5497-4dd1-97d0-323ff0bcb21a,5,2024,0,False,2,False,False,19,6,31,4457.650793650793,63,280832.0,35600.0,299.0,False,,,30.0,0.0,1078.9545454545455,22,0.0018872493163172288
499.0,Közlekedés,2024-05-06 07:30:10,2024.05.06 4159956198 BÉKÉSCSABA MÁV           -ÉRINTŐ,Kimenő,VÁSÁRLÁS KÁRTYÁVAL,3Dye4gBbAdPQSto3WbqgkBu6lrj2,none,,51df5771-f6db-4a14-bb2b-dee9fd56f956,5,2024,0,False,2,False,False,19,6,31,4457.650793650793,63,280832.0,35600.0,299.0,False,,,30.0,0.0,730.8333333333334,6,0.001776863035551504
977.0,Bevásárlás,2024-05-06 15:25:55,2024.05.06 4159956198 TESCO 41420 ÖNKISZOLG    -ÉRINTŐ,Kimenő,VÁSÁRLÁS KÁRTYÁVAL,3Dye4gBbAdPQSto3WbqgkBu6lrj2,none,,8e198190-adf1-4652-aa4d-9795142c00ae,5,2024,0,False,2,False,False,19,6,31,4457.650793650793,63,280832.0,35600.0,299.0,False,,,30.0,0.0,2654.764705882353,17,0.003478948268003646
1317.0,Bevásárlás,2024-05-06 17:24:14,2024.05.06 4159956198 TESCO 41420 ÖNKISZOLG    -ÉRINTŐ,Kimenő,VÁSÁRLÁS KÁRTYÁVAL,3Dye4gBbAdPQSto3WbqgkBu6lrj2,none,,f4195c85-bf3a-4aa1-a078-d977938f539b,5,2024,0,False,2,False,False,19,6,31,4457.650793650793,63,280832.0,35600.0,299.0,False,,,30.0,0.0,2654.764705882353,17,0.004689636508659982
500.0,Vendéglátás,2024-05-07 11:16:27,"2024.05.07 4159956198 NYX*CocaColaHBCMagyaro   -ÉRINTŐ 1,280EUR    0,",Kimenő,VÁSÁRLÁS KÁRTYÁVAL,3Dye4gBbAdPQSto3WbqgkBu6lrj2,none,,68c755ac-57ae-4a2e-a9b5-fbb1352d4e64,5,2024,1,False,2,False,False,19,7,31,4457.650793650793,63,280832.0,35600.0,299.0,False,,,30.0,0.0,1078.9545454545455,22,0.0017804238833181404
1390.0,Vendéglátás,2024-05-07 13:29:29,2024.05.08 4159956198 McDonalds 34800019       -GOOGLE,Kimenő,VÁSÁRLÁS KÁRTYÁVAL,3Dye4gBbAdPQSto3WbqgkBu6lrj2,none,,0400311a-1d41-4c80-a4ba-edae6e42edc8,5,2024,1,False,2,False,False,19,7,31,4457.650793650793,63,280832.0,35600.0,299.0,False,,,30.0,0.0,1078.9545454545455,22,0.00494957839562443
450.0,Bevásárlás,2024-05-07 14:10:28,2024.05.07 4159956198 TOTH SZILVA E.V.         -ÉRINTŐ,Kimenő,VÁSÁRLÁS KÁRTYÁVAL,3Dye4gBbAdPQSto3WbqgkBu6lrj2,none,,226311fb-a51a-493e-a2df-bc71cdff3c7e,5,2024,1,False,2,False,False,19,7,31,4457.650793650793,63,280832.0,35600.0,299.0,False,,,30.0,0.0,2654.764705882353,17,0.0016023814949863264
819.0,Vendéglátás,2024-05-08 07:39:00,2024.05.08 4159956198 F LEGYH ZI P KS G 71     -ÉRINTŐ,Kimenő,VÁSÁRLÁS KÁRTYÁVAL,3Dye4gBbAdPQSto3WbqgkBu6lrj2,none,,d304fc45-57a3-436a-a320-6d2f16251240,5,2024,2,False,2,False,False,19,8,31,4457.650793650793,63,280832.0,35600.0,299.0,False,,,30.0,0.0,1078.9545454545455,22,0.002916334320875114
1490.0,Vendéglátás,2024-05-08 12:27:24,2024.05.08 4159956198 TRÓJA ÉTELBÁR            -ÉRINTŐ,Kimenő,VÁSÁRLÁS KÁRTYÁVAL,3Dye4gBbAdPQSto3WbqgkBu6lrj2,none,,43427595-0bab-4ec1-9108-366db664016b,5,2024,2,False,2,False,False,19,8,31,4457.650793650793,63,280832.0,35600.0,299.0,False,,,30.0,0.0,1078.9545454545455,22,0.005305663172288058
1792.0,Bevásárlás,2024-05-08 13:08:19,2024.05.08 4159956198 KÁROLYI ABC              -ÉRINTŐ,Kimenő,VÁSÁRLÁS KÁRTYÁVAL,3Dye4gBbAdPQSto3WbqgkBu6lrj2,none,,c2f6dc8f-2f7e-4248-a0be-938a6792ef24,5,2024,2,False,2,False,False,19,8,31,4457.650793650793,63,280832.0,35600.0,299.0,False,,,30.0,0.0,2654.764705882353,17,0.006381039197812215
20000.0,Nem kategorizált,2024-05-08 17:38:07,csak ugy,Bejövő,AZONNALI ÁTUTALÁS,3Dye4gBbAdPQSto3WbqgkBu6lrj2,none,,2dee656d-26d9-4b67-87c7-09843fcdd86f,5,2024,2,False,2,False,False,19,8,31,4457.650793650793,63,280832.0,35600.0,299.0,False,,,30.0,0.0,27800.0,2,0.07121695533272561
3137.0,"Számlák, rezsi",2024-05-09 04:05:18,"2024.05.09 4159956198 Netflix.com 7,990EUR  392,5600",Kimenő,VÁSÁRLÁS KÁRTYÁVAL,3Dye4gBbAdPQSto3WbqgkBu6lrj2,none,,3028a0ea-3970-4f33-8a76-78438bc0ccf4,5,2024,3,False,2,False,False,19,9,31,4457.650793650793,63,280832.0,35600.0,299.0,False,,,30.0,0.0,10969.25,4,0.011170379443938012
888.0,Bevásárlás,2024-05-09 09:46:22,2024.05.09 4159956198 KÁROLYI ABC              -ÉRINTŐ,Kimenő,VÁSÁRLÁS KÁRTYÁVAL,3Dye4gBbAdPQSto3WbqgkBu6lrj2,none,,31f68f70-ce8e-4b8f-b6e9-991a07ca1146,5,2024,3,False,2,False,False,19,9,31,4457.650793650793,63,280832.0,35600.0,299.0,False,,,30.0,0.0,2654.764705882353,17,0.0031620328167730172
35600.0,Nem kategorizált,2024-05-09 12:50:00,GIROKOZLEMENY,Bejövő,NAPKÖZBENI ÁTUTALÁS (CSOPORTOS),3Dye4gBbAdPQSto3WbqgkBu6lrj2,none,,6e1bd53f-c96c-40e8-b7e9-a0a54b59ce40,5,2024,3,False,2,False,False,19,9,31,4457.650793650793,63,280832.0,35600.0,299.0,False,,,30.0,0.0,27800.0,2,0.1267661804922516
4540.0,Vendéglátás,2024-05-09 13:25:05,2024.05.09 4159956198 BURGER KING SZEGED ÁR    -ÉRINTŐ,Kimenő,VÁSÁRLÁS KÁRTYÁVAL,3Dye4gBbAdPQSto3WbqgkBu6lrj2,none,,42efc8a2-e740-4666-b994-cf601bff1e25,5,2024,3,False,2,False,False,19,9,31,4457.650793650793,63,280832.0,35600.0,299.0,False,,,30.0,0.0,1078.9545454545455,22,0.016166248860528715
349.0,Bevásárlás,2024-05-10 11:35:15,2024.05.10 4159956198 KÁROLYI ABC              -ÉRINTŐ,Kimenő,VÁSÁRLÁS KÁRTYÁVAL,3Dye4gBbAdPQSto3WbqgkBu6lrj2,none,,60b5e2e1-5799-4630-af5f-c043b0de9865,5,2024,4,False,2,False,False,19,10,31,4457.650793650793,63,280832.0,35600.0,299.0,False,,,30.0,0.0,2654.764705882353,17,0.001242735870556062
570.0,Vendéglátás,2024-05-10 12:48:14,2024.05.10 4159956198 Csiga PÚksÚg -Bem utca   -ÉRINTŐ,Kimenő,VÁSÁRLÁS KÁRTYÁVAL,3Dye4gBbAdPQSto3WbqgkBu6lrj2,none,,6f5457f9-2d60-4c5e-8e4b-02a4587165dc,5,2024,4,False,2,False,False,19,10,31,4457.650793650793,63,280832.0,35600.0,299.0,False,,,30.0,0.0,1078.9545454545455,22,0.00202968322698268
659.0,Vendéglátás,2024-05-10 12:53:47,2024.05.10 4159956198 MÁV SZEGED BÜFÉ          -ÉRINTŐ,Kimenő,VÁSÁRLÁS KÁRTYÁVAL,3Dye4gBbAdPQSto3WbqgkBu6lrj2,none,,235552ef-6eb7-43a9-95bc-a02c3ae88d15,5,2024,4,False,2,False,False,19,10,31,4457.650793650793,63,280832.0,35600.0,299.0,False,,,30.0,0.0,1078.9545454545455,22,0.002346598678213309
340.0,Vendéglátás,2024-05-13 08:16:05,2024.05.13 4159956198 LEGENDA BUFE             -ÉRINTŐ,Kimenő,VÁSÁRLÁS KÁRTYÁVAL,3Dye4gBbAdPQSto3WbqgkBu6lrj2,none,,69bb6553-a625-4168-953e-98b481e1444e,5,2024,0,False,2,False,False,20,13,31,4457.650793650793,63,280832.0,35600.0,299.0,False,,,30.0,0.0,1078.9545454545455,22,0.0012106882406563355
499.0,Közlekedés,2024-05-13 08:18:45,2024.05.13 4159956198 BÉKÉSCSABA MÁV           -ÉRINTŐ,Kimenő,VÁSÁRLÁS KÁRTYÁVAL,3Dye4gBbAdPQSto3WbqgkBu6lrj2,none,,b131597c-5dbf-42ad-9478-ebba4b12554e,5,2024,0,False,2,False,False,20,13,31,4457.650793650793,63,280832.0,35600.0,299.0,False,,,30.0,0.0,730.8333333333334,6,0.001776863035551504
438.0,Bevásárlás,2024-05-13 10:51:58,2024.05.13 4159956198 Goods Market2            -ÉRINTŐ,Kimenő,VÁSÁRLÁS KÁRTYÁVAL,3Dye4gBbAdPQSto3WbqgkBu6lrj2,none,,024cc4f7-1149-4af1-937d-aa1896e13711,5,2024,0,False,2,False,False,20,13,31,4457.650793650793,63,280832.0,35600.0,299.0,False,,,30.0,0.0,2654.764705882353,17,0.001559651321786691
570.0,Vendéglátás,2024-05-13 13:04:46,2024.05.13 4159956198 Csiga PÚksÚg -Bem utca   -ÉRINTŐ,Kimenő,VÁSÁRLÁS KÁRTYÁVAL,3Dye4gBbAdPQSto3WbqgkBu6lrj2,none,,47a0d932-cadd-4595-8ff5-e8b379e773c9,5,2024,0,False,2,False,False,20,13,31,4457.650793650793,63,280832.0,35600.0,299.0,False,,,30.0,0.0,1078.9545454545455,22,0.00202968322698268
659.0,Vendéglátás,2024-05-13 13:09:03,2024.05.13 4159956198 MÁV SZEGED BÜFÉ          -ÉRINTŐ,Kimenő,VÁSÁRLÁS KÁRTYÁVAL,3Dye4gBbAdPQSto3WbqgkBu6lrj2,none,,9d95448b-518c-4b17-9c80-9995be19f192,5,2024,0,False,2,False,False,20,13,31,4457.650793650793,63,280832.0,35600.0,299.0,False,,,30.0,0.0,1078.9545454545455,22,0.002346598678213309
7930.0,Bevásárlás,2024-05-15 08:45:02,2024.05.15 4159956198 TESCO 41026 ÖNKISZOLG    -ÉRINTŐ,Kimenő,VÁSÁRLÁS KÁRTYÁVAL,3Dye4gBbAdPQSto3WbqgkBu6lrj2,none,,a496aef7-2dc6-43e0-bd95-4538a99850ba,5,2024,2,False,2,False,False,20,15,31,4457.650793650793,63,280832.0,35600.0,299.0,False,,,30.0,0.0,2654.764705882353,17,0.028237522789425706
2700.0,Szórakozás,2024-05-15 10:26:15,"2024.05.15 4159956198 EPC*FORTNITE 6,990EUR    0,",Kimenő,VÁSÁRLÁS KÁRTYÁVAL,3Dye4gBbAdPQSto3WbqgkBu6lrj2,none,,4aeded62-efaa-4188-98b4-685e3de18766,5,2024,2,False,2,False,False,20,15,31,4457.650793650793,63,280832.0,35600.0,299.0,False,,,30.0,0.0,10682.857142857143,7,0.009614288969917959
499.0,Közlekedés,2024-05-15 15:21:02,2024.05.15 4159956198 BÉKÉSCSABA MÁV           -ÉRINTŐ,Kimenő,VÁSÁRLÁS KÁRTYÁVAL,3Dye4gBbAdPQSto3WbqgkBu6lrj2,none,,35021280-a8e5-410e-ad7f-32def398e56e,5,2024,2,False,2,False,False,20,15,31,4457.650793650793,63,280832.0,35600.0,299.0,False,,,30.0,0.0,730.8333333333334,6,0.001776863035551504
10440.0,Szórakozás,2024-05-15 16:25:29,2024.05.15 4159956198 OTPMOBL*TIXA.HU,Kimenő,VÁSÁRLÁS KÁRTYÁVAL,3Dye4gBbAdPQSto3WbqgkBu6lrj2,none,,be1f1b40-a49f-4957-b42c-3b59d9421b70,5,2024,2,False,2,False,False,20,15,31,4457.650793650793,63,280832.0,35600.0,299.0,False,,,30.0,0.0,10682.857142857143,7,0.03717525068368277
5197.0,Szórakozás,2024-05-15 16:28:55,2024.05.15 4159956198 OTPMOBL*TIXA.HU,Kimenő,VÁSÁRLÁS KÁRTYÁVAL,3Dye4gBbAdPQSto3WbqgkBu6lrj2,none,,a4122ea4-bf08-4750-9748-fac8ffbfc2e4,5,2024,2,False,2,False,False,20,15,31,4457.650793650793,63,280832.0,35600.0,299.0,False,,,30.0,0.0,10682.857142857143,7,0.01850572584320875
22650.0,Szórakozás,2024-05-15 16:39:42,2024.05.15 4159956198 OTPMOBL*SZIN.ORG,Kimenő,VÁSÁRLÁS KÁRTYÁVAL,3Dye4gBbAdPQSto3WbqgkBu6lrj2,none,,3046ce39-96d1-4031-9cca-ae1b758a96e9,5,2024,2,False,2,False,False,20,15,31,4457.650793650793,63,280832.0,35600.0,299.0,False,,,30.0,0.0,10682.857142857143,7,0.08065320191431176
2190.0,Vendéglátás,2024-05-15 19:47:39,2024.05.15 4159956198 SUBWAY SZEGED            -ÉRINTŐ,Kimenő,VÁSÁRLÁS KÁRTYÁVAL,3Dye4gBbAdPQSto3WbqgkBu6lrj2,none,,92580782-9528-4e83-b4c8-1c2c34d07b43,5,2024,2,False,2,False,False,20,15,31,4457.650793650793,63,280832.0,35600.0,299.0,False,,,30.0,0.0,1078.9545454545455,22,0.007798256608933455
389.0,Bevásárlás,2024-05-16 08:58:52,2024.05.16 4159956198 KÁROLYI ABC              -ÉRINTŐ,Kimenő,VÁSÁRLÁS KÁRTYÁVAL,3Dye4gBbAdPQSto3WbqgkBu6lrj2,none,,376efb46-5f05-4578-b81c-45fa29dd4f12,5,2024,3,False,2,False,False,20,16,31,4457.650793650793,63,280832.0,35600.0,299.0,False,,,30.0,0.0,2654.764705882353,17,0.0013851697812215132
1890.0,Közlekedés,2024-05-17 07:05:28,2024.05.17 4159956198 OTPMOBL*VIMPAY.MAV-STA,Kimenő,VÁSÁRLÁS KÁRTYÁVAL,3Dye4gBbAdPQSto3WbqgkBu6lrj2,none,,1f60da66-bf27-447e-af15-4b98e8e95cc8,5,2024,4,False,2,False,False,20,17,31,4457.650793650793,63,280832.0,35600.0,299.0,False,,,30.0,0.0,730.8333333333334,6,0.006730002278942571
340.0,Vendéglátás,2024-05-17 07:24:41,2024.05.17 4159956198 LEGENDA BUFE             -ÉRINTŐ,Kimenő,VÁSÁRLÁS KÁRTYÁVAL,3Dye4gBbAdPQSto3WbqgkBu6lrj2,none,,c96495a9-1be5-4727-bb75-d4d2f968581c,5,2024,4,False,2,False,False,20,17,31,4457.650793650793,63,280832.0,35600.0,299.0,False,,,30.0,0.0,1078.9545454545455,22,0.0012106882406563355
499.0,Közlekedés,2024-05-17 07:26:35,2024.05.17 4159956198 BÉKÉSCSABA MÁV           -ÉRINTŐ,Kimenő,VÁSÁRLÁS KÁRTYÁVAL,3Dye4gBbAdPQSto3WbqgkBu6lrj2,none,,33bc6cab-7d36-4b01-b4de-3f1592f0a6b2,5,2024,4,False,2,False,False,20,17,31,4457.650793650793,63,280832.0,35600.0,299.0,False,,,30.0,0.0,730.8333333333334,6,0.001776863035551504
570.0,Vendéglátás,2024-05-17 11:52:22,2024.05.17 4159956198 Csiga PÚksÚg -Bem utca   -ÉRINTŐ,Kimenő,VÁSÁRLÁS KÁRTYÁVAL,3Dye4gBbAdPQSto3WbqgkBu6lrj2,none,,1dcbfb17-4e32-4b9d-9ae4-7cf57b0d563b,5,2024,4,False,2,False,False,20,17,31,4457.650793650793,63,280832.0,35600.0,299.0,False,,,30.0,0.0,1078.9545454545455,22,0.00202968322698268
1098.0,Vendéglátás,2024-05-17 11:56:46,2024.05.17 4159956198 MÁV SZEGED BÜFÉ          -ÉRINTŐ,Kimenő,VÁSÁRLÁS KÁRTYÁVAL,3Dye4gBbAdPQSto3WbqgkBu6lrj2,none,,4b8c2edf-39be-4619-8397-36d4bc11ef24,5,2024,4,False,2,False,False,20,17,31,4457.650793650793,63,280832.0,35600.0,299.0,False,,,30.0,0.0,1078.9545454545455,22,0.003909810847766636
445.0,Vendéglátás,2024-05-17 14:24:33,2024.05.17 4159956198 LEGENDA BUFE             -ÉRINTŐ,Kimenő,VÁSÁRLÁS KÁRTYÁVAL,3Dye4gBbAdPQSto3WbqgkBu6lrj2,none,,a5935b83-e321-4582-9158-4135229241b8,5,2024,4,False,2,False,False,20,17,31,4457.650793650793,63,280832.0,35600.0,299.0,False,,,30.0,0.0,1078.9545454545455,22,0.001584577256153145
4198.0,Szórakozás,2024-05-19 13:16:51,"2024.05.20 4159956198 STEAMGAMES.COM 4259522 10,770EUR  389,7900",Kimenő,VÁSÁRLÁS KÁRTYÁVAL,3Dye4gBbAdPQSto3WbqgkBu6lrj2,none,,1268e07f-fca6-48fc-9b9d-633df324ff6b,5,2024,6,True,2,False,False,20,19,31,4457.650793650793,63,280832.0,35600.0,299.0,False,,,30.0,0.0,10682.857142857143,7,0.014948438924339107
850.0,Vendéglátás,2024-05-23 11:18:59,2024.05.23 4159956198 LEGENDA BUFE             -ÉRINTŐ,Kimenő,VÁSÁRLÁS KÁRTYÁVAL,3Dye4gBbAdPQSto3WbqgkBu6lrj2,none,,8d6683cb-3f5c-4dcd-95a9-42cb4e30f5ab,5,2024,3,False,2,False,False,21,23,31,4457.650793650793,63,280832.0,35600.0,299.0,False,,,30.0,0.0,1078.9545454545455,22,0.003026720601640839
499.0,Közlekedés,2024-05-23 11:20:09,2024.05.23 4159956198 BÉKÉSCSABA MÁV           -ÉRINTŐ,Kimenő,VÁSÁRLÁS KÁRTYÁVAL,3Dye4gBbAdPQSto3WbqgkBu6lrj2,none,,3c3c77a9-06c3-4af6-a8fe-f16c516e2cc9,5,2024,3,False,2,False,False,21,23,31,4457.650793650793,63,280832.0,35600.0,299.0,False,,,30.0,0.0,730.8333333333334,6,0.001776863035551504
3830.0,Vendéglátás,2024-05-23 15:09:17,2024.05.23 4159956198 MCD SZEGED 1.            -ÉRINTŐ,Kimenő,VÁSÁRLÁS KÁRTYÁVAL,3Dye4gBbAdPQSto3WbqgkBu6lrj2,none,,b7f12f07-bd45-4482-ad1b-d18a8880c739,5,2024,3,False,2,False,False,21,23,31,4457.650793650793,63,280832.0,35600.0,299.0,False,,,30.0,0.0,1078.9545454545455,22,0.013638046946216955
1653.0,Bevásárlás,2024-05-23 19:42:36,2024.05.23 4159956198 PENNY 9550300188         -ÉRINTŐ,Kimenő,VÁSÁRLÁS KÁRTYÁVAL,3Dye4gBbAdPQSto3WbqgkBu6lrj2,none,,cd31c156-f2f8-4b49-b6d5-c2733e4385fa,5,2024,3,False,2,False,False,21,23,31,4457.650793650793,63,280832.0,35600.0,299.0,False,,,30.0,0.0,2654.764705882353,17,0.005886081358249772
1500.0,"Számlák, rezsi",2024-05-24 19:46:11,"2024.05.24 4159956198 Allstate Protection Pl 3,870EUR    0,",Kimenő,VÁSÁRLÁS KÁRTYÁVAL,3Dye4gBbAdPQSto3WbqgkBu6lrj2,none,,2b19aae3-73fa-41be-a4b7-507d5ecf5d46,5,2024,4,False,2,False,False,21,24,31,4457.650793650793,63,280832.0,35600.0,299.0,False,,,30.0,0.0,10969.25,4,0.005341271649954421
4005.0,Bevásárlás,2024-05-25 18:00:28,2024.05.25 4159956198 NEMZETI DOHÁNYBOLT       -ÉRINTŐ,Kimenő,VÁSÁRLÁS KÁRTYÁVAL,3Dye4gBbAdPQSto3WbqgkBu6lrj2,none,,53d1cfe2-8624-4f5d-bfc8-f2e9edaec24d,5,2024,5,True,2,False,False,21,25,31,4457.650793650793,63,280832.0,35600.0,299.0,False,,,30.0,0.0,2654.764705882353,17,0.014261195305378305
5124.0,Bevásárlás,2024-05-27 11:18:02,2024.05.27 4159956198 PENNY 9550300684         -ÉRINTŐ,Kimenő,VÁSÁRLÁS KÁRTYÁVAL,3Dye4gBbAdPQSto3WbqgkBu6lrj2,none,,85e228e7-4dbe-44f6-85cd-43d449088d1e,5,2024,0,False,2,False,True,22,27,31,4457.650793650793,63,280832.0,35600.0,299.0,False,,,30.0,0.0,2654.764705882353,17,0.018245783956244304
18640.0,"Számlák, rezsi",2024-05-27 15:11:23,2024.05.27 4159956198 OTPMOBL*NEPTUN.U-SZEGE,Kimenő,VÁSÁRLÁS KÁRTYÁVAL,3Dye4gBbAdPQSto3WbqgkBu6lrj2,none,,dee9b0a9-c5b8-48b2-91bd-6cbfae0c5529,5,2024,0,False,2,False,True,22,27,31,4457.650793650793,63,280832.0,35600.0,299.0,False,,,30.0,0.0,10969.25,4,0.06637420237010028
20600.0,"Számlák, rezsi",2024-05-27 15:13:18,2024.05.27 4159956198 OTPMOBL*allianz,Kimenő,VÁSÁRLÁS KÁRTYÁVAL,3Dye4gBbAdPQSto3WbqgkBu6lrj2,none,,1c36a13e-0e91-4cba-985b-eb38648553d9,5,2024,0,False,2,False,True,22,27,31,4457.650793650793,63,280832.0,35600.0,299.0,False,,,30.0,0.0,10969.25,4,0.07335346399270738
4995.0,Szórakozás,2024-05-29 10:29:57,"2024.05.29 4159956198 GOOGLE *Google Play Ap 13,010EUR    0,",Kimenő,VÁSÁRLÁS KÁRTYÁVAL,3Dye4gBbAdPQSto3WbqgkBu6lrj2,none,,79aac311-9d50-47a3-b8b4-1c78b80731c1,5,2024,2,False,2,False,True,22,29,31,4457.650793650793,63,280832.0,35600.0,299.0,False,,,30.0,0.0,10682.857142857143,7,0.017786434594348224
7680.0,Egyéb,2024-05-30 18:26:23,2024.05.30 4159956198 BARIONP*BARION.COM/GUE,Kimenő,VÁSÁRLÁS KÁRTYÁVAL,3Dye4gBbAdPQSto3WbqgkBu6lrj2,none,,c8e85a4e-ef09-430c-a40e-b98ea819b3b0,5,2024,3,False,2,False,True,22,30,31,4457.650793650793,63,280832.0,35600.0,299.0,False,,,30.0,0.0,2774.0,3,0.027347310847766638
3998.0,Szórakozás,2024-06-01 12:39:37,"2024.06.01 4159956198 EPC*EPIC GAMES STORE 10,270EUR    0,",Kimenő,VÁSÁRLÁS KÁRTYÁVAL,3Dye4gBbAdPQSto3WbqgkBu6lrj2,none,,1194081e-e6b8-4784-a81a-27ee436ac579,6,2024,5,True,2,True,False,22,1,30,9420.701754385966,57,536980.0,187594.0,143.0,False,,,30.0,0.0,1943.6,5,0.007445342470855525
2426.0,Bevásárlás,2024-06-01 14:25:49,2024.06.01 4159956198 511.COOP ÜZLET           -ÉRINTŐ,Kimenő,VÁSÁRLÁS KÁRTYÁVAL,3Dye4gBbAdPQSto3WbqgkBu6lrj2,none,,51ca4c3a-cf36-41d6-97d7-970d70e4d0e0,6,2024,5,True,2,True,False,22,1,30,9420.701754385966,57,536980.0,187594.0,143.0,False,,,30.0,0.0,1122.611111111111,18,0.0045178591381429475
10002.0,Közlekedés,2024-06-01 17:18:23,2024.06.01 4159956198 SHELL TÖLTŐÁLL. 004      -ÉRINTŐ,Kimenő,VÁSÁRLÁS KÁRTYÁVAL,3Dye4gBbAdPQSto3WbqgkBu6lrj2,none,,cfb26d24-462b-46e6-8d58-970e1d28ed75,6,2024,5,True,2,True,False,22,1,30,9420.701754385966,57,536980.0,187594.0,143.0,False,,,30.0,0.0,22331.5,6,0.01862639204439644
637.0,Bevásárlás,2024-06-01 19:21:18,"2024.06.01 4159956198 Minigo Aruhaz            -ÉRINTŐ 1,640EUR    0,",Kimenő,VÁSÁRLÁS KÁRTYÁVAL,3Dye4gBbAdPQSto3WbqgkBu6lrj2,none,,c822a8f1-cc69-4bb1-bbe0-02c143df4768,6,2024,5,True,2,True,False,22,1,30,9420.701754385966,57,536980.0,187594.0,143.0,False,,,30.0,0.0,1122.611111111111,18,0.0011862639204439644
399.0,Bevásárlás,2024-06-04 10:29:16,2024.06.04 4159956198 511.COOP ÜZLET           -ÉRINTŐ,Kimenő,VÁSÁRLÁS KÁRTYÁVAL,3Dye4gBbAdPQSto3WbqgkBu6lrj2,none,,e13471cf-4cf2-49c0-9d10-a90dbac8d807,6,2024,1,False,2,True,False,23,4,30,9420.701754385966,57,536980.0,187594.0,143.0,False,,,30.0,0.0,1122.611111111111,18,0.000743044433684681
121255.0,Közlekedés,2024-06-04 16:05:12,"2024.06.04 4159956198 OMIO 310,210EUR    0,",Kimenő,VÁSÁRLÁS KÁRTYÁVAL,3Dye4gBbAdPQSto3WbqgkBu6lrj2,none,,9e3161ce-f648-4d1e-a5cf-b0a0e61b0ba2,6,2024,1,False,2,True,False,23,4,30,9420.701754385966,57,536980.0,187594.0,143.0,False,,,30.0,0.0,22331.5,6,0.13806386351302935
321.0,Egyéb,2024-06-04 19:20:00,,Kimenő,ESETI MEGBÍZÁSOK KÖLTSÉGE,3Dye4gBbAdPQSto3WbqgkBu6lrj2,none,,2a2c0015-6fd1-413b-ba99-384b613eacdb,6,2024,1,False,2,True,False,23,4,30,9420.701754385966,57,536980.0,187594.0,143.0,False,,,30.0,0.0,321.0,2,0.0005977876270997057
21000.0,Utalás,2024-06-04 19:20:30,Dr. Kása Gyuláné,Kimenő,ÁTUTALÁS BANKON BELÜL,3Dye4gBbAdPQSto3WbqgkBu6lrj2,none,,4319caa5-2944-44c5-b99f-b06ad4663c6f,6,2024,1,False,2,True,False,23,4,30,9420.701754385966,57,536980.0,187594.0,143.0,False,,,30.0,0.0,16739.0,7,0.03910760177287795
340.0,Vendéglátás,2024-06-06 07:28:27,"2024.06.06 4159956198 Legenda Bufe             -ÉRINTŐ 0,870EUR    0,",Kimenő,VÁSÁRLÁS KÁRTYÁVAL,3Dye4gBbAdPQSto3WbqgkBu6lrj2,none,,81e25544-2364-4219-894f-87251ecbc08d,6,2024,3,False,2,False,False,23,6,30,9420.701754385966,57,536980.0,187594.0,143.0,False,,,30.0,0.0,972.8571428571429,14,0.0006331706953704049
499.0,Közlekedés,2024-06-06 07:30:34,2024.06.06 4159956198 BÉKÉSCSABA MÁV           -ÉRINTŐ,Kimenő,VÁSÁRLÁS KÁRTYÁVAL,3Dye4gBbAdPQSto3WbqgkBu6lrj2,none,,0b860635-9488-4019-b2c3-65e03d689d1b,6,2024,3,False,2,False,False,23,6,30,9420.701754385966,57,536980.0,187594.0,143.0,False,,,30.0,0.0,22331.5,6,0.0009292711087936236
1199.0,Bevásárlás,2024-06-06 16:33:39,2024.06.06 4159956198 XIN PARK ARUHAZ          -ÉRINTŐ,Kimenő,VÁSÁRLÁS KÁRTYÁVAL,3Dye4gBbAdPQSto3WbqgkBu6lrj2,none,,9e010323-8da1-4e01-9949-5443039544da,6,2024,3,False,2,False,False,23,6,30,9420.701754385966,57,536980.0,187594.0,143.0,False,,,30.0,0.0,1122.611111111111,18,0.002232857834556222
4788.0,Bevásárlás,2024-06-06 16:50:48,2024.06.06 4159956198 LIDL ÁRUHÁZ 0365.SZ.     -ÉRINTŐ,Kimenő,VÁSÁRLÁS KÁRTYÁVAL,3Dye4gBbAdPQSto3WbqgkBu6lrj2,none,,f68c3e0f-13b5-4fa4-a503-dfa497acaa55,6,2024,3,False,2,False,False,23,6,30,9420.701754385966,57,536980.0,187594.0,143.0,False,,,30.0,0.0,1122.611111111111,18,0.008916533204216173
229.0,Bevásárlás,2024-06-08 13:49:20,2024.06.08 4159956198 JAN-KER 14. DISZKONT     -ÉRINTŐ,Kimenő,VÁSÁRLÁS KÁRTYÁVAL,3Dye4gBbAdPQSto3WbqgkBu6lrj2,none,,4755f676-3bea-419b-ad59-637c8098abdb,6,2024,5,True,2,False,False,23,8,30,9420.701754385966,57,536980.0,187594.0,143.0,False,,,30.0,0.0,1122.611111111111,18,0.00042645908599947855
3147.0,"Számlák, rezsi",2024-06-09 05:04:16,"2024.06.09 4159956198 NETFLIX.COM 7,990EUR  393,8600",Kimenő,VÁSÁRLÁS KÁRTYÁVAL,3Dye4gBbAdPQSto3WbqgkBu6lrj2,none,,b7095f62-a417-47b3-a0d6-b801962ee2e1,6,2024,6,True,2,False,False,23,9,30,9420.701754385966,57,536980.0,187594.0,143.0,False,,,30.0,0.0,3147.0,1,0.005860553465678424
35600.0,Nem kategorizált,2024-06-10 14:49:00,GIROKOZLEMENY,Bejövő,NAPKÖZBENI ÁTUTALÁS (CSOPORTOS),3Dye4gBbAdPQSto3WbqgkBu6lrj2,none,,e22cdd06-31be-4f1d-bb18-9e129588c9ad,6,2024,0,False,2,False,False,24,10,30,9420.701754385966,57,536980.0,187594.0,143.0,False,,,30.0,0.0,22800.0,2,0.06629669633878357
239.0,Bevásárlás,2024-06-11 11:08:05,2024.06.11 4159956198 JAN-KER 14. DISZKONT     -ÉRINTŐ,Kimenő,VÁSÁRLÁS KÁRTYÁVAL,3Dye4gBbAdPQSto3WbqgkBu6lrj2,none,,1ee1f469-ab7c-4242-9ceb-93f37a9eba26,6,2024,1,False,2,False,False,24,11,30,9420.701754385966,57,536980.0,187594.0,143.0,False,,,30.0,0.0,1122.611111111111,18,0.0004450817535103728
589.0,Bevásárlás,2024-06-11 12:29:20,2024.06.11 4159956198 SPAR 621. SZ.            -ÉRINTŐ,Kimenő,VÁSÁRLÁS KÁRTYÁVAL,3Dye4gBbAdPQSto3WbqgkBu6lrj2,none,,3f2ebe13-4477-4b5b-b4e6-89204d9d0840,6,2024,1,False,2,False,False,24,11,30,9420.701754385966,57,536980.0,187594.0,143.0,False,,,30.0,0.0,1122.611111111111,18,0.0010968751163916719
725.0,Vendéglátás,2024-06-12 07:33:04,2024.06.12 4159956198 LEGENDA BUFE             -ÉRINTŐ,Kimenő,VÁSÁRLÁS KÁRTYÁVAL,3Dye4gBbAdPQSto3WbqgkBu6lrj2,none,,c1d47908-c6a0-46cd-90c8-318fa8293a0c,6,2024,2,False,2,False,False,24,12,30,9420.701754385966,57,536980.0,187594.0,143.0,False,,,30.0,0.0,972.8571428571429,14,0.0013501433945398338
270.0,Vendéglátás,2024-06-12 12:31:42,"2024.06.12 4159956198 NYX*AloisDallmayrAutom   -ÉRINTŐ 0,690EUR    0,",Kimenő,VÁSÁRLÁS KÁRTYÁVAL,3Dye4gBbAdPQSto3WbqgkBu6lrj2,none,,16bea75b-f5a3-4b63-b9de-2d51ad6aa060,6,2024,2,False,2,False,False,24,12,30,9420.701754385966,57,536980.0,187594.0,143.0,False,,,30.0,0.0,972.8571428571429,14,0.000502812022794145
725.0,Vendéglátás,2024-06-13 07:27:24,2024.06.13 4159956198 LEGENDA BUFE             -ÉRINTŐ,Kimenő,VÁSÁRLÁS KÁRTYÁVAL,3Dye4gBbAdPQSto3WbqgkBu6lrj2,none,,6ef133df-2ea6-4e61-840d-71b6bd1bc143,6,2024,3,False,2,False,False,24,13,30,9420.701754385966,57,536980.0,187594.0,143.0,False,,,30.0,0.0,972.8571428571429,14,0.0013501433945398338
570.0,Vendéglátás,2024-06-13 11:47:38,2024.06.13 4159956198 Csiga PÚksÚg -Bem utca   -ÉRINTŐ,Kimenő,VÁSÁRLÁS KÁRTYÁVAL,3Dye4gBbAdPQSto3WbqgkBu6lrj2,none,,611abdf2-4091-4dc5-ab7a-cb5852b8cc6b,6,2024,3,False,2,False,False,24,13,30,9420.701754385966,57,536980.0,187594.0,143.0,False,,,30.0,0.0,972.8571428571429,14,0.001061492048120973
5290.0,"Egészség, szépség",2024-06-13 21:20:19,2024.06.13 4159956198 OTPMOBL*KIGYOPATIKA.HU,Kimenő,VÁSÁRLÁS KÁRTYÁVAL,3Dye4gBbAdPQSto3WbqgkBu6lrj2,none,,bc48a47f-6778-4be1-b17b-a7d7ea591dbf,6,2024,3,False,2,False,False,24,13,30,9420.701754385966,57,536980.0,187594.0,143.0,False,,,30.0,0.0,5290.0,1,0.009851391113263063
1069.0,Bevásárlás,2024-06-14 12:36:22,2024.06.14 4159956198 NEMZETI DOHÁNYBOLT       -ÉRINTŐ,Kimenő,VÁSÁRLÁS KÁRTYÁVAL,3Dye4gBbAdPQSto3WbqgkBu6lrj2,none,,e4d879f2-f0dd-4de6-8abf-9d808580962a,6,2024,4,False,2,False,False,24,14,30,9420.701754385966,57,536980.0,187594.0,143.0,False,,,30.0,0.0,1122.611111111111,18,0.0019907631569145963
143.0,Közlekedés,2024-06-14 15:35:02,2024.06.14 4159956198 SIMPLE MOBILJEGY,Kimenő,VÁSÁRLÁS KÁRTYÁVAL,3Dye4gBbAdPQSto3WbqgkBu6lrj2,none,,389bb070-94f5-4c8a-bd4b-d8ba78d4e42b,6,2024,4,False,2,False,False,24,14,30,9420.701754385966,57,536980.0,187594.0,143.0,False,,,30.0,0.0,22331.5,6,0.0002663041454057879
1550.0,Vendéglátás,2024-06-14 18:57:11,2024.06.14 4159956198 Grill Team Rendezveny    -ÉRINTŐ,Kimenő,VÁSÁRLÁS KÁRTYÁVAL,3Dye4gBbAdPQSto3WbqgkBu6lrj2,none,,1ecb2462-f435-424b-acee-05c1fe2a297f,6,2024,4,False,2,False,False,24,14,30,9420.701754385966,57,536980.0,187594.0,143.0,False,,,30.0,0.0,972.8571428571429,14,0.0028865134641886106
2720.0,Szórakozás,2024-06-14 19:11:37,"2024.06.14 4159956198 Krimo                    -ÉRINTŐ 6,870EUR    0,",Kimenő,VÁSÁRLÁS KÁRTYÁVAL,3Dye4gBbAdPQSto3WbqgkBu6lrj2,none,,2d24aa0c-b198-45b1-9ebd-e1528d4a609f,6,2024,4,False,2,False,False,24,14,30,9420.701754385966,57,536980.0,187594.0,143.0,False,,,30.0,0.0,1943.6,5,0.005065365562963239
980.0,Szórakozás,2024-06-14 19:47:50,"2024.06.14 4159956198 Krimo                    -ÉRINTŐ 2,480EUR    0,",Kimenő,VÁSÁRLÁS KÁRTYÁVAL,3Dye4gBbAdPQSto3WbqgkBu6lrj2,none,,94598434-6c75-4461-8cbf-7de3ff68f3c4,6,2024,4,False,2,False,False,24,14,30,9420.701754385966,57,536980.0,187594.0,143.0,False,,,30.0,0.0,1943.6,5,0.0018250214160676376
1340.0,Szórakozás,2024-06-14 20:38:41,"2024.06.14 4159956198 Krimo                    -ÉRINTŐ 3,390EUR    0,",Kimenő,VÁSÁRLÁS KÁRTYÁVAL,3Dye4gBbAdPQSto3WbqgkBu6lrj2,none,,6ca2d545-e43b-4893-a602-780b2ed449b8,6,2024,4,False,2,False,False,24,14,30,9420.701754385966,57,536980.0,187594.0,143.0,False,,,30.0,0.0,1943.6,5,0.002495437446459831
680.0,Szórakozás,2024-06-14 22:47:03,"2024.06.14 4159956198 Krimo                    -ÉRINTŐ 1,710EUR    0,",Kimenő,VÁSÁRLÁS KÁRTYÁVAL,3Dye4gBbAdPQSto3WbqgkBu6lrj2,none,,365dbfcb-e060-4e95-abe6-984b4ad0f1d3,6,2024,4,False,2,False,False,24,14,30,9420.701754385966,57,536980.0,187594.0,143.0,False,,,30.0,0.0,1943.6,5,0.0012663413907408098
1690.0,Vendéglátás,2024-06-15 11:05:19,2024.06.15 4159956198 DOCK CAFÉ                -ÉRINTŐ,Kimenő,VÁSÁRLÁS KÁRTYÁVAL,3Dye4gBbAdPQSto3WbqgkBu6lrj2,none,,1f4ba33b-f9e9-4da5-a566-fb0919b1f963,6,2024,5,True,2,False,False,24,15,30,9420.701754385966,57,536980.0,187594.0,143.0,False,,,30.0,0.0,972.8571428571429,14,0.00314723080934113
329.0,Bevásárlás,2024-06-15 15:22:28,2024.06.15 4159956198 PENNY 9550300188         -ÉRINTŐ,Kimenő,VÁSÁRLÁS KÁRTYÁVAL,3Dye4gBbAdPQSto3WbqgkBu6lrj2,none,,241b3b1d-04f4-4f6b-9726-6abd854c0b47,6,2024,5,True,2,False,False,24,15,30,9420.701754385966,57,536980.0,187594.0,143.0,False,,,30.0,0.0,1122.611111111111,18,0.0006126857611084212
1890.0,Közlekedés,2024-06-18 10:27:32,2024.06.18 4159956198 OTPMOBL*VIMPAY.MAV-STA,Kimenő,VÁSÁRLÁS KÁRTYÁVAL,3Dye4gBbAdPQSto3WbqgkBu6lrj2,none,,e91b7304-bee1-4d2e-9c62-03e658af27e6,6,2024,1,False,2,False,False,25,18,30,9420.701754385966,57,536980.0,187594.0,143.0,False,,,30.0,0.0,22331.5,6,0.0035196841595590152
725.0,Vendéglátás,2024-06-19 07:24:24,2024.06.19 4159956198 LEGENDA BUFE             -ÉRINTŐ,Kimenő,VÁSÁRLÁS KÁRTYÁVAL,3Dye4gBbAdPQSto3WbqgkBu6lrj2,none,,db63f568-44fb-437d-a5a6-efa1541645e5,6,2024,2,False,2,False,False,25,19,30,9420.701754385966,57,536980.0,187594.0,143.0,False,,,30.0,0.0,972.8571428571429,14,0.0013501433945398338
4023.0,Bevásárlás,2024-06-19 13:53:12,2024.06.19 4159956198 TESCO 41420 ÖNKISZOLG    -ÉRINTŐ,Kimenő,VÁSÁRLÁS KÁRTYÁVAL,3Dye4gBbAdPQSto3WbqgkBu6lrj2,none,,b37bac1e-dee9-496b-ae30-7a5a5987218f,6,2024,2,False,2,False,False,25,19,30,9420.701754385966,57,536980.0,187594.0,143.0,False,,,30.0,0.0,1122.611111111111,18,0.007491899139632761
810.0,Bevásárlás,2024-06-20 10:58:32,2024.06.20 4159956198 TESCO 41420 ÖNKISZOLG    -ÉRINTŐ,Kimenő,VÁSÁRLÁS KÁRTYÁVAL,3Dye4gBbAdPQSto3WbqgkBu6lrj2,none,,ef4c51b7-0862-4b7b-aef8-31953a930676,6,2024,3,False,2,False,False,25,20,30,9420.701754385966,57,536980.0,187594.0,143.0,False,,,30.0,0.0,1122.611111111111,18,0.001508436068382435
5000.0,Utalás,2024-06-20 16:56:52,"2024.06.20 4159956198 Revolut**1567* 12,650EUR    0,",Kimenő,VÁSÁRLÁS KÁRTYÁVAL,3Dye4gBbAdPQSto3WbqgkBu6lrj2,none,,77f27d99-bb2a-459e-8e14-39239c693c20,6,2024,3,False,2,False,False,25,20,30,9420.701754385966,57,536980.0,187594.0,143.0,False,,,30.0,0.0,16739.0,7,0.00931133375544713
996.0,Bevásárlás,2024-06-20 17:34:26,2024.06.20 4159956198 TESCO 41420 ÖNKISZOLG    -ÉRINTŐ,Kimenő,VÁSÁRLÁS KÁRTYÁVAL,3Dye4gBbAdPQSto3WbqgkBu6lrj2,none,,dd2ce390-31c3-42c2-96b0-ddda24db7c05,6,2024,3,False,2,False,False,25,20,30,9420.701754385966,57,536980.0,187594.0,143.0,False,,,30.0,0.0,1122.611111111111,18,0.0018548176840850682
359.0,Bevásárlás,2024-06-20 17:57:18,2024.06.20 4159956198 Goods Market2            -ÉRINTŐ,Kimenő,VÁSÁRLÁS KÁRTYÁVAL,3Dye4gBbAdPQSto3WbqgkBu6lrj2,none,,11d1246c-617f-4100-9ab8-3d68b5b547d1,6,2024,3,False,2,False,False,25,20,30,9420.701754385966,57,536980.0,187594.0,143.0,False,,,30.0,0.0,1122.611111111111,18,0.0006685537636411039
440.0,Vendéglátás,2024-06-21 11:47:30,2024.06.21 4159956198 ARADI NON-STOP BOLT      -ÉRINTŐ,Kimenő,VÁSÁRLÁS KÁRTYÁVAL,3Dye4gBbAdPQSto3WbqgkBu6lrj2,none,,d1e26b94-6fd5-4ca9-bedc-5689b894b654,6,2024,4,False,2,False,False,25,21,30,9420.701754385966,57,536980.0,187594.0,143.0,False,,,30.0,0.0,972.8571428571429,14,0.0008193973704793474
1850.0,Vendéglátás,2024-06-21 19:54:43,"2024.06.21 4159956198 HIDFO                    -ÉRINTŐ 4,670EUR    0,",Kimenő,VÁSÁRLÁS KÁRTYÁVAL,3Dye4gBbAdPQSto3WbqgkBu6lrj2,none,,4a163313-a3be-4f2a-b898-9d6e1cd88354,6,2024,4,False,2,False,False,25,21,30,9420.701754385966,57,536980.0,187594.0,143.0,False,,,30.0,0.0,972.8571428571429,14,0.003445193489515438
329.0,Bevásárlás,2024-06-24 11:04:10,2024.06.24 4159956198 PENNY 9550300188         -ÉRINTŐ,Kimenő,VÁSÁRLÁS KÁRTYÁVAL,3Dye4gBbAdPQSto3WbqgkBu6lrj2,none,,d4ee01a1-f743-432d-b805-86f3be4912e8,6,2024,0,False,2,False,False,26,24,30,9420.701754385966,57,536980.0,187594.0,143.0,False,,,30.0,0.0,1122.611111111111,18,0.0006126857611084212
399.0,Bevásárlás,2024-06-24 14:07:51,2024.06.24 4159956198 ALDI 122.SZ.             -ÉRINTŐ,Kimenő,VÁSÁRLÁS KÁRTYÁVAL,3Dye4gBbAdPQSto3WbqgkBu6lrj2,none,,d59fe258-da44-4468-b55d-3095d58b1c36,6,2024,0,False,2,False,False,26,24,30,9420.701754385966,57,536980.0,187594.0,143.0,False,,,30.0,0.0,1122.611111111111,18,0.000743044433684681
360.0,Vendéglátás,2024-06-24 16:10:51,"2024.06.24 4159956198 NYX*AloisDallmayrAutom   -ÉRINTŐ 0,910EUR    0,",Kimenő,VÁSÁRLÁS KÁRTYÁVAL,3Dye4gBbAdPQSto3WbqgkBu6lrj2,none,,31b53d12-9ce8-45e0-9d3a-9592e892636c,6,2024,0,False,2,False,False,26,24,30,9420.701754385966,57,536980.0,187594.0,143.0,False,,,30.0,0.0,972.8571428571429,14,0.0006704160303921934
1065.0,Vendéglátás,2024-06-25 07:29:42,2024.06.25 4159956198 LEGENDA BUFE             -ÉRINTŐ,Kimenő,VÁSÁRLÁS KÁRTYÁVAL,3Dye4gBbAdPQSto3WbqgkBu6lrj2,none,,61499a18-4c60-46e8-8a56-8bb1fd7efa3d,6,2024,1,False,2,False,True,26,25,30,9420.701754385966,57,536980.0,187594.0,143.0,False,,,30.0,0.0,972.8571428571429,14,0.001983314089910239
900.0,Utalás,2024-06-25 12:24:12,"2024.06.25 4159956198 REVOLUT*Bence Varga      -MONEYS 2,270EUR    0,",Bejövő,BANKKÁRTYÁK KÖZÖTTI UTALÁS,3Dye4gBbAdPQSto3WbqgkBu6lrj2,none,,d8076102-e594-4afe-8c3e-7d95dda90e61,6,2024,1,False,2,False,True,26,25,30,9420.701754385966,57,536980.0,187594.0,143.0,False,,,30.0,0.0,16739.0,7,0.0016760400759804834
1190.0,Vendéglátás,2024-06-25 14:13:38,"2024.06.25 4159956198 Legenda Bufe             -ÉRINTŐ 3,010EUR    0,",Kimenő,VÁSÁRLÁS KÁRTYÁVAL,3Dye4gBbAdPQSto3WbqgkBu6lrj2,none,,1b27a8e6-204f-4e44-9c26-230917bd0023,6,2024,1,False,2,False,True,26,25,30,9420.701754385966,57,536980.0,187594.0,143.0,False,,,30.0,0.0,972.8571428571429,14,0.002216097433796417
20000.0,Utalás,2024-06-25 22:00:52,,Kimenő,AZONNALI ÁTUTALÁS,3Dye4gBbAdPQSto3WbqgkBu6lrj2,none,,01dd47e2-728f-4bed-9b79-64e4b9df9e2f,6,2024,1,False,2,False,True,26,25,30,9420.701754385966,57,536980.0,187594.0,143.0,False,,,30.0,0.0,16739.0,7,0.03724533502178852
321.0,Egyéb,2024-06-26 00:46:00,,Kimenő,ESETI MEGBÍZÁSOK KÖLTSÉGE,3Dye4gBbAdPQSto3WbqgkBu6lrj2,none,,5278c444-359c-4899-9d80-76930fb20037,6,2024,2,False,2,False,True,26,26,30,9420.701754385966,57,536980.0,187594.0,143.0,False,,,30.0,0.0,321.0,2,0.0005977876270997057
938.0,Bevásárlás,2024-06-26 13:11:50,2024.06.26 4159956198 SPAR 621. SZ.            -ÉRINTŐ,Kimenő,VÁSÁRLÁS KÁRTYÁVAL,3Dye4gBbAdPQSto3WbqgkBu6lrj2,none,,fea80fdb-a66e-4288-a6e3-411ae126ab29,6,2024,2,False,2,False,True,26,26,30,9420.701754385966,57,536980.0,187594.0,143.0,False,,,30.0,0.0,1122.611111111111,18,0.0017468062125218817
200.0,Közlekedés,2024-06-26 13:15:29,2024.06.26 4159956198 CSABA CENTER             -ÉRINTŐ,Kimenő,VÁSÁRLÁS KÁRTYÁVAL,3Dye4gBbAdPQSto3WbqgkBu6lrj2,none,,65fec803-2565-40c3-bc97-b77a10faa53a,6,2024,2,False,2,False,True,26,26,30,9420.701754385966,57,536980.0,187594.0,143.0,False,,,30.0,0.0,22331.5,6,0.0003724533502178852
2120.0,Vendéglátás,2024-06-26 18:30:49,2024.06.26 4159956198 BURGER KING VÁMHÁZ       -ÉRINTŐ,Kimenő,VÁSÁRLÁS KÁRTYÁVAL,3Dye4gBbAdPQSto3WbqgkBu6lrj2,none,,38a86a12-d09c-4b51-90a9-263f402fc6ec,6,2024,2,False,2,False,True,26,26,30,9420.701754385966,57,536980.0,187594.0,143.0,False,,,30.0,0.0,972.8571428571429,14,0.003948005512309583
50000.0,Utalás,2024-06-27 06:27:56,"2024.06.26 4159956198 REVOLUT*Bence Varga      -MONEYS 126,250EUR    0,",Bejövő,BANKKÁRTYÁK KÖZÖTTI UTALÁS,3Dye4gBbAdPQSto3WbqgkBu6lrj2,none,,3c198d3a-d55c-4180-9e4d-e990c675735d,6,2024,3,False,2,False,True,26,27,30,9420.701754385966,57,536980.0,187594.0,143.0,False,,,30.0,0.0,16739.0,7,0.0931133375544713
187594.0,"Szállás, utazás",2024-06-27 06:31:43,"2024.06.27 4159956198 Hotel at Booking.com     -GOOGLE 468,200EUR  400,6700",Kimenő,VÁSÁRLÁS KÁRTYÁVAL,3Dye4gBbAdPQSto3WbqgkBu6lrj2,none,,862c8f03-9195-4fcc-a551-40732b373799,6,2024,3,False,2,False,True,26,27,30,9420.701754385966,57,536980.0,187594.0,143.0,False,,,30.0,0.0,45784.783672595375,1,0.13806386351302935
449.0,Bevásárlás,2024-06-27 06:42:53,2024.06.27 4159956198 SPAR 0173                -ÉRINTŐ,Kimenő,VÁSÁRLÁS KÁRTYÁVAL,3Dye4gBbAdPQSto3WbqgkBu6lrj2,none,,dcce1174-0849-4970-a600-848435e22411,6,2024,3,False,2,False,True,26,27,30,9420.701754385966,57,536980.0,187594.0,143.0,False,,,30.0,0.0,1122.611111111111,18,0.0008361577712391523
10274.0,Utalás,2024-06-27 10:41:19,"2024.06.27 4159956198 Revolut**1567* 25,940EUR    0,",Kimenő,VÁSÁRLÁS KÁRTYÁVAL,3Dye4gBbAdPQSto3WbqgkBu6lrj2,none,,6b3750c3-67d8-4e6b-bb08-6a619f3254fe,6,2024,3,False,2,False,True,26,27,30,9420.701754385966,57,536980.0,187594.0,143.0,False,,,30.0,0.0,16739.0,7,0.019132928600692763
10000.0,Nem kategorizált,2024-06-29 11:14:46,,Bejövő,AZONNALI ÁTUTALÁS,3Dye4gBbAdPQSto3WbqgkBu6lrj2,none,,874f0595-7e47-490f-8c71-76f2df4ccc69,6,2024,5,True,2,False,True,26,29,30,9420.701754385966,57,536980.0,187594.0,143.0,False,,,30.0,0.0,22800.0,2,0.01862266751089426
9999.0,Utalás,2024-06-29 11:22:17,"2024.06.29 4159956198 Revolut**1567* 25,260EUR    0,",Kimenő,VÁSÁRLÁS KÁRTYÁVAL,3Dye4gBbAdPQSto3WbqgkBu6lrj2,none,,1bd57c88-fc04-41e4-992f-3f0be1781053,6,2024,5,True,2,False,True,26,29,30,9420.701754385966,57,536980.0,187594.0,143.0,False,,,30.0,0.0,16739.0,7,0.01862080524414317
3587.0,Bevásárlás,2024-07-08 10:32:18,2024.07.08 4159956198 LIDL ÁRUHÁZ 0121.SZ.     -ÉRINTŐ,Kimenő,VÁSÁRLÁS KÁRTYÁVAL,3Dye4gBbAdPQSto3WbqgkBu6lrj2,none,,340ebbd2-0990-4e4b-8c5e-911f0bc8d83f,7,2024,0,False,3,False,False,28,8,31,11371.37037037037,27,307027.0,250938.0,200.0,False,,,30.0,0.0,1647.2857142857142,7,0.011683011591814401
400.0,Nem kategorizált,2024-07-08 11:08:58,20240708_32a01a38-9edd-4450-b573-6282e6420926,Bejövő,AZONNALI ÁTUTALÁS,3Dye4gBbAdPQSto3WbqgkBu6lrj2,none,,88a4b50d-5974-4447-a503-88b93563da9b,7,2024,0,False,3,False,False,28,8,31,11371.37037037037,27,307027.0,250938.0,200.0,False,,,30.0,0.0,583.3333333333334,3,0.0013028170160930472
250938.0,Otthon,2024-07-08 11:29:07,2024.07.08 4159956198 357. BOX                 -ÉRINTŐ,Kimenő,VÁSÁRLÁS KÁRTYÁVAL,3Dye4gBbAdPQSto3WbqgkBu6lrj2,none,,36dbb76f-47d4-4dbc-9981-8d59000b2663,7,2024,0,False,3,False,False,28,8,31,11371.37037037037,27,307027.0,250938.0,200.0,False,,,30.0,0.0,45784.783672595375,1,0.13806386351302935
3186.0,"Számlák, rezsi",2024-07-09 04:10:47,"2024.07.09 4159956198 NETFLIX.COM 7,990EUR  398,7900",Kimenő,VÁSÁRLÁS KÁRTYÁVAL,3Dye4gBbAdPQSto3WbqgkBu6lrj2,none,,e616c739-9e16-47c3-8547-2e7900dec331,7,2024,1,False,3,False,False,28,9,31,11371.37037037037,27,307027.0,250938.0,200.0,False,,,30.0,0.0,2062.0,3,0.01037693753318112
1500.0,"Számlák, rezsi",2024-07-09 19:46:17,"2024.07.09 4159956198 SQUARETRADE EUROPE 3,810EUR    0,",Kimenő,VÁSÁRLÁS KÁRTYÁVAL,3Dye4gBbAdPQSto3WbqgkBu6lrj2,none,,d2bb643d-39af-462f-b802-7d1e053d7f86,7,2024,1,False,3,False,False,28,9,31,11371.37037037037,27,307027.0,250938.0,200.0,False,,,30.0,0.0,2062.0,3,0.004885563810348927
450.0,Nem kategorizált,2024-07-14 10:54:43,20240714_a9b320c0-5957-40ff-9b26-ef846912710a,Bejövő,AZONNALI ÁTUTALÁS,3Dye4gBbAdPQSto3WbqgkBu6lrj2,none,,ac8a9c0e-6ade-4185-9fdc-1111cb217b4a,7,2024,6,True,3,False,False,28,14,31,11371.37037037037,27,307027.0,250938.0,200.0,False,,,30.0,0.0,583.3333333333334,3,0.001465669143104678
4500.0,Vendéglátás,2024-07-15 11:50:03,2024.07.15 4159956198 KFC BÉKÉSCSABA           -ÉRINTŐ,Kimenő,VÁSÁRLÁS KÁRTYÁVAL,3Dye4gBbAdPQSto3WbqgkBu6lrj2,none,,36edda12-d3bf-40c3-baa5-14238c1ae816,7,2024,0,False,3,False,False,29,15,31,11371.37037037037,27,307027.0,250938.0,200.0,False,,,30.0,0.0,2530.0,4,0.014656691431046781
200.0,Közlekedés,2024-07-15 12:10:05,2024.07.15 4159956198 CSABA CENTER             -ÉRINTŐ,Kimenő,VÁSÁRLÁS KÁRTYÁVAL,3Dye4gBbAdPQSto3WbqgkBu6lrj2,none,,5ccf9791-590f-432b-9e88-97d583dd376e,7,2024,0,False,3,False,False,29,15,31,11371.37037037037,27,307027.0,250938.0,200.0,False,,,30.0,0.0,764.5,4,0.0006514085080465236
5059.0,Egyéb,2024-07-15 13:58:12,2024.07.15 4159956198 FOXPOST COOP GYULA       -ÉRINTŐ,Kimenő,VÁSÁRLÁS KÁRTYÁVAL,3Dye4gBbAdPQSto3WbqgkBu6lrj2,none,,3bca687b-9912-450b-b1ae-19079f0b71cd,7,2024,0,False,3,False,False,29,15,31,11371.37037037037,27,307027.0,250938.0,200.0,False,,,30.0,0.0,4879.5,2,0.016477378211036814
748.0,Bevásárlás,2024-07-16 07:49:34,2024.07.16 4159956198 511.COOP ÜZLET           -GOOGLE,Kimenő,VÁSÁRLÁS KÁRTYÁVAL,3Dye4gBbAdPQSto3WbqgkBu6lrj2,none,,0d2b34c9-49fc-4f9f-a9e6-c4d5496c625c,7,2024,1,False,3,False,False,29,16,31,11371.37037037037,27,307027.0,250938.0,200.0,False,,,30.0,0.0,1647.2857142857142,7,0.002436267820093998
4673.0,Bevásárlás,2024-07-18 18:42:35,2024.07.18 4159956198 LIDL ÁRUHÁZ 0121.SZ.     -ÉRINTŐ,Kimenő,VÁSÁRLÁS KÁRTYÁVAL,3Dye4gBbAdPQSto3WbqgkBu6lrj2,none,,777620e0-8c5b-43db-bf4a-9338482bab45,7,2024,3,False,3,False,False,29,18,31,11371.37037037037,27,307027.0,250938.0,200.0,False,,,30.0,0.0,1647.2857142857142,7,0.015220159790507023
329.0,Bevásárlás,2024-07-20 09:43:22,2024.07.20 4159956198 CBA TÓPART               -ÉRINTŐ,Kimenő,VÁSÁRLÁS KÁRTYÁVAL,3Dye4gBbAdPQSto3WbqgkBu6lrj2,none,,816cbbab-ef77-4a77-8a4c-9b06d56a305b,7,2024,5,True,3,False,False,29,20,31,11371.37037037037,27,307027.0,250938.0,200.0,False,,,30.0,0.0,1647.2857142857142,7,0.0010715669957365313
3220.0,Vendéglátás,2024-07-20 10:23:07,"2024.07.20 4159956198 TOROKZUGI LANGOSOS       -ÉRINTŐ 8,240EUR    0,",Kimenő,VÁSÁRLÁS KÁRTYÁVAL,3Dye4gBbAdPQSto3WbqgkBu6lrj2,none,,c07e804b-553c-439f-8b2e-f40839874e18,7,2024,5,True,3,False,False,29,20,31,11371.37037037037,27,307027.0,250938.0,200.0,False,,,30.0,0.0,2530.0,4,0.01048767697954903
4700.0,Egyéb,2024-07-22 12:52:56,2024.07.22 4159956198 BARIONP*BARION.COM/GUE,Kimenő,VÁSÁRLÁS KÁRTYÁVAL,3Dye4gBbAdPQSto3WbqgkBu6lrj2,none,,bc9e630e-a885-4c45-aa53-20f4c1d8c0c1,7,2024,0,False,3,False,False,30,22,31,11371.37037037037,27,307027.0,250938.0,200.0,False,,,30.0,0.0,4879.5,2,0.015308099939093305
1890.0,Közlekedés,2024-07-23 07:26:32,2024.07.23 4159956198 OTPMOBL*VIMPAY.MAV-STA,Kimenő,VÁSÁRLÁS KÁRTYÁVAL,3Dye4gBbAdPQSto3WbqgkBu6lrj2,none,,eee3b8bd-32ab-4d43-be1a-4f0c37df7dde,7,2024,1,False,3,False,False,30,23,31,11371.37037037037,27,307027.0,250938.0,200.0,False,,,30.0,0.0,764.5,4,0.006155810401039648
340.0,Vendéglátás,2024-07-23 08:20:25,"2024.07.23 4159956198 Legenda Bufe             -ÉRINTŐ 0,870EUR    0,",Kimenő,VÁSÁRLÁS KÁRTYÁVAL,3Dye4gBbAdPQSto3WbqgkBu6lrj2,none,,6257f1f8-6250-4fa6-a4e0-57da1d1b43dd,7,2024,1,False,3,False,False,30,23,31,11371.37037037037,27,307027.0,250938.0,200.0,False,,,30.0,0.0,2530.0,4,0.0011073944636790902
499.0,Közlekedés,2024-07-23 08:22:16,2024.07.23 4159956198 BÉKÉSCSABA MÁV           -ÉRINTŐ,Kimenő,VÁSÁRLÁS KÁRTYÁVAL,3Dye4gBbAdPQSto3WbqgkBu6lrj2,none,,11c18490-1555-4f74-910d-9f99c8eb45ef,7,2024,1,False,3,False,False,30,23,31,11371.37037037037,27,307027.0,250938.0,200.0,False,,,30.0,0.0,764.5,4,0.0016252642275760764
299.0,Bevásárlás,2024-07-23 11:57:46,2024.07.23 4159956198 XIN PARK ARUHAZ          -ÉRINTŐ,Kimenő,VÁSÁRLÁS KÁRTYÁVAL,3Dye4gBbAdPQSto3WbqgkBu6lrj2,none,,4d1c8517-05f6-4b73-9083-883bb29e301d,7,2024,1,False,3,False,False,30,23,31,11371.37037037037,27,307027.0,250938.0,200.0,False,,,30.0,0.0,1647.2857142857142,7,0.0009738557195295527
2060.0,Vendéglátás,2024-07-23 15:11:04,2024.07.23 4159956198 MCD SZEGED 1.            -ÉRINTŐ,Kimenő,VÁSÁRLÁS KÁRTYÁVAL,3Dye4gBbAdPQSto3WbqgkBu6lrj2,none,,b04cac89-b501-4a74-985a-7e8c8bb843da,7,2024,1,False,3,False,False,30,23,31,11371.37037037037,27,307027.0,250938.0,200.0,False,,,30.0,0.0,2530.0,4,0.0067095076328791935
469.0,Közlekedés,2024-07-23 18:14:38,2024.07.23 4159956198 BÉKÉSCSABA MÁV           -ÉRINTŐ,Kimenő,VÁSÁRLÁS KÁRTYÁVAL,3Dye4gBbAdPQSto3WbqgkBu6lrj2,none,,80f41810-89ba-443f-9812-18b492ce1f16,7,2024,1,False,3,False,False,30,23,31,11371.37037037037,27,307027.0,250938.0,200.0,False,,,30.0,0.0,764.5,4,0.0015275529513690978
1277.0,Bevásárlás,2024-07-24 17:21:35,2024.07.24 4159956198 ALDI 252. SZ.            -ÉRINTŐ,Kimenő,VÁSÁRLÁS KÁRTYÁVAL,3Dye4gBbAdPQSto3WbqgkBu6lrj2,none,,e9214026-2a68-46e1-a60c-bf55c74da361,7,2024,2,False,3,False,False,30,24,31,11371.37037037037,27,307027.0,250938.0,200.0,False,,,30.0,0.0,1647.2857142857142,7,0.004159243323877053
990.0,Szórakozás,2024-07-24 18:45:18,2024.07.24 4159956198 CENTER MOZI              -ÉRINTŐ,Kimenő,VÁSÁRLÁS KÁRTYÁVAL,3Dye4gBbAdPQSto3WbqgkBu6lrj2,none,,21cf18c1-62c9-4119-8e78-eb600c5b4183,7,2024,2,False,3,False,False,30,24,31,11371.37037037037,27,307027.0,250938.0,200.0,False,,,30.0,0.0,990.0,1,0.003224472114830292
1500.0,"Számlák, rezsi",2024-07-24 19:46:12,"2024.07.24 4159956198 SQUARETRADE EUROPE 3,840EUR    0,",Kimenő,VÁSÁRLÁS KÁRTYÁVAL,3Dye4gBbAdPQSto3WbqgkBu6lrj2,none,,0e582538-0545-48c9-bc01-cf2f38ab5aab,7,2024,2,False,3,False,False,30,24,31,11371.37037037037,27,307027.0,250938.0,200.0,False,,,30.0,0.0,2062.0,3,0.004885563810348927
900.0,Nem kategorizált,2024-07-25 12:14:14,20240725_d7ff6eba-4e04-432b-b8e3-54dc2fa37d08,Bejövő,AZONNALI ÁTUTALÁS,3Dye4gBbAdPQSto3WbqgkBu6lrj2,none,,2f1d19d3-e43f-463b-9230-6a670c0784c6,7,2024,3,False,3,False,False,30,25,31,11371.37037037037,27,307027.0,250938.0,200.0,False,,,30.0,0.0,583.3333333333334,3,0.002931338286209356
618.0,Bevásárlás,2024-07-27 18:36:38,2024.07.27 4159956198 JAN-KER 14. DISZKONT     -ÉRINTŐ,Kimenő,VÁSÁRLÁS KÁRTYÁVAL,3Dye4gBbAdPQSto3WbqgkBu6lrj2,none,,7589c5a2-bd2f-4be2-b811-98d13ae97720,7,2024,5,True,3,False,True,30,27,31,11371.37037037037,27,307027.0,250938.0,200.0,False,,,30.0,0.0,1647.2857142857142,7,0.002012852289863758
6695.0,"Egészség, szépség",2024-07-30 08:55:38,"2024.07.30 4159956198 HERBARIUMOFFICINA 17,070EUR    0,",Kimenő,VÁSÁRLÁS KÁRTYÁVAL,3Dye4gBbAdPQSto3WbqgkBu6lrj2,none,,3eab17fd-2d8a-4599-9608-2f4d973fc216,7,2024,1,False,3,False,True,31,30,31,11371.37037037037,27,307027.0,250938.0,200.0,False,,,30.0,0.0,6695.0,1,0.021805899806857376
6000.0,Készpénz felvétel,2024-07-30 09:09:44,2024.07.30 4159956198 Gyula Budapest krt.1,Kimenő,KÉSZPÉNZFELVÉT ATM-BŐL,3Dye4gBbAdPQSto3WbqgkBu6lrj2,none,,9ad80ba4-03e1-46f4-8da8-27e1f81c8474,7,2024,1,False,3,False,True,31,30,31,11371.37037037037,27,307027.0,250938.0,200.0,False,,,30.0,0.0,6000.0,1,0.019542255241395707
22219.0,Szórakozás,2024-08-02 17:47:00,2024.08.02 4159956198 OTPMOBL*JEGY.ROCK1.HU,Kimenő,VÁSÁRLÁS KÁRTYÁVAL,3Dye4gBbAdPQSto3WbqgkBu6lrj2,none,,1eb878b5-e077-427e-b0d4-42128c069d0a,8,2024,4,False,3,True,False,31,2,31,4520.837209302325,43,194396.0,61800.0,238.0,False,,,30.0,0.0,9578.5,4,0.11429761929257803
1110.0,Bevásárlás,2024-08-03 13:42:13,2024.08.03 4159956198 NEMZETI DOHÁNYBOLT       -ÉRINTŐ,Kimenő,VÁSÁRLÁS KÁRTYÁVAL,3Dye4gBbAdPQSto3WbqgkBu6lrj2,none,,33a37fc8-57ae-48cd-869c-c5f41cadebc3,8,2024,5,True,3,True,False,31,3,31,4520.837209302325,43,194396.0,61800.0,238.0,False,,,30.0,0.0,1885.6,15,0.005709994032799029
587.0,Bevásárlás,2024-08-03 20:37:55,2024.08.03 4159956198 PENNY 9550300188         -ÉRINTŐ,Kimenő,VÁSÁRLÁS KÁRTYÁVAL,3Dye4gBbAdPQSto3WbqgkBu6lrj2,none,,253eaed3-7e88-4108-b9ba-917597b8d2a1,8,2024,5,True,3,True,False,31,3,31,4520.837209302325,43,194396.0,61800.0,238.0,False,,,30.0,0.0,1885.6,15,0.0030196094569847117
619.0,Közlekedés,2024-08-07 09:16:45,2024.08.07 4159956198 BÉKÉSCSABA MÁV           -ÉRINTŐ,Kimenő,VÁSÁRLÁS KÁRTYÁVAL,3Dye4gBbAdPQSto3WbqgkBu6lrj2,none,,736f4b58-d910-4f45-bb73-5486b89c9604,8,2024,2,False,3,False,False,32,7,31,4520.837209302325,43,194396.0,61800.0,238.0,False,,,30.0,0.0,1254.5,2,0.0031842218975699087
3196.0,"Számlák, rezsi",2024-08-09 04:49:26,"2024.08.09 4159956198 NETFLIX.COM 7,990EUR  399,9800",Kimenő,VÁSÁRLÁS KÁRTYÁVAL,3Dye4gBbAdPQSto3WbqgkBu6lrj2,none,,02a7b520-b1bb-4f93-b147-4a701d920c9c,8,2024,4,False,3,False,False,32,9,31,4520.837209302325,43,194396.0,61800.0,238.0,False,,,30.0,0.0,22165.333333333332,3,0.01644066750344657
1950.0,Nem kategorizált,2024-08-09 10:39:46,20240809_42cfb5ae-f917-4c63-91a1-4ae83cb552af,Bejövő,AZONNALI ÁTUTALÁS,3Dye4gBbAdPQSto3WbqgkBu6lrj2,none,,f80ef05e-062b-41f3-acd7-76069daddaf5,8,2024,4,False,3,False,False,32,9,31,4520.837209302325,43,194396.0,61800.0,238.0,False,,,30.0,0.0,4410.0,5,0.010031070598160457
2700.0,Vendéglátás,2024-08-10 20:26:50,2024.08.10 4159956198 Kis Kornel e.v.          -ÉRINTŐ,Kimenő,VÁSÁRLÁS KÁRTYÁVAL,3Dye4gBbAdPQSto3WbqgkBu6lrj2,none,,8d7ac40c-e95d-4ecc-9891-714323d98522,8,2024,5,True,3,False,False,32,10,31,4520.837209302325,43,194396.0,61800.0,238.0,False,,,30.0,0.0,1627.142857142857,7,0.013889174674376016
550.0,Vendéglátás,2024-08-11 19:42:10,"2024.08.11 4159956198 NYX*AloisDallmayrAutom   -ÉRINTŐ 1,390EUR    0,",Kimenő,VÁSÁRLÁS KÁRTYÁVAL,3Dye4gBbAdPQSto3WbqgkBu6lrj2,none,,a53eed73-e53e-49f7-9459-089896cebca6,8,2024,6,True,3,False,False,32,11,31,4520.837209302325,43,194396.0,61800.0,238.0,False,,,30.0,0.0,1627.142857142857,7,0.0028292763225580774
61800.0,"Számlák, rezsi",2024-08-12 17:54:44,2024.08.12 4159956198 OTPMOBL*allianz,Kimenő,VÁSÁRLÁS KÁRTYÁVAL,3Dye4gBbAdPQSto3WbqgkBu6lrj2,none,,0c174df7-7e73-4992-b686-0d903b308bd8,8,2024,0,False,3,False,False,33,12,31,4520.837209302325,43,194396.0,61800.0,238.0,False,,,30.0,0.0,22165.333333333332,3,0.13806386351302935
4100.0,Szórakozás,2024-08-14 12:33:49,2024.08.14 4159956198 GYULAI VÁRFÜRDŐ          -ÉRINTŐ,Kimenő,VÁSÁRLÁS KÁRTYÁVAL,3Dye4gBbAdPQSto3WbqgkBu6lrj2,none,,316edb0d-296e-42b2-98a8-0c2b7886d08a,8,2024,2,False,3,False,False,33,14,31,4520.837209302325,43,194396.0,61800.0,238.0,False,,,30.0,0.0,9578.5,4,0.021090968949978396
2350.0,Vendéglátás,2024-08-14 14:54:03,2024.08.14 4159956198 KURTOS BAR               -ÉRINTŐ,Kimenő,VÁSÁRLÁS KÁRTYÁVAL,3Dye4gBbAdPQSto3WbqgkBu6lrj2,none,,14574e17-70a0-45ac-b510-9ee29f40b905,8,2024,2,False,3,False,False,33,14,31,4520.837209302325,43,194396.0,61800.0,238.0,False,,,30.0,0.0,1627.142857142857,7,0.012088726105475421
2420.0,Vendéglátás,2024-08-14 17:48:45,2024.08.14 4159956198 HAMBURGERBÁR             -ÉRINTŐ,Kimenő,VÁSÁRLÁS KÁRTYÁVAL,3Dye4gBbAdPQSto3WbqgkBu6lrj2,none,,abcfb180-3205-4b93-b114-f7d678647c45,8,2024,2,False,3,False,False,33,14,31,4520.837209302325,43,194396.0,61800.0,238.0,False,,,30.0,0.0,1627.142857142857,7,0.01244881581925554
238.0,"Egészség, szépség",2024-08-16 13:55:19,2024.08.16 4159956198 DM 042 GYULA             -ÉRINTŐ,Kimenő,VÁSÁRLÁS KÁRTYÁVAL,3Dye4gBbAdPQSto3WbqgkBu6lrj2,none,,e4a3916c-6f99-495e-b910-5ce9fe8a1c04,8,2024,4,False,3,False,False,33,16,31,4520.837209302325,43,194396.0,61800.0,238.0,False,,,30.0,0.0,238.0,1,0.0012243050268524044
10000.0,Készpénz felvétel,2024-08-16 16:44:15,2024.08.16 4159956198 Gyula Budapest krt.1,Kimenő,KÉSZPÉNZFELVÉT ATM-BŐL,3Dye4gBbAdPQSto3WbqgkBu6lrj2,none,,aca84aac-92ea-4d79-b5e3-d13f47c31a19,8,2024,4,False,3,False,False,33,16,31,4520.837209302325,43,194396.0,61800.0,238.0,False,,,30.0,0.0,5500.0,2,0.05144138768287413
5038.0,Ruházat,2024-08-17 23:30:42,"2024.08.17 4159956198 SHEIN.COM                -GOOGLE 12,750EUR    0,",Kimenő,VÁSÁRLÁS KÁRTYÁVAL,3Dye4gBbAdPQSto3WbqgkBu6lrj2,none,,b37ed4eb-03c0-40df-8db7-05e4b5f12558,8,2024,5,True,3,False,False,33,17,31,4520.837209302325,43,194396.0,61800.0,238.0,False,,,30.0,0.0,4305.0,3,0.02591617111463199
650.0,Nem kategorizált,2024-08-21 13:48:00,20240821_810a38d7-ddbe-40ef-aeb9-6a74efb1b75c,Bejövő,AZONNALI ÁTUTALÁS,3Dye4gBbAdPQSto3WbqgkBu6lrj2,none,,16deb9ab-9883-4b75-9a22-69392ec46721,8,2024,2,False,3,False,False,34,21,31,4520.837209302325,43,194396.0,61800.0,238.0,False,,,30.0,0.0,4410.0,5,0.0033436901993868185
700.0,Nem kategorizált,2024-08-21 13:50:15,20240821_ef1e3a1c-1816-43e7-8de4-ce1b4d97ebd5,Bejövő,AZONNALI ÁTUTALÁS,3Dye4gBbAdPQSto3WbqgkBu6lrj2,none,,f518ea5d-b589-4813-9838-3394d06bd9f4,8,2024,2,False,3,False,False,34,21,31,4520.837209302325,43,194396.0,61800.0,238.0,False,,,30.0,0.0,4410.0,5,0.0036008971378011893
700.0,Nem kategorizált,2024-08-21 14:05:07,20240821_65089410-a4cd-47eb-9172-6ce92b091b1b,Bejövő,AZONNALI ÁTUTALÁS,3Dye4gBbAdPQSto3WbqgkBu6lrj2,none,,cb0c6dce-a38b-479a-bee3-0b6c7a60fb71,8,2024,2,False,3,False,False,34,21,31,4520.837209302325,43,194396.0,61800.0,238.0,False,,,30.0,0.0,4410.0,5,0.0036008971378011893
630.0,Vendéglátás,2024-08-22 07:06:13,2024.08.22 4159956198 LEGENDA BUFE             -ÉRINTŐ,Kimenő,VÁSÁRLÁS KÁRTYÁVAL,3Dye4gBbAdPQSto3WbqgkBu6lrj2,none,,4f39942e-9d29-4f8e-8385-aad42384898d,8,2024,3,False,3,False,False,34,22,31,4520.837209302325,43,194396.0,61800.0,238.0,False,,,30.0,0.0,1627.142857142857,7,0.0032408074240210705
1000.0,Készpénz felvétel,2024-08-22 10:28:12,"2024.08.22 4159956198 Budapest,XIV.Hungária krt",Kimenő,KÉSZPÉNZFELVÉT ATM-BŐL,3Dye4gBbAdPQSto3WbqgkBu6lrj2,none,,2c086cb1-8771-4831-b35e-3d81eeef6c16,8,2024,3,False,3,False,False,34,22,31,4520.837209302325,43,194396.0,61800.0,238.0,False,,,30.0,0.0,5500.0,2,0.005144138768287413
750.0,Vendéglátás,2024-08-22 10:37:05,2024.08.22 4159956198 p w vendéglátó           -ÉRINTŐ,Kimenő,VÁSÁRLÁS KÁRTYÁVAL,3Dye4gBbAdPQSto3WbqgkBu6lrj2,none,,c4b21b70-b4e9-467a-a704-c6acedbd20d8,8,2024,3,False,3,False,False,34,22,31,4520.837209302325,43,194396.0,61800.0,238.0,False,,,30.0,0.0,1627.142857142857,7,0.00385810407621556
18050.0,Nem kategorizált,2024-08-22 12:46:00,TICKETSWAP,Bejövő,NAPKÖZBENI ÁTUTALÁS,3Dye4gBbAdPQSto3WbqgkBu6lrj2,none,,c19853d8-eeab-4a28-8d5f-c04244dcdebb,8,2024,3,False,3,False,False,34,22,31,4520.837209302325,43,194396.0,61800.0,238.0,False,,,30.0,0.0,4410.0,5,0.0928517047675878
2984.0,Bevásárlás,2024-08-22 16:13:44,2024.08.22 4159956198 511.COOP ÜZLET           -GOOGLE,Kimenő,VÁSÁRLÁS KÁRTYÁVAL,3Dye4gBbAdPQSto3WbqgkBu6lrj2,none,,a050a22a-5f71-4a6b-8ae7-86842274c1b7,8,2024,3,False,3,False,False,34,22,31,4520.837209302325,43,194396.0,61800.0,238.0,False,,,30.0,0.0,1885.6,15,0.015350110084569641
2380.0,Bevásárlás,2024-08-23 18:43:45,2024.08.23 4159956198 Edeskeseru Csokibol      -ÉRINTŐ,Kimenő,VÁSÁRLÁS KÁRTYÁVAL,3Dye4gBbAdPQSto3WbqgkBu6lrj2,none,,9cf363d9-330f-4c47-a047-d64efdce3a98,8,2024,4,False,3,False,False,34,23,31,4520.837209302325,43,194396.0,61800.0,238.0,False,,,30.0,0.0,1885.6,15,0.012243050268524043
1057.0,Bevásárlás,2024-08-24 13:59:09,2024.08.24 4159956198 JAN-KER 14. DISZKONT     -ÉRINTŐ,Kimenő,VÁSÁRLÁS KÁRTYÁVAL,3Dye4gBbAdPQSto3WbqgkBu6lrj2,none,,068c7419-c90b-4500-9b7e-88a53bf99ddc,8,2024,5,True,3,False,False,34,24,31,4520.837209302325,43,194396.0,61800.0,238.0,False,,,30.0,0.0,1885.6,15,0.005437354678079796
849.0,Bevásárlás,2024-08-24 14:50:32,2024.08.24 4159956198 UNI-CORNER               -ÉRINTŐ,Kimenő,VÁSÁRLÁS KÁRTYÁVAL,3Dye4gBbAdPQSto3WbqgkBu6lrj2,none,,0c9250ad-c6aa-48cf-aa55-d82ba12fd95a,8,2024,5,True,3,False,False,34,24,31,4520.837209302325,43,194396.0,61800.0,238.0,False,,,30.0,0.0,1885.6,15,0.004367373814276014
1990.0,Vendéglátás,2024-08-24 15:18:08,2024.08.24 4159956198 FALL IN TEA              -ÉRINTŐ,Kimenő,VÁSÁRLÁS KÁRTYÁVAL,3Dye4gBbAdPQSto3WbqgkBu6lrj2,none,,bda4c032-d77e-486b-a4a1-297cd8308b34,8,2024,5,True,3,False,False,34,24,31,4520.837209302325,43,194396.0,61800.0,238.0,False,,,30.0,0.0,1627.142857142857,7,0.010236836148891952
3878.0,Ruházat,2024-08-24 16:27:03,2024.08.24 4159956198 HÁDA HASZNÁLTRUHA Ü      -ÉRINTŐ,Kimenő,VÁSÁRLÁS KÁRTYÁVAL,3Dye4gBbAdPQSto3WbqgkBu6lrj2,none,,bcf828b3-49a4-4fb2-94c0-0e5f200df0cf,8,2024,5,True,3,False,False,34,24,31,4520.837209302325,43,194396.0,61800.0,238.0,False,,,30.0,0.0,4305.0,3,0.01994897014341859
3999.0,Ruházat,2024-08-24 16:56:22,2024.08.24 4159956198 HÁDA HASZNÁLTRUHA Ü      -ÉRINTŐ,Kimenő,VÁSÁRLÁS KÁRTYÁVAL,3Dye4gBbAdPQSto3WbqgkBu6lrj2,none,,630309f8-36e8-4f82-92e1-7c377c528e26,8,2024,5,True,3,False,False,34,24,31,4520.837209302325,43,194396.0,61800.0,238.0,False,,,30.0,0.0,4305.0,3,0.020571410934381366
1500.0,"Számlák, rezsi",2024-08-24 19:46:10,"2024.08.24 4159956198 SQUARETRADE EUROPE 3,810EUR    0,",Kimenő,VÁSÁRLÁS KÁRTYÁVAL,3Dye4gBbAdPQSto3WbqgkBu6lrj2,none,,cf0eaf62-5641-448c-beca-535f5a3e6aa5,8,2024,5,True,3,False,False,34,24,31,4520.837209302325,43,194396.0,61800.0,238.0,False,,,30.0,0.0,22165.333333333332,3,0.00771620815243112
1237.0,Bevásárlás,2024-08-25 11:21:46,2024.08.25 4159956198 511.COOP ÜZLET           -ÉRINTŐ,Kimenő,VÁSÁRLÁS KÁRTYÁVAL,3Dye4gBbAdPQSto3WbqgkBu6lrj2,none,,1f991711-2b7e-4759-a0ed-60b8396f4cee,8,2024,6,True,3,False,False,34,25,31,4520.837209302325,43,194396.0,61800.0,238.0,False,,,30.0,0.0,1885.6,15,0.00636329965637153
1050.0,Bevásárlás,2024-08-25 20:14:59,2024.08.25 4159956198 NEMZETI DOHÁNYBOLT       -ÉRINTŐ,Kimenő,VÁSÁRLÁS KÁRTYÁVAL,3Dye4gBbAdPQSto3WbqgkBu6lrj2,none,,5ea54026-f0a9-4c0d-944e-6690a4494e16,8,2024,6,True,3,False,False,34,25,31,4520.837209302325,43,194396.0,61800.0,238.0,False,,,30.0,0.0,1885.6,15,0.005401345706701784
2654.0,Bevásárlás,2024-08-26 14:54:19,2024.08.26 4159956198 PENNY 9550300188         -ÉRINTŐ,Kimenő,VÁSÁRLÁS KÁRTYÁVAL,3Dye4gBbAdPQSto3WbqgkBu6lrj2,none,,ddad3cb0-092d-4cc3-b57c-62588540e326,8,2024,0,False,3,False,True,35,26,31,4520.837209302325,43,194396.0,61800.0,238.0,False,,,30.0,0.0,1885.6,15,0.013652544291034794
1890.0,Közlekedés,2024-08-26 15:07:13,2024.08.26 4159956198 OTPMOBL*VIMPAY.MAV-STA,Kimenő,VÁSÁRLÁS KÁRTYÁVAL,3Dye4gBbAdPQSto3WbqgkBu6lrj2,none,,fdca44f4-2f20-49e9-b222-44a4a139a48e,8,2024,0,False,3,False,True,35,26,31,4520.837209302325,43,194396.0,61800.0,238.0,False,,,30.0,0.0,1254.5,2,0.009722422272063212
1200.0,Egyéb,2024-08-28 10:35:00,2024.08.28 4159956198 Orosz Jşzsef E.V. - Mą   -ÉRINTŐ,Kimenő,VÁSÁRLÁS KÁRTYÁVAL,3Dye4gBbAdPQSto3WbqgkBu6lrj2,none,,29b6ddad-15ab-43bd-a904-e53e40e1172c,8,2024,2,False,3,False,True,35,28,31,4520.837209302325,43,194396.0,61800.0,238.0,False,,,30.0,0.0,1200.0,1,0.006172966521944896
2674.0,Bevásárlás,2024-08-28 15:22:50,2024.08.28 4159956198 BUDAI ABC                -ÉRINTŐ,Kimenő,VÁSÁRLÁS KÁRTYÁVAL,3Dye4gBbAdPQSto3WbqgkBu6lrj2,none,,1f3f45f8-e7c2-4dca-b2c9-70dac72653eb,8,2024,2,False,3,False,True,35,28,31,4520.837209302325,43,194396.0,61800.0,238.0,False,,,30.0,0.0,1885.6,15,0.013755427066400544
938.0,Bevásárlás,2024-08-28 19:08:17,2024.08.28 4159956198 BUDAI ABC                -GOOGLE,Kimenő,VÁSÁRLÁS KÁRTYÁVAL,3Dye4gBbAdPQSto3WbqgkBu6lrj2,none,,4a86010f-22b5-4472-b2c7-d6bd2f6d32f3,8,2024,2,False,3,False,True,35,28,31,4520.837209302325,43,194396.0,61800.0,238.0,False,,,30.0,0.0,1885.6,15,0.0048252021646535935
1300.0,Bevásárlás,2024-08-30 18:31:26,2024.08.30 4159956198 TÁBOR FESZTIVÁL          -ÉRINTŐ,Kimenő,VÁSÁRLÁS KÁRTYÁVAL,3Dye4gBbAdPQSto3WbqgkBu6lrj2,none,,d47a926a-c952-4f29-92d5-50c527cc8e97,8,2024,4,False,3,False,True,35,30,31,4520.837209302325,43,194396.0,61800.0,238.0,False,,,30.0,0.0,1885.6,15,0.006687380398773637
3800.0,Bevásárlás,2024-08-30 23:05:50,2024.08.30 4159956198 TÁBOR FESZTIVÁL          -ÉRINTŐ,Kimenő,VÁSÁRLÁS KÁRTYÁVAL,3Dye4gBbAdPQSto3WbqgkBu6lrj2,none,,7f5cb74b-20a2-443a-ac11-40dd3e978041,8,2024,4,False,3,False,True,35,30,31,4520.837209302325,43,194396.0,61800.0,238.0,False,,,30.0,0.0,1885.6,15,0.01954772731949217
4995.0,Szórakozás,2024-08-31 00:40:03,"2024.08.30 4159956198 GOOGLE *Google Play Ap 12,720EUR    0,",Kimenő,VÁSÁRLÁS KÁRTYÁVAL,3Dye4gBbAdPQSto3WbqgkBu6lrj2,none,,9ad492aa-8bf4-426a-b845-d1e690ffd5f9,8,2024,5,True,3,False,True,35,31,31,4520.837209302325,43,194396.0,61800.0,238.0,False,,,30.0,0.0,9578.5,4,0.02569497314759563
2264.0,Bevásárlás,2024-08-31 12:41:18,2024.08.31 4159956198 ALDI 112.SZ.             -GOOGLE,Kimenő,VÁSÁRLÁS KÁRTYÁVAL,3Dye4gBbAdPQSto3WbqgkBu6lrj2,none,,4f25d3eb-1533-461d-8614-ad90d4ee75d6,8,2024,5,True,3,False,True,35,31,31,4520.837209302325,43,194396.0,61800.0,238.0,False,,,30.0,0.0,1885.6,15,0.011646330171402704
3400.0,Bevásárlás,2024-08-31 19:04:38,2024.08.31 4159956198 TÁBOR FESZTIVÁL          -GOOGLE,Kimenő,VÁSÁRLÁS KÁRTYÁVAL,3Dye4gBbAdPQSto3WbqgkBu6lrj2,none,,2e16a337-61e4-4431-b527-75eae1ba311a,8,2024,5,True,3,False,True,35,31,31,4520.837209302325,43,194396.0,61800.0,238.0,False,,,30.0,0.0,1885.6,15,0.017490071812177207
7000.0,Szórakozás,2024-08-31 19:20:56,2024.08.31 4159956198 Hear Hungary Music       -GOOGLE,Kimenő,VÁSÁRLÁS KÁRTYÁVAL,3Dye4gBbAdPQSto3WbqgkBu6lrj2,none,,03a3667b-1f20-4df8-ac87-4d72a2bab152,8,2024,5,True,3,False,True,35,31,31,4520.837209302325,43,194396.0,61800.0,238.0,False,,,30.0,0.0,9578.5,4,0.03600897137801189
877.0,Bevásárlás,2024-09-01 13:48:27,2024.09.01 4159956198 ALDI 117.SZ              -GOOGLE,Kimenő,VÁSÁRLÁS KÁRTYÁVAL,3Dye4gBbAdPQSto3WbqgkBu6lrj2,none,,a1a2ed2c-4d38-4e5c-a654-04cecca98eae,9,2024,6,True,3,True,False,35,1,30,2296.128205128205,78,179098.0,35600.0,98.0,False,,,30.0,0.0,2191.2903225806454,31,0.0048967604328356545
19000.0,Készpénz felvétel,2024-09-01 14:52:35,2024.09.01 4159956198 Gyöngyös Vásár u.2       -GOOGLE,Kimenő,KÉSZPÉNZFELVÉT ATM-BŐL,3Dye4gBbAdPQSto3WbqgkBu6lrj2,none,,6e26a656-811b-4478-a2ac-552f4f6a3b06,9,2024,6,True,3,True,False,35,1,30,2296.128205128205,78,179098.0,35600.0,98.0,False,,,30.0,0.0,10000.0,2,0.10608717015265386
770.0,Vendéglátás,2024-09-02 10:42:47,2024.09.02 4159956198 DITI PÚksÚg_Gyula Vąsą   -GOOGLE,Kimenő,VÁSÁRLÁS KÁRTYÁVAL,3Dye4gBbAdPQSto3WbqgkBu6lrj2,none,,1b49210a-8b01-4609-9fce-5cab6e842bd9,9,2024,0,False,3,True,False,36,2,30,2296.128205128205,78,179098.0,35600.0,98.0,False,,,30.0,0.0,668.8461538461538,26,0.004299322158818077
330.0,Vendéglátás,2024-09-02 10:44:57,"2024.09.02 4159956198 NYX*AloisDallmayrAutom   -GOOGLE 0,840EUR    0,",Kimenő,VÁSÁRLÁS KÁRTYÁVAL,3Dye4gBbAdPQSto3WbqgkBu6lrj2,none,,dd4cba58-d20d-408a-8080-f430861e1af6,9,2024,0,False,3,True,False,36,2,30,2296.128205128205,78,179098.0,35600.0,98.0,False,,,30.0,0.0,668.8461538461538,26,0.0018425666394934618
925.0,Vendéglátás,2024-09-03 09:22:57,"2024.09.03 4159956198 Legenda Bufe             -GOOGLE 2,360EUR    0,",Kimenő,VÁSÁRLÁS KÁRTYÁVAL,3Dye4gBbAdPQSto3WbqgkBu6lrj2,none,,7b40bc4c-2042-4d11-924f-f2849c06d739,9,2024,1,False,3,True,False,36,3,30,2296.128205128205,78,179098.0,35600.0,98.0,False,,,30.0,0.0,668.8461538461538,26,0.005164770125852885
499.0,Közlekedés,2024-09-03 09:32:04,2024.09.03 4159956198 BÉKÉSCSABA MÁV           -GOOGLE,Kimenő,VÁSÁRLÁS KÁRTYÁVAL,3Dye4gBbAdPQSto3WbqgkBu6lrj2,none,,23926873-d0f5-489d-b0f0-f0d06b706ec6,9,2024,1,False,3,True,False,36,3,30,2296.128205128205,78,179098.0,35600.0,98.0,False,,,30.0,0.0,1333.25,4,0.0027861841003249616
319.0,Vendéglátás,2024-09-03 11:50:40,2024.09.03 4159956198 MÁV SZEGED BÜFÉ          -GOOGLE,Kimenő,VÁSÁRLÁS KÁRTYÁVAL,3Dye4gBbAdPQSto3WbqgkBu6lrj2,none,,b465c33c-94e8-4045-ac25-a05b45e53a56,9,2024,1,False,3,True,False,36,3,30,2296.128205128205,78,179098.0,35600.0,98.0,False,,,30.0,0.0,668.8461538461538,26,0.0017811477515103462
570.0,Vendéglátás,2024-09-03 15:14:56,2024.09.03 4159956198 Csiga PÚksÚg -Bem utca   -GOOGLE,Kimenő,VÁSÁRLÁS KÁRTYÁVAL,3Dye4gBbAdPQSto3WbqgkBu6lrj2,none,,7730db83-cc85-4e9b-bd11-6e698709ab36,9,2024,1,False,3,True,False,36,3,30,2296.128205128205,78,179098.0,35600.0,98.0,False,,,30.0,0.0,668.8461538461538,26,0.0031826151045796156
659.0,Vendéglátás,2024-09-03 15:19:33,2024.09.03 4159956198 MÁV SZEGED BÜFÉ          -GOOGLE,Kimenő,VÁSÁRLÁS KÁRTYÁVAL,3Dye4gBbAdPQSto3WbqgkBu6lrj2,none,,6ac43e8a-7c47-4609-ae09-5b85543764ab,9,2024,1,False,3,True,False,36,3,30,2296.128205128205,78,179098.0,35600.0,98.0,False,,,30.0,0.0,668.8461538461538,26,0.003679549743715731
269.0,Bevásárlás,2024-09-03 17:47:20,2024.09.03 4159956198 JAN-KER 14. DISZKONT     -GOOGLE,Kimenő,VÁSÁRLÁS KÁRTYÁVAL,3Dye4gBbAdPQSto3WbqgkBu6lrj2,none,,4ba0d6e2-58d5-45f1-bdda-301471ced8fa,9,2024,1,False,3,True,False,36,3,30,2296.128205128205,78,179098.0,35600.0,98.0,False,,,30.0,0.0,2191.2903225806454,31,0.0015019709879507308
4725.0,Ruházat,2024-09-05 08:59:32,"2024.09.05 4159956198 BADUGLOBAL 12,000EUR    0,",Kimenő,VÁSÁRLÁS KÁRTYÁVAL,3Dye4gBbAdPQSto3WbqgkBu6lrj2,none,,1980e781-f15a-4d39-9705-e803235ff468,9,2024,3,False,3,True,False,36,5,30,2296.128205128205,78,179098.0,35600.0,98.0,False,,,30.0,0.0,2761.5,2,0.026382204156383655
7879.0,Egyéb,2024-09-05 11:02:02,2024.09.05 4159956198 MAGYAR POSTA 8870        -ÉRINTŐ,Kimenő,VÁSÁRLÁS KÁRTYÁVAL,3Dye4gBbAdPQSto3WbqgkBu6lrj2,none,,9779e088-7afa-4da9-ab59-a33fd5193bbd,9,2024,3,False,3,True,False,36,5,30,2296.128205128205,78,179098.0,35600.0,98.0,False,,,30.0,0.0,4100.0,2,0.0439926744017242
1999.0,"Egészség, szépség",2024-09-05 11:30:06,2024.09.05 4159956198 DM 042 GYULA             -ÉRINTŐ,Kimenő,VÁSÁRLÁS KÁRTYÁVAL,3Dye4gBbAdPQSto3WbqgkBu6lrj2,none,,646a0e05-1105-4391-a034-7b21bc156860,9,2024,3,False,3,True,False,36,5,30,2296.128205128205,78,179098.0,35600.0,98.0,False,,,30.0,0.0,1999.0,1,0.011161487007113424
998.0,Bevásárlás,2024-09-05 14:56:10,2024.09.05 4159956198 511.COOP ÜZLET           -ÉRINTŐ,Kimenő,VÁSÁRLÁS KÁRTYÁVAL,3Dye4gBbAdPQSto3WbqgkBu6lrj2,none,,843aebb6-fe33-4315-9c90-7cdf144b5f11,9,2024,3,False,3,True,False,36,5,30,2296.128205128205,78,179098.0,35600.0,98.0,False,,,30.0,0.0,2191.2903225806454,31,0.005572368200649923
289.0,Bevásárlás,2024-09-05 16:13:02,2024.09.05 4159956198 JAN-KER 14. DISZKONT     -GOOGLE,Kimenő,VÁSÁRLÁS KÁRTYÁVAL,3Dye4gBbAdPQSto3WbqgkBu6lrj2,none,,d3bb5a34-4883-49d8-9059-75e8bfb6ff1a,9,2024,3,False,3,True,False,36,5,30,2296.128205128205,78,179098.0,35600.0,98.0,False,,,30.0,0.0,2191.2903225806454,31,0.001613641693374577
1050.0,Nem kategorizált,2024-09-06 13:13:08,20240906_e6c4ed67-6430-491d-b798-d7bb1353a31c,Bejövő,AZONNALI ÁTUTALÁS,3Dye4gBbAdPQSto3WbqgkBu6lrj2,none,,d4a2772e-d0d4-4dac-8b22-a7ed07acf7a9,9,2024,4,False,3,False,False,36,6,30,2296.128205128205,78,179098.0,35600.0,98.0,False,,,30.0,0.0,9600.0,4,0.0058627120347519235
2199.0,Bevásárlás,2024-09-07 15:08:02,2024.09.07 4159956198 NEMZETI DOHÁNYBOLT       -ÉRINTŐ,Kimenő,VÁSÁRLÁS KÁRTYÁVAL,3Dye4gBbAdPQSto3WbqgkBu6lrj2,none,,2d3745ef-7b15-4aef-b5fa-512ad883295f,9,2024,5,True,3,False,False,36,7,30,2296.128205128205,78,179098.0,35600.0,98.0,False,,,30.0,0.0,2191.2903225806454,31,0.012278194061351886
1047.0,Bevásárlás,2024-09-07 16:57:41,2024.09.07 4159956198 NEMZETI DOHÁNYBOLT       -ÉRINTŐ,Kimenő,VÁSÁRLÁS KÁRTYÁVAL,3Dye4gBbAdPQSto3WbqgkBu6lrj2,none,,efba09f9-6462-41f2-9f31-40c03dc93e04,9,2024,5,True,3,False,False,36,7,30,2296.128205128205,78,179098.0,35600.0,98.0,False,,,30.0,0.0,2191.2903225806454,31,0.005845961428938347
1890.0,Közlekedés,2024-09-08 09:53:41,2024.09.08 4159956198 OTPMOBL*VIMPAY.MAV-STA,Kimenő,VÁSÁRLÁS KÁRTYÁVAL,3Dye4gBbAdPQSto3WbqgkBu6lrj2,none,,3f95b773-94d8-4ac0-8722-7b02db85be82,9,2024,6,True,3,False,False,36,8,30,2296.128205128205,78,179098.0,35600.0,98.0,False,,,30.0,0.0,1333.25,4,0.010552881662553462
499.0,Közlekedés,2024-09-08 10:35:58,2024.09.08 4159956198 BÉKÉSCSABA MÁV           -ÉRINTŐ,Kimenő,VÁSÁRLÁS KÁRTYÁVAL,3Dye4gBbAdPQSto3WbqgkBu6lrj2,none,,a1af1133-86b0-4489-84e6-7c79a449829a,9,2024,6,True,3,False,False,36,8,30,2296.128205128205,78,179098.0,35600.0,98.0,False,,,30.0,0.0,1333.25,4,0.0027861841003249616
8582.0,Bevásárlás,2024-09-08 14:13:07,2024.09.08 4159956198 TESCO 41420 ÖNKISZOLG    -ÉRINTŐ,Kimenő,VÁSÁRLÁS KÁRTYÁVAL,3Dye4gBbAdPQSto3WbqgkBu6lrj2,none,,23560491-ecee-49fc-83b8-4b7375c397c8,9,2024,6,True,3,False,False,36,8,30,2296.128205128205,78,179098.0,35600.0,98.0,False,,,30.0,0.0,2191.2903225806454,31,0.04791789969737239
3186.0,"Számlák, rezsi",2024-09-09 05:25:40,"2024.09.09 4159956198 Netflix.com 7,990EUR  398,6900",Kimenő,VÁSÁRLÁS KÁRTYÁVAL,3Dye4gBbAdPQSto3WbqgkBu6lrj2,none,,d310a7d4-3c83-4687-87c8-5ff97f43ef95,9,2024,0,False,3,False,False,37,9,30,2296.128205128205,78,179098.0,35600.0,98.0,False,,,30.0,0.0,3228.6666666666665,3,0.017789143374018695
4311.0,Bevásárlás,2024-09-09 16:50:44,2024.09.09 4159956198 TESCO 41420 ÖNKISZOLG    -ÉRINTŐ,Kimenő,VÁSÁRLÁS KÁRTYÁVAL,3Dye4gBbAdPQSto3WbqgkBu6lrj2,none,,0448ec8b-b932-4359-90dc-c77ce6fa5462,9,2024,0,False,3,False,False,37,9,30,2296.128205128205,78,179098.0,35600.0,98.0,False,,,30.0,0.0,2191.2903225806454,31,0.02407062055411004
599.0,Bevásárlás,2024-09-10 10:25:49,2024.09.10 4159956198 KÁROLYI ABC              -ÉRINTŐ,Kimenő,VÁSÁRLÁS KÁRTYÁVAL,3Dye4gBbAdPQSto3WbqgkBu6lrj2,none,,aae51716-8fef-49f9-ad1e-ce8d1b2cfdb9,9,2024,1,False,3,False,False,37,10,30,2296.128205128205,78,179098.0,35600.0,98.0,False,,,30.0,0.0,2191.2903225806454,31,0.0033445376274441924
35600.0,Nem kategorizált,2024-09-10 10:49:00,GIROKOZLEMENY,Bejövő,NAPKÖZBENI ÁTUTALÁS (CSOPORTOS),3Dye4gBbAdPQSto3WbqgkBu6lrj2,none,,bedb2b71-255d-4219-9aed-191fc1263f13,9,2024,1,False,3,False,False,37,10,30,2296.128205128205,78,179098.0,35600.0,98.0,False,,,30.0,0.0,9600.0,4,0.13806386351302935
9898.0,Bevásárlás,2024-09-10 13:43:41,2024.09.10 4159956198 TESCO 41420              -GOOGLE,Kimenő,VÁSÁRLÁS KÁRTYÁVAL,3Dye4gBbAdPQSto3WbqgkBu6lrj2,none,,087f685b-1616-49f2-a2c4-4e22ed9e8338,9,2024,1,False,3,False,False,37,10,30,2296.128205128205,78,179098.0,35600.0,98.0,False,,,30.0,0.0,2191.2903225806454,31,0.05526583211426147
1537.0,Bevásárlás,2024-09-10 16:52:34,2024.09.10 4159956198 XIN PARK ARUHAZ          -ÉRINTŐ,Kimenő,VÁSÁRLÁS KÁRTYÁVAL,3Dye4gBbAdPQSto3WbqgkBu6lrj2,none,,39339523-3c10-47fc-8906-b1c52f781add,9,2024,1,False,3,False,False,37,10,30,2296.128205128205,78,179098.0,35600.0,98.0,False,,,30.0,0.0,2191.2903225806454,31,0.008581893711822577
1490.0,Vendéglátás,2024-09-10 19:23:00,2024.09.11 4159956198 McDonalds 34800019       -GOOGLE,Kimenő,VÁSÁRLÁS KÁRTYÁVAL,3Dye4gBbAdPQSto3WbqgkBu6lrj2,none,,1d3ceb41-45f8-4519-b874-20c4681c0bac,9,2024,1,False,3,False,False,37,10,30,2296.128205128205,78,179098.0,35600.0,98.0,False,,,30.0,0.0,668.8461538461538,26,0.008319467554076539
1010.0,Szórakozás,2024-09-10 20:05:10,2024.09.10 4159956198 HELOPAY*GAMERLAND SZEGED -ÉRINTŐ,Kimenő,VÁSÁRLÁS KÁRTYÁVAL,3Dye4gBbAdPQSto3WbqgkBu6lrj2,none,,4ccabd04-9208-43c5-8e7a-b3798ca7180e,9,2024,1,False,3,False,False,37,10,30,2296.128205128205,78,179098.0,35600.0,98.0,False,,,30.0,0.0,1318.5,2,0.0056393706239042315
1627.0,Szórakozás,2024-09-10 21:08:42,2024.09.10 4159956198 HELOPAY*GAMERLAND SZEGED -ÉRINTŐ,Kimenő,VÁSÁRLÁS KÁRTYÁVAL,3Dye4gBbAdPQSto3WbqgkBu6lrj2,none,,c1b54c56-fa27-495f-8aca-35a30aed6844,9,2024,1,False,3,False,False,37,10,30,2296.128205128205,78,179098.0,35600.0,98.0,False,,,30.0,0.0,1318.5,2,0.009084411886229885
98.0,Bevásárlás,2024-09-11 09:09:13,2024.09.11 4159956198 TESCO 41420 ÖNKISZOLG    -ÉRINTŐ,Kimenő,VÁSÁRLÁS KÁRTYÁVAL,3Dye4gBbAdPQSto3WbqgkBu6lrj2,none,,fab19b68-6e17-4424-8395-6b1fa9541c56,9,2024,2,False,3,False,False,37,11,30,2296.128205128205,78,179098.0,35600.0,98.0,False,,,30.0,0.0,2191.2903225806454,31,0.0005471864565768462
300.0,Vendéglátás,2024-09-11 09:10:30,"2024.09.11 4159956198 NYX*HELLAUTOMATAUeZEME   -ÉRINTŐ 0,760EUR    0,",Kimenő,VÁSÁRLÁS KÁRTYÁVAL,3Dye4gBbAdPQSto3WbqgkBu6lrj2,none,,149fcb62-89cb-4765-96d2-b4f0bbb7270c,9,2024,2,False,3,False,False,37,11,30,2296.128205128205,78,179098.0,35600.0,98.0,False,,,30.0,0.0,668.8461538461538,26,0.0016750605813576924
819.0,Vendéglátás,2024-09-11 15:42:49,2024.09.11 4159956198 F LEGYH ZI P KS G 71     -ÉRINTŐ,Kimenő,VÁSÁRLÁS KÁRTYÁVAL,3Dye4gBbAdPQSto3WbqgkBu6lrj2,none,,8699eafe-2964-4cce-b084-5c14134c70b6,9,2024,2,False,3,False,False,37,11,30,2296.128205128205,78,179098.0,35600.0,98.0,False,,,30.0,0.0,668.8461538461538,26,0.0045729153871065
5664.0,Bevásárlás,2024-09-11 18:26:17,2024.09.11 4159956198 TESCO 41420 ÖNKISZOLG    -ÉRINTŐ,Kimenő,VÁSÁRLÁS KÁRTYÁVAL,3Dye4gBbAdPQSto3WbqgkBu6lrj2,none,,078c0da2-de3f-40fc-b653-29d9d577651a,9,2024,2,False,3,False,False,37,11,30,2296.128205128205,78,179098.0,35600.0,98.0,False,,,30.0,0.0,2191.2903225806454,31,0.03162514377603323
2567.0,Bevásárlás,2024-09-12 10:33:41,2024.09.12 4159956198 TESCO 41420 ÖNKISZOLG    -GOOGLE,Kimenő,VÁSÁRLÁS KÁRTYÁVAL,3Dye4gBbAdPQSto3WbqgkBu6lrj2,none,,62d28e44-1d08-4ba2-ac27-453f59cf8719,9,2024,3,False,3,False,False,37,12,30,2296.128205128205,78,179098.0,35600.0,98.0,False,,,30.0,0.0,2191.2903225806454,31,0.014332935041150656
360.0,Vendéglátás,2024-09-12 14:47:53,2024.09.12 4159956198 F LEGYH ZI P KS G 71     -ÉRINTŐ,Kimenő,VÁSÁRLÁS KÁRTYÁVAL,3Dye4gBbAdPQSto3WbqgkBu6lrj2,none,,576dabf4-8e92-4de0-94bf-94418d5397ea,9,2024,3,False,3,False,False,37,12,30,2296.128205128205,78,179098.0,35600.0,98.0,False,,,30.0,0.0,668.8461538461538,26,0.0020100726976292308
330.0,Vendéglátás,2024-09-12 17:07:48,2024.09.12 4159956198 F LEGYH ZI P KS G 71     -ÉRINTŐ,Kimenő,VÁSÁRLÁS KÁRTYÁVAL,3Dye4gBbAdPQSto3WbqgkBu6lrj2,none,,972a2dbb-d4c7-418e-96ea-c4af9d07b411,9,2024,3,False,3,False,False,37,12,30,2296.128205128205,78,179098.0,35600.0,98.0,False,,,30.0,0.0,668.8461538461538,26,0.0018425666394934618
789.0,Bevásárlás,2024-09-13 20:29:03,2024.09.13 4159956198 NEMZETI DOHÁNYBOLT       -ÉRINTŐ,Kimenő,VÁSÁRLÁS KÁRTYÁVAL,3Dye4gBbAdPQSto3WbqgkBu6lrj2,none,,ce79b28a-9e00-45a7-917a-3ec335028dd1,9,2024,4,False,3,False,False,37,13,30,2296.128205128205,78,179098.0,35600.0,98.0,False,,,30.0,0.0,2191.2903225806454,31,0.004405409328970731
1000.0,Nem kategorizált,2024-09-13 21:19:00,Netflix lakbér,Bejövő,AZONNALI ÁTUTALÁS,3Dye4gBbAdPQSto3WbqgkBu6lrj2,none,,0a123283-025f-4955-b742-2a352e836fb2,9,2024,4,False,3,False,False,37,13,30,2296.128205128205,78,179098.0,35600.0,98.0,False,,,30.0,0.0,9600.0,4,0.005583535271192308
2379.0,Bevásárlás,2024-09-14 12:56:37,2024.09.14 4159956198 511.COOP ÜZLET           -ÉRINTŐ,Kimenő,VÁSÁRLÁS KÁRTYÁVAL,3Dye4gBbAdPQSto3WbqgkBu6lrj2,none,,16debd1a-eb7d-43f9-93e5-d35244f45ed9,9,2024,5,True,3,False,False,37,14,30,2296.128205128205,78,179098.0,35600.0,98.0,False,,,30.0,0.0,2191.2903225806454,31,0.013283230410166501
5000.0,"Számlák, rezsi",2024-09-15 10:58:28,2024.09.15 4159956198 OTPMOBL*VODAFONE.HU,Kimenő,VÁSÁRLÁS KÁRTYÁVAL,3Dye4gBbAdPQSto3WbqgkBu6lrj2,none,,3ea62b3a-a94e-4229-8699-dbd0e2fff029,9,2024,6,True,3,False,False,37,15,30,2296.128205128205,78,179098.0,35600.0,98.0,False,,,30.0,0.0,3228.6666666666665,3,0.02791767635596154
2445.0,Közlekedés,2024-09-15 15:05:21,2024.09.15 4159956198 BÉKÉSCSABA MÁV           -ÉRINTŐ,Kimenő,VÁSÁRLÁS KÁRTYÁVAL,3Dye4gBbAdPQSto3WbqgkBu6lrj2,none,,85876f46-57c3-4eeb-82c2-4cbe80bfda84,9,2024,6,True,3,False,False,37,15,30,2296.128205128205,78,179098.0,35600.0,98.0,False,,,30.0,0.0,1333.25,4,0.013651743738065193
250.0,Bevásárlás,2024-09-15 18:15:09,"2024.09.15 4159956198 Vendo Box Keleti pu.     -ÉRINTŐ 0,630EUR    0,",Kimenő,VÁSÁRLÁS KÁRTYÁVAL,3Dye4gBbAdPQSto3WbqgkBu6lrj2,none,,a70742ae-655d-4b96-b06a-3df07a31a80f,9,2024,6,True,3,False,False,37,15,30,2296.128205128205,78,179098.0,35600.0,98.0,False,,,30.0,0.0,2191.2903225806454,31,0.001395883817798077
2929.0,Bevásárlás,2024-09-16 08:16:55,2024.09.16 4159956198 TESCO 41420 ÖNKISZOLG    -ÉRINTŐ,Kimenő,VÁSÁRLÁS KÁRTYÁVAL,3Dye4gBbAdPQSto3WbqgkBu6lrj2,none,,965d2eb8-d325-4326-a164-808e1805a782,9,2024,0,False,3,False,False,38,16,30,2296.128205128205,78,179098.0,35600.0,98.0,False,,,30.0,0.0,2191.2903225806454,31,0.01635417480932227
300.0,Vendéglátás,2024-09-16 08:18:18,"2024.09.16 4159956198 NYX*HELLAUTOMATAUeZEME   -ÉRINTŐ 0,760EUR    0,",Kimenő,VÁSÁRLÁS KÁRTYÁVAL,3Dye4gBbAdPQSto3WbqgkBu6lrj2,none,,dd8ef943-067a-4b5f-97df-99ef9b05fcdb,9,2024,0,False,3,False,False,38,16,30,2296.128205128205,78,179098.0,35600.0,98.0,False,,,30.0,0.0,668.8461538461538,26,0.0016750605813576924
321.0,Egyéb,2024-09-16 16:11:00,,Kimenő,ESETI MEGBÍZÁSOK KÖLTSÉGE,3Dye4gBbAdPQSto3WbqgkBu6lrj2,none,,61c597d3-ef53-409b-84a7-f284e5b5a6d8,9,2024,0,False,3,False,False,38,16,30,2296.128205128205,78,179098.0,35600.0,98.0,False,,,30.0,0.0,4100.0,2,0.001792314822052731
2000.0,Utalás,2024-09-16 16:11:14,Adó,Kimenő,AZONNALI ÁTUTALÁS,3Dye4gBbAdPQSto3WbqgkBu6lrj2,none,,e6bf7b0a-3722-4a2c-b978-46a3e3692b36,9,2024,0,False,3,False,False,38,16,30,2296.128205128205,78,179098.0,35600.0,98.0,False,,,30.0,0.0,2000.0,1,0.011167070542384616
350.0,Vendéglátás,2024-09-16 17:50:16,"2024.09.16 4159956198 NYX*ReferenciaCafeKft    -ÉRINTŐ 0,890EUR    0,",Kimenő,VÁSÁRLÁS KÁRTYÁVAL,3Dye4gBbAdPQSto3WbqgkBu6lrj2,none,,9a6304ce-5a2a-4a4f-9daf-51f7af03b9c0,9,2024,0,False,3,False,False,38,16,30,2296.128205128205,78,179098.0,35600.0,98.0,False,,,30.0,0.0,668.8461538461538,26,0.001954237344917308
4255.0,Bevásárlás,2024-09-16 20:03:35,2024.09.16 4159956198 TESCO 41420 ÖNKISZOLG    -ÉRINTŐ,Kimenő,VÁSÁRLÁS KÁRTYÁVAL,3Dye4gBbAdPQSto3WbqgkBu6lrj2,none,,9902caae-ab7a-47a1-8479-f62778548f4f,9,2024,0,False,3,False,False,38,16,30,2296.128205128205,78,179098.0,35600.0,98.0,False,,,30.0,0.0,2191.2903225806454,31,0.02375794257892327
1710.0,Vendéglátás,2024-09-17 13:39:30,2024.09.18 4159956198 McDonalds 34800019       -GOOGLE,Kimenő,VÁSÁRLÁS KÁRTYÁVAL,3Dye4gBbAdPQSto3WbqgkBu6lrj2,none,,f7ac0e84-196a-4bde-be85-b8320f6c1584,9,2024,1,False,3,False,False,38,17,30,2296.128205128205,78,179098.0,35600.0,98.0,False,,,30.0,0.0,668.8461538461538,26,0.009547845313738847
798.0,Ruházat,2024-09-17 14:55:42,2024.09.17 4159956198 C&F                      -ÉRINTŐ,Kimenő,VÁSÁRLÁS KÁRTYÁVAL,3Dye4gBbAdPQSto3WbqgkBu6lrj2,none,,6ffbac28-b870-4a71-98e9-1ab83f33395a,9,2024,1,False,3,False,False,38,17,30,2296.128205128205,78,179098.0,35600.0,98.0,False,,,30.0,0.0,2761.5,2,0.004455661146411462
750.0,Nem kategorizált,2024-09-17 15:53:31,20240917_d355cd99-60a7-429a-a146-0a4d8589b1d9,Bejövő,AZONNALI ÁTUTALÁS,3Dye4gBbAdPQSto3WbqgkBu6lrj2,none,,0f8c7bc8-365f-4989-b698-789e5ae749a3,9,2024,1,False,3,False,False,38,17,30,2296.128205128205,78,179098.0,35600.0,98.0,False,,,30.0,0.0,9600.0,4,0.004187651453394231
2398.0,Bevásárlás,2024-09-17 21:39:27,2024.09.17 4159956198 TESCO 41420 ÖNKISZOLG    -ÉRINTŐ,Kimenő,VÁSÁRLÁS KÁRTYÁVAL,3Dye4gBbAdPQSto3WbqgkBu6lrj2,none,,02b5b3a7-d770-4376-8f50-44fc80243902,9,2024,1,False,3,False,False,38,17,30,2296.128205128205,78,179098.0,35600.0,98.0,False,,,30.0,0.0,2191.2903225806454,31,0.013389317580319155
1500.0,Vendéglátás,2024-09-18 12:18:36,2024.09.18 4159956198 SZOTE  telbąr Kft.       -ÉRINTŐ,Kimenő,VÁSÁRLÁS KÁRTYÁVAL,3Dye4gBbAdPQSto3WbqgkBu6lrj2,none,,5c0b1c7d-d9fa-47ad-a16f-8800f160558a,9,2024,2,False,3,False,False,38,18,30,2296.128205128205,78,179098.0,35600.0,98.0,False,,,30.0,0.0,668.8461538461538,26,0.008375302906788461
439.0,Vendéglátás,2024-09-18 17:43:54,2024.09.18 4159956198 F LEGYH ZI P KS G 71     -ÉRINTŐ,Kimenő,VÁSÁRLÁS KÁRTYÁVAL,3Dye4gBbAdPQSto3WbqgkBu6lrj2,none,,77da92d9-6c4b-4995-9d7d-d11f8590f786,9,2024,2,False,3,False,False,38,18,30,2296.128205128205,78,179098.0,35600.0,98.0,False,,,30.0,0.0,668.8461538461538,26,0.002451171984053423
350.0,Vendéglátás,2024-09-18 17:48:35,"2024.09.18 4159956198 NYX*ReferenciaCafeKft    -ÉRINTŐ 0,890EUR    0,",Kimenő,VÁSÁRLÁS KÁRTYÁVAL,3Dye4gBbAdPQSto3WbqgkBu6lrj2,none,,29fe0d96-bc39-461b-9ca2-71b6c8d1aee8,9,2024,2,False,3,False,False,38,18,30,2296.128205128205,78,179098.0,35600.0,98.0,False,,,30.0,0.0,668.8461538461538,26,0.001954237344917308
349.0,Vendéglátás,2024-09-19 13:47:48,2024.09.19 4159956198 ARADI NON-STOP BOLT      -ÉRINTŐ,Kimenő,VÁSÁRLÁS KÁRTYÁVAL,3Dye4gBbAdPQSto3WbqgkBu6lrj2,none,,56b00881-6f6f-4212-bb39-c2e46e59f55a,9,2024,3,False,3,False,False,38,19,30,2296.128205128205,78,179098.0,35600.0,98.0,False,,,30.0,0.0,668.8461538461538,26,0.0019486538096461156
1448.0,Bevásárlás,2024-09-19 17:53:28,2024.09.19 4159956198 KÁROLYI ABC              -ÉRINTŐ,Kimenő,VÁSÁRLÁS KÁRTYÁVAL,3Dye4gBbAdPQSto3WbqgkBu6lrj2,none,,1ba924a8-97ec-4ecb-a9bc-2b03079e8a68,9,2024,3,False,3,False,False,38,19,30,2296.128205128205,78,179098.0,35600.0,98.0,False,,,30.0,0.0,2191.2903225806454,31,0.008084959072686462
600.0,Vendéglátás,2024-09-20 12:35:36,2024.09.20 4159956198 F LEGYH ZI P KS G 71     -ÉRINTŐ,Kimenő,VÁSÁRLÁS KÁRTYÁVAL,3Dye4gBbAdPQSto3WbqgkBu6lrj2,none,,1c399e74-6feb-4582-adf1-4286c71afa42,9,2024,4,False,3,False,False,38,20,30,2296.128205128205,78,179098.0,35600.0,98.0,False,,,30.0,0.0,668.8461538461538,26,0.0033501211627153847
1277.0,Bevásárlás,2024-09-20 16:15:11,2024.09.20 4159956198 ALDI 122.SZ.             -ÉRINTŐ,Kimenő,VÁSÁRLÁS KÁRTYÁVAL,3Dye4gBbAdPQSto3WbqgkBu6lrj2,none,,9aba5f0d-74a2-4b04-8d7e-68eed48ec09f,9,2024,4,False,3,False,False,38,20,30,2296.128205128205,78,179098.0,35600.0,98.0,False,,,30.0,0.0,2191.2903225806454,31,0.007130174541312578
189.0,Bevásárlás,2024-09-23 08:27:40,2024.09.23 4159956198 TESCO 41420 ÖNKISZOLG    -ÉRINTŐ,Kimenő,VÁSÁRLÁS KÁRTYÁVAL,3Dye4gBbAdPQSto3WbqgkBu6lrj2,none,,aa0b0c7c-7071-4b65-84e1-e80d4c57678c,9,2024,0,False,3,False,False,39,23,30,2296.128205128205,78,179098.0,35600.0,98.0,False,,,30.0,0.0,2191.2903225806454,31,0.0010552881662553462
280.0,Vendéglátás,2024-09-23 08:28:57,"2024.09.23 4159956198 NYX*HELLAUTOMATAUeZEME   -ÉRINTŐ 0,710EUR    0,",Kimenő,VÁSÁRLÁS KÁRTYÁVAL,3Dye4gBbAdPQSto3WbqgkBu6lrj2,none,,cfd3045a-bfd0-4953-9e3c-bb53b4f892cf,9,2024,0,False,3,False,False,39,23,30,2296.128205128205,78,179098.0,35600.0,98.0,False,,,30.0,0.0,668.8461538461538,26,0.0015633898759338462
350.0,Vendéglátás,2024-09-23 11:32:55,"2024.09.23 4159956198 NYX*ReferenciaCafeKft    -ÉRINTŐ 0,890EUR    0,",Kimenő,VÁSÁRLÁS KÁRTYÁVAL,3Dye4gBbAdPQSto3WbqgkBu6lrj2,none,,9a2601a8-0e61-42cc-87be-198e53ac9c06,9,2024,0,False,3,False,False,39,23,30,2296.128205128205,78,179098.0,35600.0,98.0,False,,,30.0,0.0,668.8461538461538,26,0.001954237344917308
1500.0,Vendéglátás,2024-09-23 12:39:49,2024.09.23 4159956198 SZOTE  telbąr Kft.       -ÉRINTŐ,Kimenő,VÁSÁRLÁS KÁRTYÁVAL,3Dye4gBbAdPQSto3WbqgkBu6lrj2,none,,ad723836-1e9d-493b-bc66-94e4883727cf,9,2024,0,False,3,False,False,39,23,30,2296.128205128205,78,179098.0,35600.0,98.0,False,,,30.0,0.0,668.8461538461538,26,0.008375302906788461
350.0,Vendéglátás,2024-09-23 17:49:31,"2024.09.23 4159956198 NYX*ReferenciaCafeKft    -ÉRINTŐ 0,890EUR    0,",Kimenő,VÁSÁRLÁS KÁRTYÁVAL,3Dye4gBbAdPQSto3WbqgkBu6lrj2,none,,7b496545-f367-429a-8d7a-33b0c26c90d4,9,2024,0,False,3,False,False,39,23,30,2296.128205128205,78,179098.0,35600.0,98.0,False,,,30.0,0.0,668.8461538461538,26,0.001954237344917308
1342.0,Bevásárlás,2024-09-23 20:50:39,2024.09.23 4159956198 TESCO 41420 ÖNKISZOLG    -ÉRINTŐ,Kimenő,VÁSÁRLÁS KÁRTYÁVAL,3Dye4gBbAdPQSto3WbqgkBu6lrj2,none,,c2235093-690c-4a55-9e45-42db353eca0c,9,2024,0,False,3,False,False,39,23,30,2296.128205128205,78,179098.0,35600.0,98.0,False,,,30.0,0.0,2191.2903225806454,31,0.007493104333940077
1225.0,Bevásárlás,2024-09-24 13:05:34,2024.09.24 4159956198 ALDI 245.SZ.             -ÉRINTŐ,Kimenő,VÁSÁRLÁS KÁRTYÁVAL,3Dye4gBbAdPQSto3WbqgkBu6lrj2,none,,2cff0554-af96-4755-88c5-8f5745e13dff,9,2024,1,False,3,False,False,39,24,30,2296.128205128205,78,179098.0,35600.0,98.0,False,,,30.0,0.0,2191.2903225806454,31,0.006839830707210577
1500.0,"Számlák, rezsi",2024-09-24 19:46:11,"2024.09.24 4159956198 SQUARETRADE EUROPE 3,810EUR    0,",Kimenő,VÁSÁRLÁS KÁRTYÁVAL,3Dye4gBbAdPQSto3WbqgkBu6lrj2,none,,3a96c89b-d624-483c-b098-22fd68427aa8,9,2024,1,False,3,False,False,39,24,30,2296.128205128205,78,179098.0,35600.0,98.0,False,,,30.0,0.0,3228.6666666666665,3,0.008375302906788461
1500.0,Vendéglátás,2024-09-26 11:48:50,2024.09.26 4159956198 SZOTE  telbąr Kft.       -ÉRINTŐ,Kimenő,VÁSÁRLÁS KÁRTYÁVAL,3Dye4gBbAdPQSto3WbqgkBu6lrj2,none,,b6554d3a-27d9-4eed-b7c0-1daff93115d6,9,2024,3,False,3,False,True,39,26,30,2296.128205128205,78,179098.0,35600.0,98.0,False,,,30.0,0.0,668.8461538461538,26,0.008375302906788461
309.0,Bevásárlás,2024-09-26 13:14:51,2024.09.26 4159956198 Goods Market2            -ÉRINTŐ,Kimenő,VÁSÁRLÁS KÁRTYÁVAL,3Dye4gBbAdPQSto3WbqgkBu6lrj2,none,,fae7d18f-00fb-4430-85df-ba615af6c992,9,2024,3,False,3,False,True,39,26,30,2296.128205128205,78,179098.0,35600.0,98.0,False,,,30.0,0.0,2191.2903225806454,31,0.0017253123987984232
360.0,Vendéglátás,2024-09-26 13:33:30,2024.09.26 4159956198 F LEGYH ZI P KS G 71     -ÉRINTŐ,Kimenő,VÁSÁRLÁS KÁRTYÁVAL,3Dye4gBbAdPQSto3WbqgkBu6lrj2,none,,6894b780-7c57-45b3-8f31-4fc29e78ed3c,9,2024,3,False,3,False,True,39,26,30,2296.128205128205,78,179098.0,35600.0,98.0,False,,,30.0,0.0,668.8461538461538,26,0.0020100726976292308
638.0,Bevásárlás,2024-09-26 20:07:12,2024.09.26 4159956198 KÁROLYI ABC              -ÉRINTŐ,Kimenő,VÁSÁRLÁS KÁRTYÁVAL,3Dye4gBbAdPQSto3WbqgkBu6lrj2,none,,e57a2d0f-d555-4f5c-a7d3-9b84e8de0749,9,2024,3,False,3,False,True,39,26,30,2296.128205128205,78,179098.0,35600.0,98.0,False,,,30.0,0.0,2191.2903225806454,31,0.0035622955030206924
4600.0,Bevásárlás,2024-09-27 12:08:41,2024.09.27 4159956198 NEMZETI DOHÁNYBOLT       -ÉRINTŐ,Kimenő,VÁSÁRLÁS KÁRTYÁVAL,3Dye4gBbAdPQSto3WbqgkBu6lrj2,none,,7f5e8c70-02bc-43f4-a636-40ad00641a0e,9,2024,4,False,3,False,True,39,27,30,2296.128205128205,78,179098.0,35600.0,98.0,False,,,30.0,0.0,2191.2903225806454,31,0.02568426224748462
448.0,Bevásárlás,2024-09-27 12:42:14,2024.09.27 4159956198 ALDI 122.SZ.             -ÉRINTŐ,Kimenő,VÁSÁRLÁS KÁRTYÁVAL,3Dye4gBbAdPQSto3WbqgkBu6lrj2,none,,5d5f1346-dc85-4522-b5e7-c24273a5c31f,9,2024,4,False,3,False,True,39,27,30,2296.128205128205,78,179098.0,35600.0,98.0,False,,,30.0,0.0,2191.2903225806454,31,0.002501423801494154
1000.0,Készpénz felvétel,2024-09-27 18:13:34,"2024.09.27 4159956198 Budapest,XIV.Hungária krt",Kimenő,KÉSZPÉNZFELVÉT ATM-BŐL,3Dye4gBbAdPQSto3WbqgkBu6lrj2,none,,385e5acd-6022-4ebb-890f-83fd089c86f9,9,2024,4,False,3,False,True,39,27,30,2296.128205128205,78,179098.0,35600.0,98.0,False,,,30.0,0.0,10000.0,2,0.005583535271192308
580.0,Vendéglátás,2024-09-29 16:37:01,2024.09.29 4159956198 TRIO Pizza Fornetti      -ÉRINTŐ,Kimenő,VÁSÁRLÁS KÁRTYÁVAL,3Dye4gBbAdPQSto3WbqgkBu6lrj2,none,,9180a1b1-60ca-4b7b-9fc3-caf0f0abd1aa,9,2024,6,True,3,False,True,39,29,30,2296.128205128205,78,179098.0,35600.0,98.0,False,,,30.0,0.0,668.8461538461538,26,0.0032384504572915388
369.0,Bevásárlás,2024-09-30 12:27:53,2024.09.30 4159956198 KÁROLYI ABC              -ÉRINTŐ,Kimenő,VÁSÁRLÁS KÁRTYÁVAL,3Dye4gBbAdPQSto3WbqgkBu6lrj2,none,,b24745a7-8db7-46f6-8635-bdc03ed663bb,9,2024,0,False,3,False,True,40,30,30,2296.128205128205,78,179098.0,35600.0,98.0,False,,,30.0,0.0,2191.2903225806454,31,0.0020603245150699616
4150.0,Bevásárlás,2024-09-30 16:55:39,2024.09.30 4159956198 TESCO 41420 ÖNKISZOLG    -ÉRINTŐ,Kimenő,VÁSÁRLÁS KÁRTYÁVAL,3Dye4gBbAdPQSto3WbqgkBu6lrj2,none,,97b288de-2c4d-47fb-b9da-defa5993626d,9,2024,0,False,3,False,True,40,30,30,2296.128205128205,78,179098.0,35600.0,98.0,False,,,30.0,0.0,2191.2903225806454,31,0.02317167137544808
1490.0,Vendéglátás,2024-10-01 14:04:54,2024.10.02 4159956198 Fusion Befektetesi       -GOOGLE,Kimenő,VÁSÁRLÁS KÁRTYÁVAL,3Dye4gBbAdPQSto3WbqgkBu6lrj2,none,,13e8b464-9b47-4be4-b014-cedac3ffbc45,10,2024,1,False,4,True,False,40,1,31,1737.7029702970297,101,175508.0,20600.0,192.0,False,,,30.0,0.0,799.1842105263158,38,0.00848964149782346
890.0,Vendéglátás,2024-10-01 14:22:11,2024.10.02 4159956198 Fusion Befektetesi       -GOOGLE,Kimenő,VÁSÁRLÁS KÁRTYÁVAL,3Dye4gBbAdPQSto3WbqgkBu6lrj2,none,,57208e9a-391c-4f38-9bde-9622ac534c0a,10,2024,1,False,4,True,False,40,1,31,1737.7029702970297,101,175508.0,20600.0,192.0,False,,,30.0,0.0,799.1842105263158,38,0.005070993914807302
957.0,Bevásárlás,2024-10-01 20:12:38,2024.10.01 4159956198 ALDI 245.SZ.             -ÉRINTŐ,Kimenő,VÁSÁRLÁS KÁRTYÁVAL,3Dye4gBbAdPQSto3WbqgkBu6lrj2,none,,1e7c6235-922e-43b3-9c84-2d7ea54272ab,10,2024,1,False,4,True,False,40,1,31,1737.7029702970297,101,175508.0,20600.0,192.0,False,,,30.0,0.0,1551.0,37,0.005452742894910773
790.0,Vendéglátás,2024-10-02 16:49:42,"2024.10.02 4159956198 Nyugi-Kert Stillness     -ÉRINTŐ 1,990EUR    0,",Kimenő,VÁSÁRLÁS KÁRTYÁVAL,3Dye4gBbAdPQSto3WbqgkBu6lrj2,none,,f3d48bd8-886b-40e6-b4b7-aa3163e98171,10,2024,2,False,4,True,False,40,2,31,1737.7029702970297,101,175508.0,20600.0,192.0,False,,,30.0,0.0,799.1842105263158,38,0.004501219317637943
1900.0,Vendéglátás,2024-10-03 11:53:13,2024.10.03 4159956198 SZOTE  telbąr Kft.       -ÉRINTŐ,Kimenő,VÁSÁRLÁS KÁRTYÁVAL,3Dye4gBbAdPQSto3WbqgkBu6lrj2,none,,6f83e528-42cb-44d4-bed3-40120698f621,10,2024,3,False,4,True,False,40,3,31,1737.7029702970297,101,175508.0,20600.0,192.0,False,,,30.0,0.0,799.1842105263158,38,0.010825717346217836
309.0,Bevásárlás,2024-10-03 13:30:52,2024.10.03 4159956198 Goods Market2            -ÉRINTŐ,Kimenő,VÁSÁRLÁS KÁRTYÁVAL,3Dye4gBbAdPQSto3WbqgkBu6lrj2,none,,a118903e-71e7-4347-94bf-d46bfae11178,10,2024,3,False,4,True,False,40,3,31,1737.7029702970297,101,175508.0,20600.0,192.0,False,,,30.0,0.0,1551.0,37,0.0017606035052533217
360.0,Vendéglátás,2024-10-03 13:35:11,2024.10.03 4159956198 F LEGYH ZI P KS G 71     -ÉRINTŐ,Kimenő,VÁSÁRLÁS KÁRTYÁVAL,3Dye4gBbAdPQSto3WbqgkBu6lrj2,none,,d934bcc8-39da-4c20-afe3-44b1aeda898d,10,2024,3,False,4,True,False,40,3,31,1737.7029702970297,101,175508.0,20600.0,192.0,False,,,30.0,0.0,799.1842105263158,38,0.0020511885498096954
700.0,Nem kategorizált,2024-10-04 12:08:13,20241004_46b52f2e-dbde-4c32-baa9-9895fbee54b5,Bejövő,AZONNALI ÁTUTALÁS,3Dye4gBbAdPQSto3WbqgkBu6lrj2,none,,484fbdc8-a42e-493f-8d09-63c1f459fdd5,10,2024,4,False,4,True,False,40,4,31,1737.7029702970297,101,175508.0,20600.0,192.0,False,,,30.0,0.0,2970.0,5,0.0039884221801855186
500.0,Nem kategorizált,2024-10-04 12:09:17,20241004_04ff348e-92a8-4986-93bb-60195f37aeb5,Bejövő,AZONNALI ÁTUTALÁS,3Dye4gBbAdPQSto3WbqgkBu6lrj2,none,,678b477a-8547-4eb7-8dcb-fef303ec6639,10,2024,4,False,4,True,False,40,4,31,1737.7029702970297,101,175508.0,20600.0,192.0,False,,,30.0,0.0,2970.0,5,0.002848872985846799
1947.0,Bevásárlás,2024-10-04 12:49:22,2024.10.04 4159956198 TESCO 41420 ÖNKISZOLG    -ÉRINTŐ,Kimenő,VÁSÁRLÁS KÁRTYÁVAL,3Dye4gBbAdPQSto3WbqgkBu6lrj2,none,,04919537-73be-4bd6-9866-790ba27c6d95,10,2024,4,False,4,True,False,40,4,31,1737.7029702970297,101,175508.0,20600.0,192.0,False,,,30.0,0.0,1551.0,37,0.011093511406887436
1850.0,Bevásárlás,2024-10-04 13:56:51,2024.10.04 4159956198 NEMZETI DOHÁNYBOLT       -ÉRINTŐ,Kimenő,VÁSÁRLÁS KÁRTYÁVAL,3Dye4gBbAdPQSto3WbqgkBu6lrj2,none,,a29182e5-b9d3-4749-ac33-c7c63983a0e6,10,2024,4,False,4,True,False,40,4,31,1737.7029702970297,101,175508.0,20600.0,192.0,False,,,30.0,0.0,1551.0,37,0.010540830047633157
570.0,Vendéglátás,2024-10-04 14:30:27,2024.10.04 4159956198 Csiga PÚksÚg -Bem utca   -ÉRINTŐ,Kimenő,VÁSÁRLÁS KÁRTYÁVAL,3Dye4gBbAdPQSto3WbqgkBu6lrj2,none,,310ea82c-6962-4aa4-9186-cab78b521a11,10,2024,4,False,4,True,False,40,4,31,1737.7029702970297,101,175508.0,20600.0,192.0,False,,,30.0,0.0,799.1842105263158,38,0.003247715203865351
599.0,Vendéglátás,2024-10-04 14:38:02,2024.10.04 4159956198 MÁV SZEGED BÜFÉ          -ÉRINTŐ,Kimenő,VÁSÁRLÁS KÁRTYÁVAL,3Dye4gBbAdPQSto3WbqgkBu6lrj2,none,,e401d9c1-e9d1-44f1-ba7f-07348468b28e,10,2024,4,False,4,True,False,40,4,31,1737.7029702970297,101,175508.0,20600.0,192.0,False,,,30.0,0.0,799.1842105263158,38,0.003412949837044465
18640.0,"Számlák, rezsi",2024-10-06 15:35:40,2024.10.06 4159956198 OTPMOBL*NEPTUN.U-SZEGE,Kimenő,VÁSÁRLÁS KÁRTYÁVAL,3Dye4gBbAdPQSto3WbqgkBu6lrj2,none,,95b5b597-5478-4b79-8f72-ebace19b0037,10,2024,6,True,4,False,False,40,6,31,1737.7029702970297,101,175508.0,20600.0,192.0,False,,,30.0,0.0,10991.5,4,0.10620598491236867
20600.0,"Számlák, rezsi",2024-10-06 15:37:38,2024.10.06 4159956198 OTPMOBL*allianz,Kimenő,VÁSÁRLÁS KÁRTYÁVAL,3Dye4gBbAdPQSto3WbqgkBu6lrj2,none,,664dce97-e2dd-455e-bd13-516dabbb7367,10,2024,6,True,4,False,False,40,6,31,1737.7029702970297,101,175508.0,20600.0,192.0,False,,,30.0,0.0,10991.5,4,0.11737356701688811
899.0,Vendéglátás,2024-10-07 17:34:08,2024.10.07 4159956198 F LEGYH ZI P KS G 71     -ÉRINTŐ,Kimenő,VÁSÁRLÁS KÁRTYÁVAL,3Dye4gBbAdPQSto3WbqgkBu6lrj2,none,,3dacccac-2e05-423c-9d3e-f5ac0efb0028,10,2024,0,False,4,False,False,41,7,31,1737.7029702970297,101,175508.0,20600.0,192.0,False,,,30.0,0.0,799.1842105263158,38,0.005122273628552544
309.0,Bevásárlás,2024-10-07 17:43:39,2024.10.07 4159956198 Goods Market2            -ÉRINTŐ,Kimenő,VÁSÁRLÁS KÁRTYÁVAL,3Dye4gBbAdPQSto3WbqgkBu6lrj2,none,,3a3fc9b7-8b2a-471b-b067-fa0f03db5bac,10,2024,0,False,4,False,False,41,7,31,1737.7029702970297,101,175508.0,20600.0,192.0,False,,,30.0,0.0,1551.0,37,0.0017606035052533217
2540.0,Egyéb,2024-10-07 20:25:22,2024.10.07 4159956198 BORKÁPOLNA SZEGED        -ÉRINTŐ,Kimenő,VÁSÁRLÁS KÁRTYÁVAL,3Dye4gBbAdPQSto3WbqgkBu6lrj2,none,,db57af9e-f531-4465-9bc3-5a57e5418c37,10,2024,0,False,4,False,False,41,7,31,1737.7029702970297,101,175508.0,20600.0,192.0,False,,,30.0,0.0,1000.1666666666666,6,0.014472274768101739
780.0,Egyéb,2024-10-07 21:01:52,2024.10.07 4159956198 BORKÁPOLNA SZEGED        -ÉRINTŐ,Kimenő,VÁSÁRLÁS KÁRTYÁVAL,3Dye4gBbAdPQSto3WbqgkBu6lrj2,none,,2aa419b8-346c-4891-bfe7-6eaa0f2ac0f1,10,2024,0,False,4,False,False,41,7,31,1737.7029702970297,101,175508.0,20600.0,192.0,False,,,30.0,0.0,1000.1666666666666,6,0.004444241857921007
321.0,Egyéb,2024-10-07 22:20:00,,Kimenő,ESETI MEGBÍZÁSOK KÖLTSÉGE,3Dye4gBbAdPQSto3WbqgkBu6lrj2,none,,ad74bb05-5933-4342-9614-658d7ff0e5bb,10,2024,0,False,4,False,False,41,7,31,1737.7029702970297,101,175508.0,20600.0,192.0,False,,,30.0,0.0,1000.1666666666666,6,0.001828976456913645
500.0,Utalás,2024-10-07 22:20:56,Burgir,Kimenő,AZONNALI ÁTUTALÁS,3Dye4gBbAdPQSto3WbqgkBu6lrj2,none,,542ff3da-bd5e-48cf-9716-7bd7d40a5821,10,2024,0,False,4,False,False,41,7,31,1737.7029702970297,101,175508.0,20600.0,192.0,False,,,30.0,0.0,500.0,1,0.002848872985846799
890.0,Vendéglátás,2024-10-07 22:23:10,2024.10.07 4159956198 MCD SZEGED 1.            -ÉRINTŐ,Kimenő,VÁSÁRLÁS KÁRTYÁVAL,3Dye4gBbAdPQSto3WbqgkBu6lrj2,none,,08d8c19c-4142-45f5-a9e4-eaa5b92ae074,10,2024,0,False,4,False,False,41,7,31,1737.7029702970297,101,175508.0,20600.0,192.0,False,,,30.0,0.0,799.1842105263158,38,0.005070993914807302
8291.0,Bevásárlás,2024-10-08 09:24:47,2024.10.08 4159956198 TESCO 41420 ÖNKISZOLG    -ÉRINTŐ,Kimenő,VÁSÁRLÁS KÁRTYÁVAL,3Dye4gBbAdPQSto3WbqgkBu6lrj2,none,,90d0a00f-aceb-41ac-90e2-60f3526b6247,10,2024,1,False,4,False,False,41,8,31,1737.7029702970297,101,175508.0,20600.0,192.0,False,,,30.0,0.0,1551.0,37,0.047240011851311624
1500.0,Bevásárlás,2024-10-08 13:41:50,"2024.10.08 4159956198 Borcsok Karoly Jozsef    -ÉRINTŐ 3,730EUR    0,",Kimenő,VÁSÁRLÁS KÁRTYÁVAL,3Dye4gBbAdPQSto3WbqgkBu6lrj2,none,,f9cb6d0d-b620-42af-9823-3499aaa7a89d,10,2024,1,False,4,False,False,41,8,31,1737.7029702970297,101,175508.0,20600.0,192.0,False,,,30.0,0.0,1551.0,37,0.008546618957540397
3226.0,"Számlák, rezsi",2024-10-09 04:19:06,"2024.10.09 4159956198 NETFLIX.COM 7,990EUR  403,7600",Kimenő,VÁSÁRLÁS KÁRTYÁVAL,3Dye4gBbAdPQSto3WbqgkBu6lrj2,none,,502b93d7-b5f0-4d0c-8cea-f607074b289b,10,2024,2,False,4,False,False,41,9,31,1737.7029702970297,101,175508.0,20600.0,192.0,False,,,30.0,0.0,10991.5,4,0.018380928504683546
1316.0,Bevásárlás,2024-10-10 12:52:40,2024.10.10 4159956198 ALDI 122.SZ.             -ÉRINTŐ,Kimenő,VÁSÁRLÁS KÁRTYÁVAL,3Dye4gBbAdPQSto3WbqgkBu6lrj2,none,,748891b9-88ff-4af8-a01f-7c5ee0d9f396,10,2024,3,False,4,False,False,41,10,31,1737.7029702970297,101,175508.0,20600.0,192.0,False,,,30.0,0.0,1551.0,37,0.007498233698748775
2798.0,"Egészség, szépség",2024-10-10 13:07:36,2024.10.10 4159956198 ROSSMANN 272.            -ÉRINTŐ,Kimenő,VÁSÁRLÁS KÁRTYÁVAL,3Dye4gBbAdPQSto3WbqgkBu6lrj2,none,,268a0b31-d699-44d4-91ec-502a3458dff6,10,2024,3,False,4,False,False,41,10,31,1737.7029702970297,101,175508.0,20600.0,192.0,False,,,30.0,0.0,2798.0,1,0.015942293228798688
360.0,Vendéglátás,2024-10-10 15:37:28,2024.10.10 4159956198 F LEGYH ZI P KS G 71     -ÉRINTŐ,Kimenő,VÁSÁRLÁS KÁRTYÁVAL,3Dye4gBbAdPQSto3WbqgkBu6lrj2,none,,b3b36742-f962-478a-9149-aeb6a2032fdc,10,2024,3,False,4,False,False,41,10,31,1737.7029702970297,101,175508.0,20600.0,192.0,False,,,30.0,0.0,799.1842105263158,38,0.0020511885498096954
11900.0,Nem kategorizált,2024-10-10 15:49:00,GIROKOZLEMENY,Bejövő,NAPKÖZBENI ÁTUTALÁS (CSOPORTOS),3Dye4gBbAdPQSto3WbqgkBu6lrj2,none,,df456299-104e-49be-b8e7-808bcf2ddb32,10,2024,3,False,4,False,False,41,10,31,1737.7029702970297,101,175508.0,20600.0,192.0,False,,,30.0,0.0,2970.0,5,0.06780317706315382
358.0,Bevásárlás,2024-10-11 09:31:43,2024.10.11 4159956198 Goods Market2            -ÉRINTŐ,Kimenő,VÁSÁRLÁS KÁRTYÁVAL,3Dye4gBbAdPQSto3WbqgkBu6lrj2,none,,efd9761c-b60b-4fc6-9fcf-e9b49f19ed0d,10,2024,4,False,4,False,False,41,11,31,1737.7029702970297,101,175508.0,20600.0,192.0,False,,,30.0,0.0,1551.0,37,0.002039793057866308
799.0,Vendéglátás,2024-10-11 09:35:27,2024.10.11 4159956198 F LEGYH ZI P KS G 71     -ÉRINTŐ,Kimenő,VÁSÁRLÁS KÁRTYÁVAL,3Dye4gBbAdPQSto3WbqgkBu6lrj2,none,,31ee4d7b-2f9b-484c-b6b6-28b3b926426a,10,2024,4,False,4,False,False,41,11,31,1737.7029702970297,101,175508.0,20600.0,192.0,False,,,30.0,0.0,799.1842105263158,38,0.004552499031383185
1890.0,Közlekedés,2024-10-11 12:27:59,2024.10.11 4159956198 OTPMOBL*VIMPAY.MAV-STA,Kimenő,VÁSÁRLÁS KÁRTYÁVAL,3Dye4gBbAdPQSto3WbqgkBu6lrj2,none,,006ed96a-c606-4d3c-b962-0f1ee4230ba7,10,2024,4,False,4,False,False,41,11,31,1737.7029702970297,101,175508.0,20600.0,192.0,False,,,30.0,0.0,1177.5,4,0.0107687398865009
1090.0,Vendéglátás,2024-10-11 16:21:26,"2024.10.11 4159956198 Lipoti Pekseg - Baross   -ÉRINTŐ 2,720EUR    0,",Kimenő,VÁSÁRLÁS KÁRTYÁVAL,3Dye4gBbAdPQSto3WbqgkBu6lrj2,none,,01eb161c-17cc-43e5-8a82-88b61af8338d,10,2024,4,False,4,False,False,41,11,31,1737.7029702970297,101,175508.0,20600.0,192.0,False,,,30.0,0.0,799.1842105263158,38,0.006210543109146022
250.0,Bevásárlás,2024-10-11 16:23:47,"2024.10.11 4159956198 Vendo Box Keleti pu.     -ÉRINTŐ 0,620EUR    0,",Kimenő,VÁSÁRLÁS KÁRTYÁVAL,3Dye4gBbAdPQSto3WbqgkBu6lrj2,none,,a918a643-a90b-490b-8448-ab263200b151,10,2024,4,False,4,False,False,41,11,31,1737.7029702970297,101,175508.0,20600.0,192.0,False,,,30.0,0.0,1551.0,37,0.0014244364929233994
2100.0,Bevásárlás,2024-10-11 20:29:38,2024.10.11 4159956198 NEMZETI DOHÁNYBOLT       -ÉRINTŐ,Kimenő,VÁSÁRLÁS KÁRTYÁVAL,3Dye4gBbAdPQSto3WbqgkBu6lrj2,none,,dd179be0-860d-4bdf-b51c-c0bf67c71db2,10,2024,4,False,4,False,False,41,11,31,1737.7029702970297,101,175508.0,20600.0,192.0,False,,,30.0,0.0,1551.0,37,0.011965266540556557
250.0,Bevásárlás,2024-10-12 10:24:24,"2024.10.12 4159956198 Vendo Box Keleti pu.     -ÉRINTŐ 0,620EUR    0,",Kimenő,VÁSÁRLÁS KÁRTYÁVAL,3Dye4gBbAdPQSto3WbqgkBu6lrj2,none,,b8faaa95-4404-403a-a399-f9654d408514,10,2024,5,True,4,False,False,41,12,31,1737.7029702970297,101,175508.0,20600.0,192.0,False,,,30.0,0.0,1551.0,37,0.0014244364929233994
9000.0,Szórakozás,2024-10-12 11:02:11,"2024.10.12 4159956198 MANGAFAN KFT             -ÉRINTŐ 22,440EUR    0,",Kimenő,VÁSÁRLÁS KÁRTYÁVAL,3Dye4gBbAdPQSto3WbqgkBu6lrj2,none,,894103a9-6cfe-4a10-a0bd-986993947da3,10,2024,5,True,4,False,False,41,12,31,1737.7029702970297,101,175508.0,20600.0,192.0,False,,,30.0,0.0,3766.6666666666665,3,0.05127971374524238
450.0,Bevásárlás,2024-10-12 11:40:28,2024.10.12 4159956198 Perenyi Zoltan e. v      -ÉRINTŐ,Kimenő,VÁSÁRLÁS KÁRTYÁVAL,3Dye4gBbAdPQSto3WbqgkBu6lrj2,none,,df520dbe-0e66-42fa-8b16-e17def313ad6,10,2024,5,True,4,False,False,41,12,31,1737.7029702970297,101,175508.0,20600.0,192.0,False,,,30.0,0.0,1551.0,37,0.002563985687262119
800.0,Egyéb,2024-10-12 11:44:01,"2024.10.12 4159956198 VEGHNE KISS MONIKA EV.   -ÉRINTŐ 1,990EUR    0,",Kimenő,VÁSÁRLÁS KÁRTYÁVAL,3Dye4gBbAdPQSto3WbqgkBu6lrj2,none,,b047aab2-315a-4895-8f40-9890cd852c62,10,2024,5,True,4,False,False,41,12,31,1737.7029702970297,101,175508.0,20600.0,192.0,False,,,30.0,0.0,1000.1666666666666,6,0.004558196777354878
2500.0,Bevásárlás,2024-10-12 11:55:04,2024.10.12 4159956198 Biutea Hungary kft.      -ÉRINTŐ,Kimenő,VÁSÁRLÁS KÁRTYÁVAL,3Dye4gBbAdPQSto3WbqgkBu6lrj2,none,,c315a486-57f0-49a3-b1f8-d69f6029847a,10,2024,5,True,4,False,False,41,12,31,1737.7029702970297,101,175508.0,20600.0,192.0,False,,,30.0,0.0,1551.0,37,0.014244364929233994
1500.0,Vendéglátás,2024-10-12 14:09:33,"2024.10.12 4159956198 RND - Terez korut Szez   -ÉRINTŐ 3,740EUR    0,",Kimenő,VÁSÁRLÁS KÁRTYÁVAL,3Dye4gBbAdPQSto3WbqgkBu6lrj2,none,,084df10a-cb5b-46bc-9472-7022d974db81,10,2024,5,True,4,False,False,41,12,31,1737.7029702970297,101,175508.0,20600.0,192.0,False,,,30.0,0.0,799.1842105263158,38,0.008546618957540397
1500.0,Bevásárlás,2024-10-12 15:22:53,2024.10.12 4159956198 PHAM  NHAT VI            -ÉRINTŐ,Kimenő,VÁSÁRLÁS KÁRTYÁVAL,3Dye4gBbAdPQSto3WbqgkBu6lrj2,none,,63da0ab3-7bde-48cc-acaf-ef2cf97118b9,10,2024,5,True,4,False,False,41,12,31,1737.7029702970297,101,175508.0,20600.0,192.0,False,,,30.0,0.0,1551.0,37,0.008546618957540397
780.0,Bevásárlás,2024-10-12 16:30:10,2024.10.12 4159956198 DELIKÁTESZ CSEMEGE       -ÉRINTŐ,Kimenő,VÁSÁRLÁS KÁRTYÁVAL,3Dye4gBbAdPQSto3WbqgkBu6lrj2,none,,80d0adda-9601-4d1b-a1ca-ee7e812bf17e,10,2024,5,True,4,False,False,41,12,31,1737.7029702970297,101,175508.0,20600.0,192.0,False,,,30.0,0.0,1551.0,37,0.004444241857921007
980.0,Bevásárlás,2024-10-13 14:14:32,2024.10.13 4159956198 BEKE CSEMEGE             -ÉRINTŐ,Kimenő,VÁSÁRLÁS KÁRTYÁVAL,3Dye4gBbAdPQSto3WbqgkBu6lrj2,none,,0756a37d-c899-4e9e-800d-dd7bcb1bfd78,10,2024,6,True,4,False,False,41,13,31,1737.7029702970297,101,175508.0,20600.0,192.0,False,,,30.0,0.0,1551.0,37,0.005583791052259726
250.0,Bevásárlás,2024-10-13 18:27:06,"2024.10.13 4159956198 Vendo Box Keleti pu.     -ÉRINTŐ 0,620EUR    0,",Kimenő,VÁSÁRLÁS KÁRTYÁVAL,3Dye4gBbAdPQSto3WbqgkBu6lrj2,none,,ea2204d0-f433-4119-9d36-8f3dcab7e0a2,10,2024,6,True,4,False,False,41,13,31,1737.7029702970297,101,175508.0,20600.0,192.0,False,,,30.0,0.0,1551.0,37,0.0014244364929233994
940.0,Közlekedés,2024-10-13 19:13:30,2024.10.13 4159956198 OTPMOBL*VIMPAY.MAV-STA,Kimenő,VÁSÁRLÁS KÁRTYÁVAL,3Dye4gBbAdPQSto3WbqgkBu6lrj2,none,,b395f1a7-4270-4a22-b515-da816077dc4f,10,2024,6,True,4,False,False,41,13,31,1737.7029702970297,101,175508.0,20600.0,192.0,False,,,30.0,0.0,1177.5,4,0.005355881213391982
649.0,Vendéglátás,2024-10-13 19:16:40,2024.10.13 4159956198 TRIO Pizza Fornetti      -ÉRINTŐ,Kimenő,VÁSÁRLÁS KÁRTYÁVAL,3Dye4gBbAdPQSto3WbqgkBu6lrj2,none,,37fd43ee-10bc-47d8-9619-6bd64d2b8aaf,10,2024,6,True,4,False,False,41,13,31,1737.7029702970297,101,175508.0,20600.0,192.0,False,,,30.0,0.0,799.1842105263158,38,0.0036978371356291453
350.0,Vendéglátás,2024-10-14 10:14:40,"2024.10.14 4159956198 NYX*ReferenciaCafeKft    -ÉRINTŐ 0,870EUR    0,",Kimenő,VÁSÁRLÁS KÁRTYÁVAL,3Dye4gBbAdPQSto3WbqgkBu6lrj2,none,,86ead4cc-6374-4970-9ec7-f2c3b1e5d9c2,10,2024,0,False,4,False,False,42,14,31,1737.7029702970297,101,175508.0,20600.0,192.0,False,,,30.0,0.0,799.1842105263158,38,0.0019942110900927593
799.0,Vendéglátás,2024-10-14 13:14:18,2024.10.14 4159956198 F LEGYH ZI P KS G 71     -ÉRINTŐ,Kimenő,VÁSÁRLÁS KÁRTYÁVAL,3Dye4gBbAdPQSto3WbqgkBu6lrj2,none,,390bf3b9-b4a3-447f-b81e-74833ecb13ee,10,2024,0,False,4,False,False,42,14,31,1737.7029702970297,101,175508.0,20600.0,192.0,False,,,30.0,0.0,799.1842105263158,38,0.004552499031383185
717.0,Bevásárlás,2024-10-14 13:29:36,2024.10.14 4159956198 Goods Market2            -ÉRINTŐ,Kimenő,VÁSÁRLÁS KÁRTYÁVAL,3Dye4gBbAdPQSto3WbqgkBu6lrj2,none,,0d08d0ae-95b4-4136-b299-b66b219e9dfd,10,2024,0,False,4,False,False,42,14,31,1737.7029702970297,101,175508.0,20600.0,192.0,False,,,30.0,0.0,1551.0,37,0.00408528386170431
250.0,Vendéglátás,2024-10-14 17:09:20,"2024.10.14 4159956198 NYX*CocaColaHBCMagyaro   -ÉRINTŐ 0,620EUR    0,",Kimenő,VÁSÁRLÁS KÁRTYÁVAL,3Dye4gBbAdPQSto3WbqgkBu6lrj2,none,,4f69e4d3-8bfe-43e0-ba89-96bd9ee65646,10,2024,0,False,4,False,False,42,14,31,1737.7029702970297,101,175508.0,20600.0,192.0,False,,,30.0,0.0,799.1842105263158,38,0.0014244364929233994
350.0,Vendéglátás,2024-10-14 17:41:29,"2024.10.14 4159956198 NYX*ReferenciaCafeKft    -ÉRINTŐ 0,870EUR    0,",Kimenő,VÁSÁRLÁS KÁRTYÁVAL,3Dye4gBbAdPQSto3WbqgkBu6lrj2,none,,7116bea8-9de1-47d5-a97c-713e3970e5ec,10,2024,0,False,4,False,False,42,14,31,1737.7029702970297,101,175508.0,20600.0,192.0,False,,,30.0,0.0,799.1842105263158,38,0.0019942110900927593
2050.0,Bevásárlás,2024-10-15 13:01:35,"2024.10.15 4159956198 Borcsok Karoly Jozsef    -ÉRINTŐ 5,110EUR    0,",Kimenő,VÁSÁRLÁS KÁRTYÁVAL,3Dye4gBbAdPQSto3WbqgkBu6lrj2,none,,b2879cf0-fd8b-430b-bf5b-4643ad1814c3,10,2024,1,False,4,False,False,42,15,31,1737.7029702970297,101,175508.0,20600.0,192.0,False,,,30.0,0.0,1551.0,37,0.011680379241971876
667.0,Bevásárlás,2024-10-15 13:20:55,2024.10.15 4159956198 Goods Market2            -ÉRINTŐ,Kimenő,VÁSÁRLÁS KÁRTYÁVAL,3Dye4gBbAdPQSto3WbqgkBu6lrj2,none,,9b7eb2ea-71df-4a27-8fd5-e44e692b40a1,10,2024,1,False,4,False,False,42,15,31,1737.7029702970297,101,175508.0,20600.0,192.0,False,,,30.0,0.0,1551.0,37,0.00380039656311963
1490.0,Vendéglátás,2024-10-15 20:09:37,2024.10.15 4159956198 Mojo Club,Kimenő,VÁSÁRLÁS KÁRTYÁVAL,3Dye4gBbAdPQSto3WbqgkBu6lrj2,none,,6ec7118a-ea9b-4470-8d55-acde51c36f09,10,2024,1,False,4,False,False,42,15,31,1737.7029702970297,101,175508.0,20600.0,192.0,False,,,30.0,0.0,799.1842105263158,38,0.00848964149782346
650.0,Vendéglátás,2024-10-15 20:37:06,2024.10.15 4159956198 Mojo Club                -ÉRINTŐ,Kimenő,VÁSÁRLÁS KÁRTYÁVAL,3Dye4gBbAdPQSto3WbqgkBu6lrj2,none,,bfe6a991-89e1-4f2d-98d5-36967f94018d,10,2024,1,False,4,False,False,42,15,31,1737.7029702970297,101,175508.0,20600.0,192.0,False,,,30.0,0.0,799.1842105263158,38,0.003703534881600839
1500.0,Vendéglátás,2024-10-16 14:36:05,2024.10.16 4159956198 SZOTE  telbąr Kft.       -ÉRINTŐ,Kimenő,VÁSÁRLÁS KÁRTYÁVAL,3Dye4gBbAdPQSto3WbqgkBu6lrj2,none,,e038ab6c-110e-4aa7-9b0f-4d0da1155024,10,2024,2,False,4,False,False,42,16,31,1737.7029702970297,101,175508.0,20600.0,192.0,False,,,30.0,0.0,799.1842105263158,38,0.008546618957540397
350.0,Vendéglátás,2024-10-16 17:47:14,"2024.10.16 4159956198 NYX*ReferenciaCafeKft    -ÉRINTŐ 0,870EUR    0,",Kimenő,VÁSÁRLÁS KÁRTYÁVAL,3Dye4gBbAdPQSto3WbqgkBu6lrj2,none,,0132aa4a-ba78-4a11-a983-7ad00e63148c,10,2024,2,False,4,False,False,42,16,31,1737.7029702970297,101,175508.0,20600.0,192.0,False,,,30.0,0.0,799.1842105263158,38,0.0019942110900927593
780.0,Egyéb,2024-10-16 21:18:28,2024.10.16 4159956198 BORKÁPOLNA SZEGED        -ÉRINTŐ,Kimenő,VÁSÁRLÁS KÁRTYÁVAL,3Dye4gBbAdPQSto3WbqgkBu6lrj2,none,,55a8bf8a-7885-48fc-9fb2-b4d41ba65adc,10,2024,2,False,4,False,False,42,16,31,1737.7029702970297,101,175508.0,20600.0,192.0,False,,,30.0,0.0,1000.1666666666666,6,0.004444241857921007
1500.0,Vendéglátás,2024-10-16 22:16:38,2024.10.16 4159956198 MCD SZEGED 1.            -ÉRINTŐ,Kimenő,VÁSÁRLÁS KÁRTYÁVAL,3Dye4gBbAdPQSto3WbqgkBu6lrj2,none,,3ae2df46-a5b8-476b-9023-de74bd91c90d,10,2024,2,False,4,False,False,42,16,31,1737.7029702970297,101,175508.0,20600.0,192.0,False,,,30.0,0.0,799.1842105263158,38,0.008546618957540397
204.0,Bevásárlás,2024-10-17 09:16:08,2024.10.17 4159956198 TESCO 41420 ÖNKISZOLG    -ÉRINTŐ,Kimenő,VÁSÁRLÁS KÁRTYÁVAL,3Dye4gBbAdPQSto3WbqgkBu6lrj2,none,,52bc7a34-ffcf-49f7-ab6e-353f31edaad4,10,2024,3,False,4,False,False,42,17,31,1737.7029702970297,101,175508.0,20600.0,192.0,False,,,30.0,0.0,1551.0,37,0.001162340178225494
280.0,Vendéglátás,2024-10-17 09:18:22,"2024.10.17 4159956198 NYX*HELLAUTOMATAUeZEME   -ÉRINTŐ 0,700EUR    0,",Kimenő,VÁSÁRLÁS KÁRTYÁVAL,3Dye4gBbAdPQSto3WbqgkBu6lrj2,none,,aea2f0a9-e97c-44d9-9543-88dbe7799fc7,10,2024,3,False,4,False,False,42,17,31,1737.7029702970297,101,175508.0,20600.0,192.0,False,,,30.0,0.0,799.1842105263158,38,0.0015953688720742073
339.0,Bevásárlás,2024-10-17 13:22:52,2024.10.17 4159956198 TESCO 41420 ÖNKISZOLG    -ÉRINTŐ,Kimenő,VÁSÁRLÁS KÁRTYÁVAL,3Dye4gBbAdPQSto3WbqgkBu6lrj2,none,,61044f4d-e5b1-4cda-8db6-506a70005ccc,10,2024,3,False,4,False,False,42,17,31,1737.7029702970297,101,175508.0,20600.0,192.0,False,,,30.0,0.0,1551.0,37,0.0019315358844041296
349.0,Vendéglátás,2024-10-17 15:46:57,2024.10.17 4159956198 ARADI NON-STOP BOLT      -ÉRINTŐ,Kimenő,VÁSÁRLÁS KÁRTYÁVAL,3Dye4gBbAdPQSto3WbqgkBu6lrj2,none,,b7980613-aeb2-482c-8ed6-3c07532ed583,10,2024,3,False,4,False,False,42,17,31,1737.7029702970297,101,175508.0,20600.0,192.0,False,,,30.0,0.0,799.1842105263158,38,0.0019885133441210658
1694.0,Bevásárlás,2024-10-17 18:24:59,2024.10.17 4159956198 TESCO 41420 ÖNKISZOLG    -ÉRINTŐ,Kimenő,VÁSÁRLÁS KÁRTYÁVAL,3Dye4gBbAdPQSto3WbqgkBu6lrj2,none,,bb465c7d-46c6-46a3-a87f-27236bfaa7f6,10,2024,3,False,4,False,False,42,17,31,1737.7029702970297,101,175508.0,20600.0,192.0,False,,,30.0,0.0,1551.0,37,0.009651981676048955
300.0,Vendéglátás,2024-10-17 18:26:47,"2024.10.17 4159956198 NYX*HELLAUTOMATAUeZEME   -ÉRINTŐ 0,750EUR    0,",Kimenő,VÁSÁRLÁS KÁRTYÁVAL,3Dye4gBbAdPQSto3WbqgkBu6lrj2,none,,0dcffdba-fe9d-405a-b06b-11d54d90e5d5,10,2024,3,False,4,False,False,42,17,31,1737.7029702970297,101,175508.0,20600.0,192.0,False,,,30.0,0.0,799.1842105263158,38,0.0017093237915080794
1243.0,Bevásárlás,2024-10-18 11:42:26,2024.10.18 4159956198 KÁROLYI ABC              -ÉRINTŐ,Kimenő,VÁSÁRLÁS KÁRTYÁVAL,3Dye4gBbAdPQSto3WbqgkBu6lrj2,none,,554a80ee-6425-40c6-b014-4520955ee5cc,10,2024,4,False,4,False,False,42,18,31,1737.7029702970297,101,175508.0,20600.0,192.0,False,,,30.0,0.0,1551.0,37,0.007082298242815142
800.0,Nem kategorizált,2024-10-18 13:10:21,20241018_4869f9de-ce39-4339-8345-cef4b2eeb419,Bejövő,AZONNALI ÁTUTALÁS,3Dye4gBbAdPQSto3WbqgkBu6lrj2,none,,c9e2070f-134d-43bf-9a0c-8aec8d9442a2,10,2024,4,False,4,False,False,42,18,31,1737.7029702970297,101,175508.0,20600.0,192.0,False,,,30.0,0.0,2970.0,5,0.004558196777354878
570.0,Vendéglátás,2024-10-18 14:54:31,2024.10.18 4159956198 Csiga PÚksÚg -Bem utca   -ÉRINTŐ,Kimenő,VÁSÁRLÁS KÁRTYÁVAL,3Dye4gBbAdPQSto3WbqgkBu6lrj2,none,,66d1a2a5-a44f-4f95-ba0f-7bfb59f6b4e8,10,2024,4,False,4,False,False,42,18,31,1737.7029702970297,101,175508.0,20600.0,192.0,False,,,30.0,0.0,799.1842105263158,38,0.003247715203865351
659.0,Vendéglátás,2024-10-18 15:03:14,2024.10.18 4159956198 MÁV SZEGED BÜFÉ          -ÉRINTŐ,Kimenő,VÁSÁRLÁS KÁRTYÁVAL,3Dye4gBbAdPQSto3WbqgkBu6lrj2,none,,5a08e4d2-d705-410d-a94f-14bc7652de0f,10,2024,4,False,4,False,False,42,18,31,1737.7029702970297,101,175508.0,20600.0,192.0,False,,,30.0,0.0,799.1842105263158,38,0.003754814595346081
488.0,Bevásárlás,2024-10-21 17:48:55,2024.10.21 4159956198 Goods Market2            -ÉRINTŐ,Kimenő,VÁSÁRLÁS KÁRTYÁVAL,3Dye4gBbAdPQSto3WbqgkBu6lrj2,none,,b20267d6-8840-436e-a6b6-049fe6f078dd,10,2024,0,False,4,False,False,43,21,31,1737.7029702970297,101,175508.0,20600.0,192.0,False,,,30.0,0.0,1551.0,37,0.0027805000341864757
192.0,Bevásárlás,2024-10-21 20:27:54,2024.10.21 4159956198 TESCO 41420 ÖNKISZOLG    -ÉRINTŐ,Kimenő,VÁSÁRLÁS KÁRTYÁVAL,3Dye4gBbAdPQSto3WbqgkBu6lrj2,none,,104458ca-7a99-4d33-99e7-c96b5e7a900a,10,2024,0,False,4,False,False,43,21,31,1737.7029702970297,101,175508.0,20600.0,192.0,False,,,30.0,0.0,1551.0,37,0.0010939672265651709
2000.0,Bevásárlás,2024-10-22 11:46:51,"2024.10.22 4159956198 Borcsok Karoly Jozsef    -ÉRINTŐ 4,990EUR    0,",Kimenő,VÁSÁRLÁS KÁRTYÁVAL,3Dye4gBbAdPQSto3WbqgkBu6lrj2,none,,a43bf3cc-0a26-48b4-9761-5cc18a375f8d,10,2024,1,False,4,False,False,43,22,31,1737.7029702970297,101,175508.0,20600.0,192.0,False,,,30.0,0.0,1551.0,37,0.011395491943387195
1500.0,Szórakozás,2024-10-22 14:12:25,2024.10.22 4159956198 VÁROSI SPORTUSZODA       -ÉRINTŐ,Kimenő,VÁSÁRLÁS KÁRTYÁVAL,3Dye4gBbAdPQSto3WbqgkBu6lrj2,none,,e41d4e6e-cdb4-45b2-a429-3048dc7c8fc3,10,2024,1,False,4,False,False,43,22,31,1737.7029702970297,101,175508.0,20600.0,192.0,False,,,30.0,0.0,3766.6666666666665,3,0.008546618957540397
1990.0,Ruházat,2024-10-22 16:54:57,2024.10.22 4159956198 RONGYÁSZ 11              -ÉRINTŐ,Kimenő,VÁSÁRLÁS KÁRTYÁVAL,3Dye4gBbAdPQSto3WbqgkBu6lrj2,none,,a29f684e-fcd5-4623-bfda-876291fa8907,10,2024,1,False,4,False,False,43,22,31,1737.7029702970297,101,175508.0,20600.0,192.0,False,,,30.0,0.0,1813.5,2,0.01133851448367026
644.0,Bevásárlás,2024-10-22 21:21:35,2024.10.22 4159956198 KÁROLYI ABC              -ÉRINTŐ,Kimenő,VÁSÁRLÁS KÁRTYÁVAL,3Dye4gBbAdPQSto3WbqgkBu6lrj2,none,,21b701c1-c8aa-481b-abc0-56532e54dc86,10,2024,1,False,4,False,False,43,22,31,1737.7029702970297,101,175508.0,20600.0,192.0,False,,,30.0,0.0,1551.0,37,0.0036693484057706773
450.0,Vendéglátás,2024-10-23 16:37:43,"2024.10.23 4159956198 NYX*HELLAUTOMATAUeZEME   -ÉRINTŐ 1,120EUR    0,",Kimenő,VÁSÁRLÁS KÁRTYÁVAL,3Dye4gBbAdPQSto3WbqgkBu6lrj2,none,,8047a395-6884-4dd1-9253-44860256cb94,10,2024,2,False,4,False,False,43,23,31,1737.7029702970297,101,175508.0,20600.0,192.0,False,,,30.0,0.0,799.1842105263158,38,0.002563985687262119
1637.0,Ruházat,2024-10-23 16:43:06,2024.10.23 4159956198 C&F                      -ÉRINTŐ,Kimenő,VÁSÁRLÁS KÁRTYÁVAL,3Dye4gBbAdPQSto3WbqgkBu6lrj2,none,,b1ccd347-6a53-4dad-abe8-71789c1bf707,10,2024,2,False,4,False,False,43,23,31,1737.7029702970297,101,175508.0,20600.0,192.0,False,,,30.0,0.0,1813.5,2,0.00932721015566242
780.0,Egyéb,2024-10-23 20:21:05,2024.10.23 4159956198 BORKÁPOLNA SZEGED        -ÉRINTŐ,Kimenő,VÁSÁRLÁS KÁRTYÁVAL,3Dye4gBbAdPQSto3WbqgkBu6lrj2,none,,6e02561c-c8a2-4722-8142-d8fe65d50303,10,2024,2,False,4,False,False,43,23,31,1737.7029702970297,101,175508.0,20600.0,192.0,False,,,30.0,0.0,1000.1666666666666,6,0.004444241857921007
800.0,Szórakozás,2024-10-24 12:01:38,2024.10.24 4159956198 SZTE KLÉB KÖNYVTÁR       -ÉRINTŐ,Kimenő,VÁSÁRLÁS KÁRTYÁVAL,3Dye4gBbAdPQSto3WbqgkBu6lrj2,none,,92cea2b6-cdb8-4e6c-a026-6cc7a02698d5,10,2024,3,False,4,False,False,43,24,31,1737.7029702970297,101,175508.0,20600.0,192.0,False,,,30.0,0.0,3766.6666666666665,3,0.004558196777354878
1500.0,Vendéglátás,2024-10-24 12:15:13,2024.10.24 4159956198 SZOTE  telbąr Kft.       -ÉRINTŐ,Kimenő,VÁSÁRLÁS KÁRTYÁVAL,3Dye4gBbAdPQSto3WbqgkBu6lrj2,none,,d19a5615-4f8d-4fd0-8289-745c6c8c10eb,10,2024,3,False,4,False,False,43,24,31,1737.7029702970297,101,175508.0,20600.0,192.0,False,,,30.0,0.0,799.1842105263158,38,0.008546618957540397
1850.0,Bevásárlás,2024-10-24 12:55:42,2024.10.24 4159956198 NEMZETI DOHÁNYBOLT       -ÉRINTŐ,Kimenő,VÁSÁRLÁS KÁRTYÁVAL,3Dye4gBbAdPQSto3WbqgkBu6lrj2,none,,2c0aebcf-d174-415c-8ac3-970f470c6c60,10,2024,3,False,4,False,False,43,24,31,1737.7029702970297,101,175508.0,20600.0,192.0,False,,,30.0,0.0,1551.0,37,0.010540830047633157
360.0,Vendéglátás,2024-10-24 12:58:55,2024.10.24 4159956198 F LEGYH ZI P KS G 71     -ÉRINTŐ,Kimenő,VÁSÁRLÁS KÁRTYÁVAL,3Dye4gBbAdPQSto3WbqgkBu6lrj2,none,,d2843d0c-387f-405c-9f3c-fbef4f17b7e4,10,2024,3,False,4,False,False,43,24,31,1737.7029702970297,101,175508.0,20600.0,192.0,False,,,30.0,0.0,799.1842105263158,38,0.0020511885498096954
309.0,Bevásárlás,2024-10-24 13:19:41,2024.10.24 4159956198 Goods Market2            -ÉRINTŐ,Kimenő,VÁSÁRLÁS KÁRTYÁVAL,3Dye4gBbAdPQSto3WbqgkBu6lrj2,none,,727dc320-c082-4a49-8959-8aac9f1eea56,10,2024,3,False,4,False,False,43,24,31,1737.7029702970297,101,175508.0,20600.0,192.0,False,,,30.0,0.0,1551.0,37,0.0017606035052533217
4782.0,Bevásárlás,2024-10-24 17:46:30,2024.10.24 4159956198 TESCO 41420 ÖNKISZOLG    -ÉRINTŐ,Kimenő,VÁSÁRLÁS KÁRTYÁVAL,3Dye4gBbAdPQSto3WbqgkBu6lrj2,none,,69b3ac6b-1e5d-4c37-b074-309d1e97d6b4,10,2024,3,False,4,False,False,43,24,31,1737.7029702970297,101,175508.0,20600.0,192.0,False,,,30.0,0.0,1551.0,37,0.027246621236638787
1500.0,"Számlák, rezsi",2024-10-24 19:46:10,"2024.10.24 4159956198 SQUARETRADE EUROPE 3,740EUR    0,",Kimenő,VÁSÁRLÁS KÁRTYÁVAL,3Dye4gBbAdPQSto3WbqgkBu6lrj2,none,,7489d25e-732a-4397-a54c-af91885d4d4a,10,2024,3,False,4,False,False,43,24,31,1737.7029702970297,101,175508.0,20600.0,192.0,False,,,30.0,0.0,10991.5,4,0.008546618957540397
570.0,Vendéglátás,2024-10-25 12:47:47,2024.10.25 4159956198 Csiga PÚksÚg -Bem utca   -ÉRINTŐ,Kimenő,VÁSÁRLÁS KÁRTYÁVAL,3Dye4gBbAdPQSto3WbqgkBu6lrj2,none,,dc7f0e29-b4c0-4a6d-ad0b-3cc849a7c417,10,2024,4,False,4,False,False,43,25,31,1737.7029702970297,101,175508.0,20600.0,192.0,False,,,30.0,0.0,799.1842105263158,38,0.003247715203865351
940.0,Közlekedés,2024-10-25 13:00:29,2024.10.25 4159956198 OTPMOBL*VIMPAY.MAV-STA,Kimenő,VÁSÁRLÁS KÁRTYÁVAL,3Dye4gBbAdPQSto3WbqgkBu6lrj2,none,,9b575347-577c-4335-ba4f-dc24c8c8b772,10,2024,4,False,4,False,False,43,25,31,1737.7029702970297,101,175508.0,20600.0,192.0,False,,,30.0,0.0,1177.5,4,0.005355881213391982
659.0,Vendéglátás,2024-10-25 13:08:36,2024.10.25 4159956198 MÁV SZEGED BÜFÉ          -ÉRINTŐ,Kimenő,VÁSÁRLÁS KÁRTYÁVAL,3Dye4gBbAdPQSto3WbqgkBu6lrj2,none,,577c4bf9-d982-4e84-9921-0d00e598ae34,10,2024,4,False,4,False,False,43,25,31,1737.7029702970297,101,175508.0,20600.0,192.0,False,,,30.0,0.0,799.1842105263158,38,0.003754814595346081
300.0,Bevásárlás,2024-10-28 11:04:36,"2024.10.28 4159956198 Vendo Box Keleti pu.     -ÉRINTŐ 0,740EUR    0,",Kimenő,VÁSÁRLÁS KÁRTYÁVAL,3Dye4gBbAdPQSto3WbqgkBu6lrj2,none,,74aa3c32-f4a9-4c87-b13c-15b3f2433553,10,2024,0,False,4,False,True,44,28,31,1737.7029702970297,101,175508.0,20600.0,192.0,False,,,30.0,0.0,1551.0,37,0.0017093237915080794
940.0,Közlekedés,2024-10-28 11:41:12,2024.10.28 4159956198 OTPMOBL*VIMPAY.MAV-STA,Kimenő,VÁSÁRLÁS KÁRTYÁVAL,3Dye4gBbAdPQSto3WbqgkBu6lrj2,none,,8e29c820-5b86-494c-86b4-a88fc30a6d3f,10,2024,0,False,4,False,True,44,28,31,1737.7029702970297,101,175508.0,20600.0,192.0,False,,,30.0,0.0,1177.5,4,0.005355881213391982
350.0,Vendéglátás,2024-10-28 17:46:41,"2024.10.28 4159956198 NYX*ReferenciaCafeKft    -ÉRINTŐ 0,870EUR    0,",Kimenő,VÁSÁRLÁS KÁRTYÁVAL,3Dye4gBbAdPQSto3WbqgkBu6lrj2,none,,8925842b-af64-4e6c-979e-46686e2d2744,10,2024,0,False,4,False,True,44,28,31,1737.7029702970297,101,175508.0,20600.0,192.0,False,,,30.0,0.0,799.1842105263158,38,0.0019942110900927593
1820.0,Bevásárlás,2024-10-29 12:10:15,"2024.10.29 4159956198 Borcsok Karoly Jozsef    -ÉRINTŐ 4,500EUR    0,",Kimenő,VÁSÁRLÁS KÁRTYÁVAL,3Dye4gBbAdPQSto3WbqgkBu6lrj2,none,,2e474d88-b1ac-4d14-9e64-c7f42b28accf,10,2024,1,False,4,False,True,44,29,31,1737.7029702970297,101,175508.0,20600.0,192.0,False,,,30.0,0.0,1551.0,37,0.010369897668482349
5027.0,Bevásárlás,2024-10-29 20:16:39,2024.10.29 4159956198 TESCO 41420 ÖNKISZOLG    -ÉRINTŐ,Kimenő,VÁSÁRLÁS KÁRTYÁVAL,3Dye4gBbAdPQSto3WbqgkBu6lrj2,none,,4e7f7efc-7e4b-4b9d-84e6-1dd38621f327,10,2024,1,False,4,False,True,44,29,31,1737.7029702970297,101,175508.0,20600.0,192.0,False,,,30.0,0.0,1551.0,37,0.028642568999703716
790.0,Vendéglátás,2024-10-30 16:41:54,"2024.10.30 4159956198 Nyugi-Kert Stillness     -ÉRINTŐ 1,950EUR    0,",Kimenő,VÁSÁRLÁS KÁRTYÁVAL,3Dye4gBbAdPQSto3WbqgkBu6lrj2,none,,04863aed-42fd-4639-a4be-e9ea96287453,10,2024,2,False,4,False,True,44,30,31,1737.7029702970297,101,175508.0,20600.0,192.0,False,,,30.0,0.0,799.1842105263158,38,0.004501219317637943
6855.0,Bevásárlás,2024-10-30 19:54:37,2024.10.30 4159956198 TESCO 41420 ÖNKISZOLG    -ÉRINTŐ,Kimenő,VÁSÁRLÁS KÁRTYÁVAL,3Dye4gBbAdPQSto3WbqgkBu6lrj2,none,,b5446142-8c8d-4304-b0be-0c010b5c2deb,10,2024,2,False,4,False,True,44,30,31,1737.7029702970297,101,175508.0,20600.0,192.0,False,,,30.0,0.0,1551.0,37,0.039058048635959616
950.0,Nem kategorizált,2024-10-31 12:46:28,20241031_bdf9d91b-3cdc-4edc-93af-f917c312251f,Bejövő,AZONNALI ÁTUTALÁS,3Dye4gBbAdPQSto3WbqgkBu6lrj2,none,,b99083bf-8efd-420d-8528-3ad62fdce3ee,10,2024,3,False,4,False,True,44,31,31,1737.7029702970297,101,175508.0,20600.0,192.0,False,,,30.0,0.0,2970.0,5,0.005412858673108918
309.0,Bevásárlás,2024-10-31 15:43:01,2024.10.31 4159956198 Goods Market2            -ÉRINTŐ,Kimenő,VÁSÁRLÁS KÁRTYÁVAL,3Dye4gBbAdPQSto3WbqgkBu6lrj2,none,,b3427bab-18e4-44d3-8d56-7ac7d7d7c209,10,2024,3,False,4,False,True,44,31,31,1737.7029702970297,101,175508.0,20600.0,192.0,False,,,30.0,0.0,1551.0,37,0.0017606035052533217
1417.0,Vendéglátás,2024-10-31 21:14:12,2024.10.31 4159956198 HELOPAY*PIXEL BARESKAVEZO-ÉRINTŐ,Kimenő,VÁSÁRLÁS KÁRTYÁVAL,3Dye4gBbAdPQSto3WbqgkBu6lrj2,none,,e63bf581-4f0e-4f3a-9d70-0c857cac16fe,10,2024,3,False,4,False,True,44,31,31,1737.7029702970297,101,175508.0,20600.0,192.0,False,,,30.0,0.0,799.1842105263158,38,0.008073706041889828
890.0,Vendéglátás,2024-10-31 21:54:27,2024.10.31 4159956198 HELOPAY*PIXEL BARESKAVEZO-ÉRINTŐ,Kimenő,VÁSÁRLÁS KÁRTYÁVAL,3Dye4gBbAdPQSto3WbqgkBu6lrj2,none,,15bf57a4-0126-44af-bc9f-54dfae0c3800,10,2024,3,False,4,False,True,44,31,31,1737.7029702970297,101,175508.0,20600.0,192.0,False,,,30.0,0.0,799.1842105263158,38,0.005070993914807302
1200.0,Vendéglátás,2024-10-31 22:56:19,2024.10.31 4159956198 HELOPAY*PIXEL BARESKAVEZO-ÉRINTŐ,Kimenő,VÁSÁRLÁS KÁRTYÁVAL,3Dye4gBbAdPQSto3WbqgkBu6lrj2,none,,b4d17243-9e48-4da3-bca7-8800e3e453d4,10,2024,3,False,4,False,True,44,31,31,1737.7029702970297,101,175508.0,20600.0,192.0,False,,,30.0,0.0,799.1842105263158,38,0.006837295166032317
570.0,Vendéglátás,2024-11-01 16:32:00,2024.11.01 4159956198 Csiga PÚksÚg -Bem utca   -ÉRINTŐ,Kimenő,VÁSÁRLÁS KÁRTYÁVAL,3Dye4gBbAdPQSto3WbqgkBu6lrj2,none,,9bf04d3e-399c-4bc5-bcc8-60417593d747,11,2024,4,False,4,True,False,44,1,30,2328.247191011236,89,207214.0,41200.0,200.0,False,,,30.0,0.0,750.3478260869565,46,0.002750779387493123
449.0,Vendéglátás,2024-11-01 16:37:16,2024.11.01 4159956198 MÁV SZEGED BÜFÉ          -ÉRINTŐ,Kimenő,VÁSÁRLÁS KÁRTYÁVAL,3Dye4gBbAdPQSto3WbqgkBu6lrj2,none,,99ff1ce1-b2fd-40d9-844a-98d0b49bcbd7,11,2024,4,False,4,True,False,44,1,30,2328.247191011236,89,207214.0,41200.0,200.0,False,,,30.0,0.0,750.3478260869565,46,0.0021668420087445827
500.0,Szórakozás,2024-11-04 13:05:27,"2024.11.06 4159956198 MUNCH/NESNEZENO          -GOOGLE 1,220EUR    0,",Kimenő,VÁSÁRLÁS KÁRTYÁVAL,3Dye4gBbAdPQSto3WbqgkBu6lrj2,none,,a4576bf7-4481-44d0-acd2-579ed8e2d61c,11,2024,0,False,4,True,False,45,4,30,2328.247191011236,89,207214.0,41200.0,200.0,False,,,30.0,0.0,2155.0,4,0.0024129643749939674
4093.0,Bevásárlás,2024-11-04 21:47:13,2024.11.04 4159956198 TESCO 41420 ÖNKISZOLG    -ÉRINTŐ,Kimenő,VÁSÁRLÁS KÁRTYÁVAL,3Dye4gBbAdPQSto3WbqgkBu6lrj2,none,,764302ee-ef80-4c77-9b07-3496cbae0262,11,2024,0,False,4,True,False,45,4,30,2328.247191011236,89,207214.0,41200.0,200.0,False,,,30.0,0.0,2156.764705882353,17,0.01975252637370062
849.0,Vendéglátás,2024-11-05 11:52:05,2024.11.05 4159956198 F LEGYH ZI P KS G 71     -ÉRINTŐ,Kimenő,VÁSÁRLÁS KÁRTYÁVAL,3Dye4gBbAdPQSto3WbqgkBu6lrj2,none,,ca38dd80-6a2d-4c2d-a3fc-8cdf285f7259,11,2024,1,False,4,True,False,45,5,30,2328.247191011236,89,207214.0,41200.0,200.0,False,,,30.0,0.0,750.3478260869565,46,0.004097213508739757
688.0,Bevásárlás,2024-11-05 13:45:52,2024.11.05 4159956198 Goods Market2            -ÉRINTŐ,Kimenő,VÁSÁRLÁS KÁRTYÁVAL,3Dye4gBbAdPQSto3WbqgkBu6lrj2,none,,812994cb-1dc1-425e-8e70-7f0354fd7174,11,2024,1,False,4,True,False,45,5,30,2328.247191011236,89,207214.0,41200.0,200.0,False,,,30.0,0.0,2156.764705882353,17,0.0033202389799916994
1500.0,Szórakozás,2024-11-05 14:11:04,2024.11.05 4159956198 VÁROSI SPORTUSZODA       -ÉRINTŐ,Kimenő,VÁSÁRLÁS KÁRTYÁVAL,3Dye4gBbAdPQSto3WbqgkBu6lrj2,none,,6a01662f-432c-4dce-959a-87555c70bd53,11,2024,1,False,4,True,False,45,5,30,2328.247191011236,89,207214.0,41200.0,200.0,False,,,30.0,0.0,2155.0,4,0.007238893124981903
500.0,Szórakozás,2024-11-06 07:52:10,"2024.11.08 4159956198 MUNCH/NESNEZENO          -GOOGLE 1,220EUR    0,",Kimenő,VÁSÁRLÁS KÁRTYÁVAL,3Dye4gBbAdPQSto3WbqgkBu6lrj2,none,,972b5311-42fc-4742-b609-d85dca059cb3,11,2024,2,False,4,False,False,45,6,30,2328.247191011236,89,207214.0,41200.0,200.0,False,,,30.0,0.0,2155.0,4,0.0024129643749939674
349.0,Bevásárlás,2024-11-06 13:13:34,2024.11.06 4159956198 KÁROLYI ABC              -ÉRINTŐ,Kimenő,VÁSÁRLÁS KÁRTYÁVAL,3Dye4gBbAdPQSto3WbqgkBu6lrj2,none,,49c3e829-f8a5-435f-80ea-a0f3c3171274,11,2024,2,False,4,False,False,45,6,30,2328.247191011236,89,207214.0,41200.0,200.0,False,,,30.0,0.0,2156.764705882353,17,0.0016842491337457895
590.0,Vendéglátás,2024-11-06 20:28:05,2024.11.06 4159956198 DTK                      -ÉRINTŐ,Kimenő,VÁSÁRLÁS KÁRTYÁVAL,3Dye4gBbAdPQSto3WbqgkBu6lrj2,none,,cf119781-bed7-4466-88a4-9b51a95c7bd0,11,2024,2,False,4,False,False,45,6,30,2328.247191011236,89,207214.0,41200.0,200.0,False,,,30.0,0.0,750.3478260869565,46,0.0028472979624928818
810.0,Vendéglátás,2024-11-06 21:40:37,2024.11.06 4159956198 DTK                      -ÉRINTŐ,Kimenő,VÁSÁRLÁS KÁRTYÁVAL,3Dye4gBbAdPQSto3WbqgkBu6lrj2,none,,ef2988fd-e3d0-4037-b07c-d4c84a59b7f0,11,2024,2,False,4,False,False,45,6,30,2328.247191011236,89,207214.0,41200.0,200.0,False,,,30.0,0.0,750.3478260869565,46,0.003909002287490228
1500.0,Vendéglátás,2024-11-07 12:52:06,2024.11.07 4159956198 SZOTE  telbąr Kft.       -ÉRINTŐ,Kimenő,VÁSÁRLÁS KÁRTYÁVAL,3Dye4gBbAdPQSto3WbqgkBu6lrj2,none,,8d969bd8-dd28-458d-9978-8e8c0424e214,11,2024,3,False,4,False,False,45,7,30,2328.247191011236,89,207214.0,41200.0,200.0,False,,,30.0,0.0,750.3478260869565,46,0.007238893124981903
349.0,Vendéglátás,2024-11-07 13:34:33,2024.11.07 4159956198 ARADI NON-STOP BOLT      -ÉRINTŐ,Kimenő,VÁSÁRLÁS KÁRTYÁVAL,3Dye4gBbAdPQSto3WbqgkBu6lrj2,none,,5c9e0375-1fb0-4574-bbbd-a84540cc8157,11,2024,3,False,4,False,False,45,7,30,2328.247191011236,89,207214.0,41200.0,200.0,False,,,30.0,0.0,750.3478260869565,46,0.0016842491337457895
11900.0,Nem kategorizált,2024-11-08 12:57:00,GIROKOZLEMENY,Bejövő,NAPKÖZBENI ÁTUTALÁS (CSOPORTOS),3Dye4gBbAdPQSto3WbqgkBu6lrj2,none,,1235897a-8dd4-4848-b468-c55988a681ac,11,2024,4,False,4,False,False,45,8,30,2328.247191011236,89,207214.0,41200.0,200.0,False,,,30.0,0.0,7683.333333333333,3,0.05742855212485643
570.0,Vendéglátás,2024-11-08 13:30:34,2024.11.08 4159956198 Csiga PÚksÚg -Bem utca   -ÉRINTŐ,Kimenő,VÁSÁRLÁS KÁRTYÁVAL,3Dye4gBbAdPQSto3WbqgkBu6lrj2,none,,7eae0a70-e30f-43d8-8cd1-3264f52b3fbd,11,2024,4,False,4,False,False,45,8,30,2328.247191011236,89,207214.0,41200.0,200.0,False,,,30.0,0.0,750.3478260869565,46,0.002750779387493123
659.0,Vendéglátás,2024-11-08 13:35:53,2024.11.08 4159956198 MÁV SZEGED BÜFÉ          -ÉRINTŐ,Kimenő,VÁSÁRLÁS KÁRTYÁVAL,3Dye4gBbAdPQSto3WbqgkBu6lrj2,none,,8846b975-92ce-4b65-a4d6-44032dac5449,11,2024,4,False,4,False,False,45,8,30,2328.247191011236,89,207214.0,41200.0,200.0,False,,,30.0,0.0,750.3478260869565,46,0.003180287046242049
940.0,Közlekedés,2024-11-08 13:38:07,2024.11.08 4159956198 OTPMOBL*VIMPAY.MAV-STA,Kimenő,VÁSÁRLÁS KÁRTYÁVAL,3Dye4gBbAdPQSto3WbqgkBu6lrj2,none,,838248a5-f9f0-4bda-8b02-d0712aa763e4,11,2024,4,False,4,False,False,45,8,30,2328.247191011236,89,207214.0,41200.0,200.0,False,,,30.0,0.0,942.8333333333334,6,0.004536373024988659
1000.0,Készpénz felvétel,2024-11-08 16:57:29,"2024.11.08 4159956198 Budapest,XIV.Hungária krt",Kimenő,KÉSZPÉNZFELVÉT ATM-BŐL,3Dye4gBbAdPQSto3WbqgkBu6lrj2,none,,9b3daf2c-347e-4dd9-9ee1-11ea6395a0af,11,2024,4,False,4,False,False,45,8,30,2328.247191011236,89,207214.0,41200.0,200.0,False,,,30.0,0.0,6500.0,4,0.004825928749987935
10000.0,Nem kategorizált,2024-11-08 17:09:38,,Bejövő,AZONNALI ÁTUTALÁS,3Dye4gBbAdPQSto3WbqgkBu6lrj2,none,,e6a894cd-d8b1-4d6b-bc3d-c1c423eaad57,11,2024,4,False,4,False,False,45,8,30,2328.247191011236,89,207214.0,41200.0,200.0,False,,,30.0,0.0,7683.333333333333,3,0.04825928749987935
3275.0,"Számlák, rezsi",2024-11-09 03:34:02,"2024.11.09 4159956198 Netflix.com 7,990EUR  409,9100",Kimenő,VÁSÁRLÁS KÁRTYÁVAL,3Dye4gBbAdPQSto3WbqgkBu6lrj2,none,,2f0f4a04-ddc0-467f-b989-619e01255311,11,2024,5,True,4,False,False,45,9,30,2328.247191011236,89,207214.0,41200.0,200.0,False,,,30.0,0.0,12743.75,4,0.015804916656210487
300.0,Bevásárlás,2024-11-10 15:42:38,"2024.11.10 4159956198 Vendo Box Keleti pu.     -ÉRINTŐ 0,740EUR    0,",Kimenő,VÁSÁRLÁS KÁRTYÁVAL,3Dye4gBbAdPQSto3WbqgkBu6lrj2,none,,7f552252-81e8-4452-bf6f-5c692115e3ce,11,2024,6,True,4,False,False,45,10,30,2328.247191011236,89,207214.0,41200.0,200.0,False,,,30.0,0.0,2156.764705882353,17,0.0014477786249963806
1299.0,Vendéglátás,2024-11-10 17:34:22,2024.11.10 4159956198 Keleti Fornetti peron    -ÉRINTŐ,Kimenő,VÁSÁRLÁS KÁRTYÁVAL,3Dye4gBbAdPQSto3WbqgkBu6lrj2,none,,381e7ee2-0262-4907-93c9-d3c0d3ca3f1c,11,2024,6,True,4,False,False,45,10,30,2328.247191011236,89,207214.0,41200.0,200.0,False,,,30.0,0.0,750.3478260869565,46,0.006268881446234328
1890.0,Közlekedés,2024-11-11 08:47:10,2024.11.11 4159956198 OTPMOBL*VIMPAY.MAV-STA,Kimenő,VÁSÁRLÁS KÁRTYÁVAL,3Dye4gBbAdPQSto3WbqgkBu6lrj2,none,,866c1e47-e8f5-4fcf-b3bc-9ef4b2a91de8,11,2024,0,False,4,False,False,46,11,30,2328.247191011236,89,207214.0,41200.0,200.0,False,,,30.0,0.0,942.8333333333334,6,0.009121005337477197
9320.0,Utalás,2024-11-11 08:50:00,+FPGB2eff721f1a0a4eea891362d92293f46a,Kimenő,QVIK  FIZETÉS,3Dye4gBbAdPQSto3WbqgkBu6lrj2,none,,89db0c99-9b42-4977-b94e-7ed35c1c98f3,11,2024,0,False,4,False,False,46,11,30,2328.247191011236,89,207214.0,41200.0,200.0,False,,,30.0,0.0,5860.0,2,0.044977655949887556
41200.0,"Számlák, rezsi",2024-11-11 08:52:25,2024.11.11 4159956198 OTPMOBL*allianz,Kimenő,VÁSÁRLÁS KÁRTYÁVAL,3Dye4gBbAdPQSto3WbqgkBu6lrj2,none,,6381acee-e76a-43dc-bad3-169fbc5290d1,11,2024,0,False,4,False,False,46,11,30,2328.247191011236,89,207214.0,41200.0,200.0,False,,,30.0,0.0,12743.75,4,0.13806386351302935
5000.0,"Számlák, rezsi",2024-11-11 10:58:49,2024.11.11 4159956198 OTPMOBL*VODAFONE.HU,Kimenő,VÁSÁRLÁS KÁRTYÁVAL,3Dye4gBbAdPQSto3WbqgkBu6lrj2,none,,4d4a6716-1649-4d53-b41a-9236c03f9b51,11,2024,0,False,4,False,False,46,11,30,2328.247191011236,89,207214.0,41200.0,200.0,False,,,30.0,0.0,12743.75,4,0.024129643749939676
460.0,Vendéglátás,2024-11-11 12:51:46,2024.11.11 4159956198 Csiga PÚksÚg -Bem utca   -ÉRINTŐ,Kimenő,VÁSÁRLÁS KÁRTYÁVAL,3Dye4gBbAdPQSto3WbqgkBu6lrj2,none,,38ef9554-84d1-4e3d-95cc-c8aa4ed29b9b,11,2024,0,False,4,False,False,46,11,30,2328.247191011236,89,207214.0,41200.0,200.0,False,,,30.0,0.0,750.3478260869565,46,0.00221992722499445
360.0,Vendéglátás,2024-11-11 12:55:15,"2024.11.11 4159956198 NYX*AloisDallmayrAutom   -ÉRINTŐ 0,890EUR    0,",Kimenő,VÁSÁRLÁS KÁRTYÁVAL,3Dye4gBbAdPQSto3WbqgkBu6lrj2,none,,9910c873-c95c-4468-9188-f4ffd117b379,11,2024,0,False,4,False,False,46,11,30,2328.247191011236,89,207214.0,41200.0,200.0,False,,,30.0,0.0,750.3478260869565,46,0.0017373343499956567
1850.0,Bevásárlás,2024-11-11 13:11:27,2024.11.11 4159956198 NEMZETI DOHÁNYBOLT       -ÉRINTŐ,Kimenő,VÁSÁRLÁS KÁRTYÁVAL,3Dye4gBbAdPQSto3WbqgkBu6lrj2,none,,55157240-9bed-4b61-8c48-abb0e2580ed5,11,2024,0,False,4,False,False,46,11,30,2328.247191011236,89,207214.0,41200.0,200.0,False,,,30.0,0.0,2156.764705882353,17,0.00892796818747768
460.0,Vendéglátás,2024-11-11 18:29:16,2024.11.11 4159956198 Csiga PÚksÚg -Bem utca   -ÉRINTŐ,Kimenő,VÁSÁRLÁS KÁRTYÁVAL,3Dye4gBbAdPQSto3WbqgkBu6lrj2,none,,684c74e0-19cb-4b3d-9acf-3806b2987e68,11,2024,0,False,4,False,False,46,11,30,2328.247191011236,89,207214.0,41200.0,200.0,False,,,30.0,0.0,750.3478260869565,46,0.00221992722499445
330.0,Vendéglátás,2024-11-11 18:34:44,"2024.11.11 4159956198 NYX*AloisDallmayrAutom   -ÉRINTŐ 0,810EUR    0,",Kimenő,VÁSÁRLÁS KÁRTYÁVAL,3Dye4gBbAdPQSto3WbqgkBu6lrj2,none,,2cb3b08a-3368-46dd-8cfa-4dd38c56a23d,11,2024,0,False,4,False,False,46,11,30,2328.247191011236,89,207214.0,41200.0,200.0,False,,,30.0,0.0,750.3478260869565,46,0.0015925564874960186
499.0,Közlekedés,2024-11-12 10:24:19,2024.11.12 4159956198 BÉKÉSCSABA MÁV           -ÉRINTŐ,Kimenő,VÁSÁRLÁS KÁRTYÁVAL,3Dye4gBbAdPQSto3WbqgkBu6lrj2,none,,291e85fb-f300-4f42-8d7a-fa7e92f0c1e6,11,2024,1,False,4,False,False,46,12,30,2328.247191011236,89,207214.0,41200.0,200.0,False,,,30.0,0.0,942.8333333333334,6,0.0024081384462439795
9860.0,Bevásárlás,2024-11-12 19:42:08,2024.11.12 4159956198 TESCO 41420 ÖNKISZOLG    -ÉRINTŐ,Kimenő,VÁSÁRLÁS KÁRTYÁVAL,3Dye4gBbAdPQSto3WbqgkBu6lrj2,none,,508f5915-4dcc-4cce-a3f0-b0f4fdb03938,11,2024,1,False,4,False,False,46,12,30,2328.247191011236,89,207214.0,41200.0,200.0,False,,,30.0,0.0,2156.764705882353,17,0.04758365747488104
350.0,Vendéglátás,2024-11-13 16:58:46,"2024.11.13 4159956198 NYX*ReferenciaCafeKft    -ÉRINTŐ 0,850EUR    0,",Kimenő,VÁSÁRLÁS KÁRTYÁVAL,3Dye4gBbAdPQSto3WbqgkBu6lrj2,none,,46d53005-d805-440f-ac35-5b8f5259a24c,11,2024,2,False,4,False,False,46,13,30,2328.247191011236,89,207214.0,41200.0,200.0,False,,,30.0,0.0,750.3478260869565,46,0.0016890750624957774
350.0,Vendéglátás,2024-11-13 17:43:46,"2024.11.13 4159956198 NYX*ReferenciaCafeKft    -ÉRINTŐ 0,850EUR    0,",Kimenő,VÁSÁRLÁS KÁRTYÁVAL,3Dye4gBbAdPQSto3WbqgkBu6lrj2,none,,c6089713-cc71-4a84-a8af-679540d0a039,11,2024,2,False,4,False,False,46,13,30,2328.247191011236,89,207214.0,41200.0,200.0,False,,,30.0,0.0,750.3478260869565,46,0.0016890750624957774
810.0,Vendéglátás,2024-11-13 19:17:13,2024.11.13 4159956198 DTK                      -ÉRINTŐ,Kimenő,VÁSÁRLÁS KÁRTYÁVAL,3Dye4gBbAdPQSto3WbqgkBu6lrj2,none,,fc3fd15a-e001-4588-a12e-3d4b77defe16,11,2024,2,False,4,False,False,46,13,30,2328.247191011236,89,207214.0,41200.0,200.0,False,,,30.0,0.0,750.3478260869565,46,0.003909002287490228
1060.0,Vendéglátás,2024-11-13 19:57:05,2024.11.13 4159956198 DTK                      -ÉRINTŐ,Kimenő,VÁSÁRLÁS KÁRTYÁVAL,3Dye4gBbAdPQSto3WbqgkBu6lrj2,none,,31f9becf-b245-4f78-9c8c-11b874118b8b,11,2024,2,False,4,False,False,46,13,30,2328.247191011236,89,207214.0,41200.0,200.0,False,,,30.0,0.0,750.3478260869565,46,0.005115484474987211
570.0,Vendéglátás,2024-11-14 17:51:35,2024.11.14 4159956198 Csiga PÚksÚg -Bem utca   -ÉRINTŐ,Kimenő,VÁSÁRLÁS KÁRTYÁVAL,3Dye4gBbAdPQSto3WbqgkBu6lrj2,none,,5f2f47d7-0803-44fb-b73b-ae5bdecde8f2,11,2024,3,False,4,False,False,46,14,30,2328.247191011236,89,207214.0,41200.0,200.0,False,,,30.0,0.0,750.3478260869565,46,0.002750779387493123
819.0,Vendéglátás,2024-11-15 08:53:41,2024.11.15 4159956198 F LEGYH ZI P KS G 71     -ÉRINTŐ,Kimenő,VÁSÁRLÁS KÁRTYÁVAL,3Dye4gBbAdPQSto3WbqgkBu6lrj2,none,,49f568b6-6f16-4ece-b91e-2e04810da3d0,11,2024,4,False,4,False,False,46,15,30,2328.247191011236,89,207214.0,41200.0,200.0,False,,,30.0,0.0,750.3478260869565,46,0.0039524356462401185
1069.0,Bevásárlás,2024-11-15 09:43:28,2024.11.15 4159956198 Goods Market2            -ÉRINTŐ,Kimenő,VÁSÁRLÁS KÁRTYÁVAL,3Dye4gBbAdPQSto3WbqgkBu6lrj2,none,,090bd7df-0faf-4232-be6d-73883b278642,11,2024,4,False,4,False,False,46,15,30,2328.247191011236,89,207214.0,41200.0,200.0,False,,,30.0,0.0,2156.764705882353,17,0.005158917833737103
1209.0,Vendéglátás,2024-11-15 13:36:45,2024.11.15 4159956198 F LEGYH ZI P KS G 71     -ÉRINTŐ,Kimenő,VÁSÁRLÁS KÁRTYÁVAL,3Dye4gBbAdPQSto3WbqgkBu6lrj2,none,,26996c35-a9cb-49f2-914e-f5146d870d94,11,2024,4,False,4,False,False,46,15,30,2328.247191011236,89,207214.0,41200.0,200.0,False,,,30.0,0.0,750.3478260869565,46,0.005834547858735413
6000.0,Készpénz felvétel,2024-11-15 15:13:47,2024.11.15 4159956198 Szeged KLAUZAL TER 4.    -ÉRINTŐ,Kimenő,KÉSZPÉNZFELVÉT ATM-BŐL,3Dye4gBbAdPQSto3WbqgkBu6lrj2,none,,44b42198-e12f-45e4-88e8-2914ff77807f,11,2024,4,False,4,False,False,46,15,30,2328.247191011236,89,207214.0,41200.0,200.0,False,,,30.0,0.0,6500.0,4,0.028955572499927612
460.0,Vendéglátás,2024-11-15 17:14:30,2024.11.15 4159956198 Csiga PÚksÚg -Bem utca   -ÉRINTŐ,Kimenő,VÁSÁRLÁS KÁRTYÁVAL,3Dye4gBbAdPQSto3WbqgkBu6lrj2,none,,a01e11e0-c7ca-4b96-8c61-58acf80c5916,11,2024,4,False,4,False,False,46,15,30,2328.247191011236,89,207214.0,41200.0,200.0,False,,,30.0,0.0,750.3478260869565,46,0.00221992722499445
529.0,Vendéglátás,2024-11-15 17:20:03,2024.11.15 4159956198 MÁV SZEGED BÜFÉ          -ÉRINTŐ,Kimenő,VÁSÁRLÁS KÁRTYÁVAL,3Dye4gBbAdPQSto3WbqgkBu6lrj2,none,,f71be6fb-3d74-4b72-83ed-f558854a514f,11,2024,4,False,4,False,False,46,15,30,2328.247191011236,89,207214.0,41200.0,200.0,False,,,30.0,0.0,750.3478260869565,46,0.0025529163087436176
350.0,Vendéglátás,2024-11-18 17:46:41,"2024.11.18 4159956198 NYX*ReferenciaCafeKft    -ÉRINTŐ 0,860EUR    0,",Kimenő,VÁSÁRLÁS KÁRTYÁVAL,3Dye4gBbAdPQSto3WbqgkBu6lrj2,none,,6215ce80-fe25-4657-bcf7-c7c116242973,11,2024,0,False,4,False,False,47,18,30,2328.247191011236,89,207214.0,41200.0,200.0,False,,,30.0,0.0,750.3478260869565,46,0.0016890750624957774
810.0,Vendéglátás,2024-11-18 19:41:24,2024.11.18 4159956198 DTK                      -ÉRINTŐ,Kimenő,VÁSÁRLÁS KÁRTYÁVAL,3Dye4gBbAdPQSto3WbqgkBu6lrj2,none,,a414a2cc-38e1-4451-987d-c9f392a4e1bb,11,2024,0,False,4,False,False,47,18,30,2328.247191011236,89,207214.0,41200.0,200.0,False,,,30.0,0.0,750.3478260869565,46,0.003909002287490228
1060.0,Vendéglátás,2024-11-18 20:31:24,2024.11.18 4159956198 DTK                      -ÉRINTŐ,Kimenő,VÁSÁRLÁS KÁRTYÁVAL,3Dye4gBbAdPQSto3WbqgkBu6lrj2,none,,b3d8d959-4c72-491e-9392-b4ad8bdfc0f5,11,2024,0,False,4,False,False,47,18,30,2328.247191011236,89,207214.0,41200.0,200.0,False,,,30.0,0.0,750.3478260869565,46,0.005115484474987211
810.0,Vendéglátás,2024-11-18 22:12:20,2024.11.18 4159956198 DTK                      -ÉRINTŐ,Kimenő,VÁSÁRLÁS KÁRTYÁVAL,3Dye4gBbAdPQSto3WbqgkBu6lrj2,none,,746d4f1a-88a1-4e21-9b29-ad273916f12c,11,2024,0,False,4,False,False,47,18,30,2328.247191011236,89,207214.0,41200.0,200.0,False,,,30.0,0.0,750.3478260869565,46,0.003909002287490228
1500.0,Vendéglátás,2024-11-19 13:36:16,2024.11.19 4159956198 SZOTE  telbąr Kft.       -ÉRINTŐ,Kimenő,VÁSÁRLÁS KÁRTYÁVAL,3Dye4gBbAdPQSto3WbqgkBu6lrj2,none,,298d31bc-3d30-455d-9638-9bb65b87ceb4,11,2024,1,False,4,False,False,47,19,30,2328.247191011236,89,207214.0,41200.0,200.0,False,,,30.0,0.0,750.3478260869565,46,0.007238893124981903
820.0,Bevásárlás,2024-11-19 19:28:41,"2024.11.19 4159956198 Borcsok Karoly Jozsef    -ÉRINTŐ 2,010EUR    0,",Kimenő,VÁSÁRLÁS KÁRTYÁVAL,3Dye4gBbAdPQSto3WbqgkBu6lrj2,none,,c1a3119c-300a-4787-a21a-5ea629c7fe6c,11,2024,1,False,4,False,False,47,19,30,2328.247191011236,89,207214.0,41200.0,200.0,False,,,30.0,0.0,2156.764705882353,17,0.003957261574990107
550.0,Vendéglátás,2024-11-19 20:01:44,2024.11.19 4159956198 VEGAS PUB                -ÉRINTŐ,Kimenő,VÁSÁRLÁS KÁRTYÁVAL,3Dye4gBbAdPQSto3WbqgkBu6lrj2,none,,e117f279-f233-4cf7-ab0c-533e3d26e866,11,2024,1,False,4,False,False,47,19,30,2328.247191011236,89,207214.0,41200.0,200.0,False,,,30.0,0.0,750.3478260869565,46,0.0026542608124933646
819.0,Vendéglátás,2024-11-20 10:35:31,2024.11.20 4159956198 F LEGYH ZI P KS G 71     -ÉRINTŐ,Kimenő,VÁSÁRLÁS KÁRTYÁVAL,3Dye4gBbAdPQSto3WbqgkBu6lrj2,none,,76e675c4-e5b2-4141-a1dc-a498202df044,11,2024,2,False,4,False,False,47,20,30,2328.247191011236,89,207214.0,41200.0,200.0,False,,,30.0,0.0,750.3478260869565,46,0.0039524356462401185
1618.0,Bevásárlás,2024-11-20 15:12:01,2024.11.20 4159956198 KÁROLYI ABC              -ÉRINTŐ,Kimenő,VÁSÁRLÁS KÁRTYÁVAL,3Dye4gBbAdPQSto3WbqgkBu6lrj2,none,,0011888c-1437-4bbe-bcab-5edb00b9cd3a,11,2024,2,False,4,False,False,47,20,30,2328.247191011236,89,207214.0,41200.0,200.0,False,,,30.0,0.0,2156.764705882353,17,0.007808352717480479
1086.0,Bevásárlás,2024-11-21 08:00:15,2024.11.21 4159956198 TESCO 41420 ÖNKISZOLG    -ÉRINTŐ,Kimenő,VÁSÁRLÁS KÁRTYÁVAL,3Dye4gBbAdPQSto3WbqgkBu6lrj2,none,,62457e78-a468-4d53-982c-7f050d7a0bbf,11,2024,3,False,4,False,False,47,21,30,2328.247191011236,89,207214.0,41200.0,200.0,False,,,30.0,0.0,2156.764705882353,17,0.0052409586224868975
300.0,Vendéglátás,2024-11-21 08:01:42,"2024.11.21 4159956198 NYX*HELLAUTOMATAUeZEME   -ÉRINTŐ 0,730EUR    0,",Kimenő,VÁSÁRLÁS KÁRTYÁVAL,3Dye4gBbAdPQSto3WbqgkBu6lrj2,none,,b38576f9-3d56-4874-8618-20e243274cc2,11,2024,3,False,4,False,False,47,21,30,2328.247191011236,89,207214.0,41200.0,200.0,False,,,30.0,0.0,750.3478260869565,46,0.0014477786249963806
1500.0,Vendéglátás,2024-11-21 12:22:54,2024.11.21 4159956198 SZOTE  telbąr Kft.       -ÉRINTŐ,Kimenő,VÁSÁRLÁS KÁRTYÁVAL,3Dye4gBbAdPQSto3WbqgkBu6lrj2,none,,d584027a-4a8a-4ed8-b66b-e15f637b10a3,11,2024,3,False,4,False,False,47,21,30,2328.247191011236,89,207214.0,41200.0,200.0,False,,,30.0,0.0,750.3478260869565,46,0.007238893124981903
349.0,Vendéglátás,2024-11-21 13:49:13,2024.11.21 4159956198 ARADI NON-STOP BOLT      -ÉRINTŐ,Kimenő,VÁSÁRLÁS KÁRTYÁVAL,3Dye4gBbAdPQSto3WbqgkBu6lrj2,none,,95091844-6c5f-4f1d-b49e-7b4624e439b9,11,2024,3,False,4,False,False,47,21,30,2328.247191011236,89,207214.0,41200.0,200.0,False,,,30.0,0.0,750.3478260869565,46,0.0016842491337457895
5200.0,Bevásárlás,2024-11-21 18:21:39,2024.11.21 4159956198 TESCO 41420 ÖNKISZOLG    -ÉRINTŐ,Kimenő,VÁSÁRLÁS KÁRTYÁVAL,3Dye4gBbAdPQSto3WbqgkBu6lrj2,none,,21d384d5-4851-4b06-b201-bc28af54149b,11,2024,3,False,4,False,False,47,21,30,2328.247191011236,89,207214.0,41200.0,200.0,False,,,30.0,0.0,2156.764705882353,17,0.025094829499937264
1150.0,Nem kategorizált,2024-11-22 12:24:12,20241122_422e8589-1142-46f4-b66b-bfb0d56b61a2,Bejövő,AZONNALI ÁTUTALÁS,3Dye4gBbAdPQSto3WbqgkBu6lrj2,none,,aef07dd2-721d-4843-80ea-a9a12f30a9f5,11,2024,4,False,4,False,False,47,22,30,2328.247191011236,89,207214.0,41200.0,200.0,False,,,30.0,0.0,7683.333333333333,3,0.005549818062486125
549.0,Bevásárlás,2024-11-23 17:03:13,2024.11.23 4159956198 BEKE CSEMEGE             -ÉRINTŐ,Kimenő,VÁSÁRLÁS KÁRTYÁVAL,3Dye4gBbAdPQSto3WbqgkBu6lrj2,none,,5989d609-d3fd-48a8-9275-494558ba6981,11,2024,5,True,4,False,False,47,23,30,2328.247191011236,89,207214.0,41200.0,200.0,False,,,30.0,0.0,2156.764705882353,17,0.002649434883743376
838.0,Közlekedés,2024-11-24 15:17:19,2024.11.24 4159956198 BÉKÉSCSABA MÁV           -ÉRINTŐ,Kimenő,VÁSÁRLÁS KÁRTYÁVAL,3Dye4gBbAdPQSto3WbqgkBu6lrj2,none,,b26cee30-08a0-4db0-8c28-04276d5dc167,11,2024,6,True,4,False,False,47,24,30,2328.247191011236,89,207214.0,41200.0,200.0,False,,,30.0,0.0,942.8333333333334,6,0.00404412829248989
300.0,Bevásárlás,2024-11-24 18:27:50,"2024.11.24 4159956198 Vendo Box Keleti pu.     -ÉRINTŐ 0,730EUR    0,",Kimenő,VÁSÁRLÁS KÁRTYÁVAL,3Dye4gBbAdPQSto3WbqgkBu6lrj2,none,,b2543962-b6f8-4c3a-9aa5-6d7f83483f8a,11,2024,6,True,4,False,False,47,24,30,2328.247191011236,89,207214.0,41200.0,200.0,False,,,30.0,0.0,2156.764705882353,17,0.0014477786249963806
1500.0,"Számlák, rezsi",2024-11-24 18:46:10,"2024.11.24 4159956198 SQUARETRADE EUROPE 3,650EUR    0,",Kimenő,VÁSÁRLÁS KÁRTYÁVAL,3Dye4gBbAdPQSto3WbqgkBu6lrj2,none,,ddf4a6e4-80d9-4092-85bc-d727949bf222,11,2024,6,True,4,False,False,47,24,30,2328.247191011236,89,207214.0,41200.0,200.0,False,,,30.0,0.0,12743.75,4,0.007238893124981903
940.0,Közlekedés,2024-11-24 19:09:05,2024.11.24 4159956198 OTPMOBL*VIMPAY.MAV-STA,Kimenő,VÁSÁRLÁS KÁRTYÁVAL,3Dye4gBbAdPQSto3WbqgkBu6lrj2,none,,32c824cf-4be6-45c9-ad5f-67266735be65,11,2024,6,True,4,False,False,47,24,30,2328.247191011236,89,207214.0,41200.0,200.0,False,,,30.0,0.0,942.8333333333334,6,0.004536373024988659
649.0,Vendéglátás,2024-11-24 19:11:40,2024.11.24 4159956198 TRIO Pizza Fornetti      -ÉRINTŐ,Kimenő,VÁSÁRLÁS KÁRTYÁVAL,3Dye4gBbAdPQSto3WbqgkBu6lrj2,none,,4b7fda94-190e-408e-8112-1408f2844f01,11,2024,6,True,4,False,False,47,24,30,2328.247191011236,89,207214.0,41200.0,200.0,False,,,30.0,0.0,750.3478260869565,46,0.00313202775874217
440.0,Vendéglátás,2024-11-25 17:36:36,"2024.11.25 4159956198 Lipoti Pekseg - Szeche   -ÉRINTŐ 1,070EUR    0,",Kimenő,VÁSÁRLÁS KÁRTYÁVAL,3Dye4gBbAdPQSto3WbqgkBu6lrj2,none,,56795379-a8be-4997-93b3-1355da3baab5,11,2024,0,False,4,False,True,48,25,30,2328.247191011236,89,207214.0,41200.0,200.0,False,,,30.0,0.0,750.3478260869565,46,0.0021234086499946916
350.0,Vendéglátás,2024-11-25 17:53:25,"2024.11.25 4159956198 NYX*ReferenciaCafeKft    -ÉRINTŐ 0,850EUR    0,",Kimenő,VÁSÁRLÁS KÁRTYÁVAL,3Dye4gBbAdPQSto3WbqgkBu6lrj2,none,,3fc40f5f-c16f-4da6-be1d-ad50e9a4cb7c,11,2024,0,False,4,False,True,48,25,30,2328.247191011236,89,207214.0,41200.0,200.0,False,,,30.0,0.0,750.3478260869565,46,0.0016890750624957774
810.0,Vendéglátás,2024-11-25 20:06:32,2024.11.25 4159956198 DTK                      -ÉRINTŐ,Kimenő,VÁSÁRLÁS KÁRTYÁVAL,3Dye4gBbAdPQSto3WbqgkBu6lrj2,none,,22d1f2da-ae5f-44dc-a807-7f3b3f678168,11,2024,0,False,4,False,True,48,25,30,2328.247191011236,89,207214.0,41200.0,200.0,False,,,30.0,0.0,750.3478260869565,46,0.003909002287490228
1320.0,Vendéglátás,2024-11-25 20:53:34,2024.11.25 4159956198 DTK                      -ÉRINTŐ,Kimenő,VÁSÁRLÁS KÁRTYÁVAL,3Dye4gBbAdPQSto3WbqgkBu6lrj2,none,,55eb6ad2-cd0b-4c62-ab96-961f722760bd,11,2024,0,False,4,False,True,48,25,30,2328.247191011236,89,207214.0,41200.0,200.0,False,,,30.0,0.0,750.3478260869565,46,0.006370225949984074
810.0,Vendéglátás,2024-11-25 21:48:50,2024.11.25 4159956198 DTK                      -ÉRINTŐ,Kimenő,VÁSÁRLÁS KÁRTYÁVAL,3Dye4gBbAdPQSto3WbqgkBu6lrj2,none,,1251a07e-d8cc-478b-8ea1-57f35ab6d96c,11,2024,0,False,4,False,True,48,25,30,2328.247191011236,89,207214.0,41200.0,200.0,False,,,30.0,0.0,750.3478260869565,46,0.003909002287490228
570.0,Vendéglátás,2024-11-26 08:15:05,2024.11.26 4159956198 Csiga PÚksÚg -Bem utca   -ÉRINTŐ,Kimenő,VÁSÁRLÁS KÁRTYÁVAL,3Dye4gBbAdPQSto3WbqgkBu6lrj2,none,,1489ea52-f2bf-4ab1-8bd2-20de76985e85,11,2024,1,False,4,False,True,48,26,30,2328.247191011236,89,207214.0,41200.0,200.0,False,,,30.0,0.0,750.3478260869565,46,0.002750779387493123
659.0,Vendéglátás,2024-11-26 08:21:07,2024.11.26 4159956198 MAV SZEGED BUFE          -ÉRINTŐ,Kimenő,VÁSÁRLÁS KÁRTYÁVAL,3Dye4gBbAdPQSto3WbqgkBu6lrj2,none,,2b3e0b1e-1c94-4fac-b529-2bb13bedc03d,11,2024,1,False,4,False,True,48,26,30,2328.247191011236,89,207214.0,41200.0,200.0,False,,,30.0,0.0,750.3478260869565,46,0.003180287046242049
15000.0,Készpénz felvétel,2024-11-26 11:26:17,2024.11.26 4159956198 BUDAPEST NYUGATI TER 1,Kimenő,KÉSZPÉNZFELVÉT ATM-BŐL,3Dye4gBbAdPQSto3WbqgkBu6lrj2,none,,20f93d73-fced-4497-8b4c-c738b2b8fb78,11,2024,1,False,4,False,True,48,26,30,2328.247191011236,89,207214.0,41200.0,200.0,False,,,30.0,0.0,6500.0,4,0.07238893124981903
200.0,Egyéb,2024-11-26 12:14:25,2024.11.26 4159956198 NYILVÁNOS ILLEMHELY      -ÉRINTŐ,Kimenő,VÁSÁRLÁS KÁRTYÁVAL,3Dye4gBbAdPQSto3WbqgkBu6lrj2,none,,b5ef9fa1-8628-4ab9-a7d3-d20fe5da54a9,11,2024,1,False,4,False,True,48,26,30,2328.247191011236,89,207214.0,41200.0,200.0,False,,,30.0,0.0,260.5,2,0.0009651857499975871
649.0,Vendéglátás,2024-11-26 13:45:11,2024.11.26 4159956198 TRIO Pizza Fornetti      -ÉRINTŐ,Kimenő,VÁSÁRLÁS KÁRTYÁVAL,3Dye4gBbAdPQSto3WbqgkBu6lrj2,none,,c2a6db9b-ba6f-4cae-8dd4-e5f0e567fe20,11,2024,1,False,4,False,True,48,26,30,2328.247191011236,89,207214.0,41200.0,200.0,False,,,30.0,0.0,750.3478260869565,46,0.00313202775874217
550.0,Közlekedés,2024-11-26 19:01:08,2024.11.26 4159956198 SZKT FEDÉLZETI JEGY      -ÉRINTŐ,Kimenő,VÁSÁRLÁS KÁRTYÁVAL,3Dye4gBbAdPQSto3WbqgkBu6lrj2,none,,e0539704-795e-486a-8a19-39931efc1891,11,2024,1,False,4,False,True,48,26,30,2328.247191011236,89,207214.0,41200.0,200.0,False,,,30.0,0.0,942.8333333333334,6,0.0026542608124933646
2192.0,Bevásárlás,2024-11-26 20:06:57,2024.11.26 4159956198 ALDI 122.SZ.             -ÉRINTŐ,Kimenő,VÁSÁRLÁS KÁRTYÁVAL,3Dye4gBbAdPQSto3WbqgkBu6lrj2,none,,926348e8-4703-4c9f-a164-416b87cf42f3,11,2024,1,False,4,False,True,48,26,30,2328.247191011236,89,207214.0,41200.0,200.0,False,,,30.0,0.0,2156.764705882353,17,0.010578435819973553
2400.0,Utalás,2024-11-26 22:45:05,Ho ho hóó,Kimenő,AZONNALI ÁTUTALÁS,3Dye4gBbAdPQSto3WbqgkBu6lrj2,none,,8178eca4-eae6-490a-862f-6725bd14b406,11,2024,1,False,4,False,True,48,26,30,2328.247191011236,89,207214.0,41200.0,200.0,False,,,30.0,0.0,5860.0,2,0.011582228999971045
321.0,Egyéb,2024-11-27 00:44:00,,Kimenő,ESETI MEGBÍZÁSOK KÖLTSÉGE,3Dye4gBbAdPQSto3WbqgkBu6lrj2,none,,593928da-7baf-4967-8981-51470a3ecaba,11,2024,2,False,4,False,True,48,27,30,2328.247191011236,89,207214.0,41200.0,200.0,False,,,30.0,0.0,260.5,2,0.0015491231287461272
389.0,Bevásárlás,2024-11-27 08:45:53,2024.11.27 4159956198 KÁROLYI ABC              -ÉRINTŐ,Kimenő,VÁSÁRLÁS KÁRTYÁVAL,3Dye4gBbAdPQSto3WbqgkBu6lrj2,none,,2aab3032-1f54-4274-833b-c45ad1953da0,11,2024,2,False,4,False,True,48,27,30,2328.247191011236,89,207214.0,41200.0,200.0,False,,,30.0,0.0,2156.764705882353,17,0.0018772862837453067
2840.0,Vendéglátás,2024-11-27 13:15:35,2024.11.27 4159956198 TROJA ÁRKÁD              -ÉRINTŐ,Kimenő,VÁSÁRLÁS KÁRTYÁVAL,3Dye4gBbAdPQSto3WbqgkBu6lrj2,none,,8bd93e04-b55b-483d-9f5c-5158443f11aa,11,2024,2,False,4,False,True,48,27,30,2328.247191011236,89,207214.0,41200.0,200.0,False,,,30.0,0.0,750.3478260869565,46,0.013705637649965735
790.0,Vendéglátás,2024-11-27 16:47:34,"2024.11.27 4159956198 Nyugi-Kert Stillness     -ÉRINTŐ 1,930EUR    0,",Kimenő,VÁSÁRLÁS KÁRTYÁVAL,3Dye4gBbAdPQSto3WbqgkBu6lrj2,none,,8601ad38-83ab-4b48-8e4d-97ae3dce1706,11,2024,2,False,4,False,True,48,27,30,2328.247191011236,89,207214.0,41200.0,200.0,False,,,30.0,0.0,750.3478260869565,46,0.0038124837124904687
5265.0,Bevásárlás,2024-11-27 20:14:19,2024.11.27 4159956198 TESCO 41420 ÖNKISZOLG    -ÉRINTŐ,Kimenő,VÁSÁRLÁS KÁRTYÁVAL,3Dye4gBbAdPQSto3WbqgkBu6lrj2,none,,c5e84b1d-66bc-4a28-bc60-c43e834a7d5b,11,2024,2,False,4,False,True,48,27,30,2328.247191011236,89,207214.0,41200.0,200.0,False,,,30.0,0.0,2156.764705882353,17,0.025408514868686477
1037.0,Bevásárlás,2024-11-28 10:49:53,2024.11.28 4159956198 KÁROLYI ABC              -ÉRINTŐ,Kimenő,VÁSÁRLÁS KÁRTYÁVAL,3Dye4gBbAdPQSto3WbqgkBu6lrj2,none,,994a5445-c109-4f16-bc9c-fd2677427c53,11,2024,3,False,4,False,True,48,28,30,2328.247191011236,89,207214.0,41200.0,200.0,False,,,30.0,0.0,2156.764705882353,17,0.005004488113737489
570.0,Vendéglátás,2024-11-28 14:56:17,2024.11.28 4159956198 Csiga PÚksÚg -Bem utca   -ÉRINTŐ,Kimenő,VÁSÁRLÁS KÁRTYÁVAL,3Dye4gBbAdPQSto3WbqgkBu6lrj2,none,,985f53c9-c6bc-4540-bbc0-05771c18f96e,11,2024,3,False,4,False,True,48,28,30,2328.247191011236,89,207214.0,41200.0,200.0,False,,,30.0,0.0,750.3478260869565,46,0.002750779387493123
599.0,Vendéglátás,2024-11-28 15:01:43,2024.11.28 4159956198 MAV SZEGED BUFE          -ÉRINTŐ,Kimenő,VÁSÁRLÁS KÁRTYÁVAL,3Dye4gBbAdPQSto3WbqgkBu6lrj2,none,,abadb052-f867-4d90-a404-b15cbd05bff9,11,2024,3,False,4,False,True,48,28,30,2328.247191011236,89,207214.0,41200.0,200.0,False,,,30.0,0.0,750.3478260869565,46,0.0028907313212427734
9490.0,Ruházat,2024-11-29 12:10:59,2024.11.29 4159956198 OTPMOBL*rockpince.hu,Kimenő,VÁSÁRLÁS KÁRTYÁVAL,3Dye4gBbAdPQSto3WbqgkBu6lrj2,none,,549c54e0-9ba8-4451-8bbd-232d8639a480,11,2024,4,False,4,False,True,48,29,30,2328.247191011236,89,207214.0,41200.0,200.0,False,,,30.0,0.0,9490.0,1,0.04579806383738551
6120.0,Szórakozás,2024-11-29 18:53:32,2024.11.29 4159956198 OTPMOBL*ALVINTICKETS.C,Kimenő,VÁSÁRLÁS KÁRTYÁVAL,3Dye4gBbAdPQSto3WbqgkBu6lrj2,none,,502ee34a-d94f-478f-a434-058d8e90a973,11,2024,4,False,4,False,True,48,29,30,2328.247191011236,89,207214.0,41200.0,200.0,False,,,30.0,0.0,2155.0,4,0.029534683949926165
4000.0,Készpénz felvétel,2024-11-30 18:31:13,2024.11.30 4159956198 Gyula Budapest krt.1,Kimenő,KÉSZPÉNZFELVÉT ATM-BŐL,3Dye4gBbAdPQSto3WbqgkBu6lrj2,none,,c1ab7783-de5f-4b26-a771-2b14b425c61e,11,2024,5,True,4,False,True,48,30,30,2328.247191011236,89,207214.0,41200.0,200.0,False,,,30.0,0.0,6500.0,4,0.01930371499995174
1200.0,Nem kategorizált,2024-12-01 10:55:08,20241201_0c73523d-abd5-4446-ac7f-d2e2fbe00906,Bejövő,AZONNALI ÁTUTALÁS,3Dye4gBbAdPQSto3WbqgkBu6lrj2,none,,b805803f-cd5c-464a-87ba-9b6f9da77c66,12,2024,6,True,4,True,False,48,1,31,2253.6794871794873,78,175787.0,18036.0,179.0,False,,,30.0,0.0,4333.8,5,0.006826443366119224
499.0,Közlekedés,2024-12-02 11:31:59,2024.12.02 4159956198 BÉKÉSCSABA MÁV           -ÉRINTŐ,Kimenő,VÁSÁRLÁS KÁRTYÁVAL,3Dye4gBbAdPQSto3WbqgkBu6lrj2,none,,d60356a1-bb9d-4d1b-ba9a-f6b5e7c0499f,12,2024,0,False,4,True,False,49,2,31,2253.6794871794873,78,175787.0,18036.0,179.0,False,,,30.0,0.0,2213.625,8,0.0028386626997445774
570.0,Vendéglátás,2024-12-02 15:04:02,2024.12.02 4159956198 Csiga PÚksÚg -Bem utca   -ÉRINTŐ,Kimenő,VÁSÁRLÁS KÁRTYÁVAL,3Dye4gBbAdPQSto3WbqgkBu6lrj2,none,,7e6339f9-8a69-470a-a19c-56a454ac4c9f,12,2024,0,False,4,True,False,49,2,31,2253.6794871794873,78,175787.0,18036.0,179.0,False,,,30.0,0.0,838.1935483870968,31,0.003242560598906631
918.0,Vendéglátás,2024-12-02 15:09:54,2024.12.02 4159956198 MAV SZEGED BUFE          -ÉRINTŐ,Kimenő,VÁSÁRLÁS KÁRTYÁVAL,3Dye4gBbAdPQSto3WbqgkBu6lrj2,none,,7bc528a7-7f8d-40db-a38a-7d5b867e6ab3,12,2024,0,False,4,True,False,49,2,31,2253.6794871794873,78,175787.0,18036.0,179.0,False,,,30.0,0.0,838.1935483870968,31,0.005222229175081207
200.0,Vendéglátás,2024-12-02 18:42:14,"2024.12.02 4159956198 NYX*CocaColaHBCMagyaro   -ÉRINTŐ 0,480EUR    0,",Kimenő,VÁSÁRLÁS KÁRTYÁVAL,3Dye4gBbAdPQSto3WbqgkBu6lrj2,none,,52cb35a5-59aa-4d71-9ede-086a2b1f27a8,12,2024,0,False,4,True,False,49,2,31,2253.6794871794873,78,175787.0,18036.0,179.0,False,,,30.0,0.0,838.1935483870968,31,0.0011377405610198707
649.0,Vendéglátás,2024-12-02 20:40:45,2024.12.02 4159956198 TRIO Pizza Fornetti      -ÉRINTŐ,Kimenő,VÁSÁRLÁS KÁRTYÁVAL,3Dye4gBbAdPQSto3WbqgkBu6lrj2,none,,b9efb870-98b5-4e4d-9b41-f2951af0a04d,12,2024,0,False,4,True,False,49,2,31,2253.6794871794873,78,175787.0,18036.0,179.0,False,,,30.0,0.0,838.1935483870968,31,0.0036919681205094803
12970.0,Egyéb,2024-12-03 09:58:43,2024.12.03 4159956198 BARIONP*BARION.COM/GUE,Kimenő,VÁSÁRLÁS KÁRTYÁVAL,3Dye4gBbAdPQSto3WbqgkBu6lrj2,none,,ccbb1adb-7ee3-4d74-a339-24c5ff813c0c,12,2024,1,False,4,True,False,49,3,31,2253.6794871794873,78,175787.0,18036.0,179.0,False,,,30.0,0.0,4777.5,4,0.07378247538213861
820.0,Bevásárlás,2024-12-03 11:44:34,"2024.12.03 4159956198 Borcsok Karoly Jozsef    -ÉRINTŐ 1,980EUR    0,",Kimenő,VÁSÁRLÁS KÁRTYÁVAL,3Dye4gBbAdPQSto3WbqgkBu6lrj2,none,,be119835-75d9-4489-a71e-0e29207915bd,12,2024,1,False,4,True,False,49,3,31,2253.6794871794873,78,175787.0,18036.0,179.0,False,,,30.0,0.0,2972.45,20,0.00466473630018147
6020.0,"Számlák, rezsi",2024-12-03 12:59:35,2024.12.03 4159956198 OTPMOBL*NEPTUN.U-SZEGE,Kimenő,VÁSÁRLÁS KÁRTYÁVAL,3Dye4gBbAdPQSto3WbqgkBu6lrj2,none,,868943b8-1645-4017-b68a-58c2c9420762,12,2024,1,False,4,True,False,49,3,31,2253.6794871794873,78,175787.0,18036.0,179.0,False,,,30.0,0.0,3902.6666666666665,3,0.03424599088669811
16332.0,Bevásárlás,2024-12-03 19:59:30,2024.12.03 4159956198 TESCO 41420 ÖNKISZOLG    -ÉRINTŐ,Kimenő,VÁSÁRLÁS KÁRTYÁVAL,3Dye4gBbAdPQSto3WbqgkBu6lrj2,none,,e208597c-c5f0-4b6b-8a88-0d0253ca9a44,12,2024,1,False,4,True,False,49,3,31,2253.6794871794873,78,175787.0,18036.0,179.0,False,,,30.0,0.0,2972.45,20,0.09290789421288263
350.0,Vendéglátás,2024-12-04 16:59:40,"2024.12.04 4159956198 NYX*ReferenciaCafeKft    -ÉRINTŐ 0,840EUR    0,",Kimenő,VÁSÁRLÁS KÁRTYÁVAL,3Dye4gBbAdPQSto3WbqgkBu6lrj2,none,,ffe20a5e-8628-4437-a5f0-3fcdfa559e30,12,2024,2,False,4,True,False,49,4,31,2253.6794871794873,78,175787.0,18036.0,179.0,False,,,30.0,0.0,838.1935483870968,31,0.0019910459817847736
2180.0,Vendéglátás,2024-12-05 12:15:10,2024.12.05 4159956198 MCD SZEGED 1.            -ÉRINTŐ,Kimenő,VÁSÁRLÁS KÁRTYÁVAL,3Dye4gBbAdPQSto3WbqgkBu6lrj2,none,,af8ad9b9-980e-4e3b-9bf1-2d3dd803c1e2,12,2024,3,False,4,True,False,49,5,31,2253.6794871794873,78,175787.0,18036.0,179.0,False,,,30.0,0.0,838.1935483870968,31,0.01240137211511659
379.0,Vendéglátás,2024-12-05 13:55:29,2024.12.05 4159956198 ARADI NON-STOP BOLT      -ÉRINTŐ,Kimenő,VÁSÁRLÁS KÁRTYÁVAL,3Dye4gBbAdPQSto3WbqgkBu6lrj2,none,,8d758931-22bf-4111-aecb-80643d0e2346,12,2024,3,False,4,True,False,49,5,31,2253.6794871794873,78,175787.0,18036.0,179.0,False,,,30.0,0.0,838.1935483870968,31,0.002156018363132655
460.0,Vendéglátás,2024-12-05 18:56:58,2024.12.05 4159956198 Csiga PÚksÚg -Bem utca   -ÉRINTŐ,Kimenő,VÁSÁRLÁS KÁRTYÁVAL,3Dye4gBbAdPQSto3WbqgkBu6lrj2,none,,255245fb-53d3-4bdc-8d39-c68fbd4ab098,12,2024,3,False,4,True,False,49,5,31,2253.6794871794873,78,175787.0,18036.0,179.0,False,,,30.0,0.0,838.1935483870968,31,0.0026168032903457024
10002.0,Közlekedés,2024-12-06 00:23:37,2024.12.06 4159956198 SHELL TÖLTŐÁLL. 004      -ÉRINTŐ,Kimenő,VÁSÁRLÁS KÁRTYÁVAL,3Dye4gBbAdPQSto3WbqgkBu6lrj2,none,,b8d1f3fb-bafd-4352-a2a2-9b5cf018ef8d,12,2024,4,False,4,False,False,49,6,31,2253.6794871794873,78,175787.0,18036.0,179.0,False,,,30.0,0.0,2213.625,8,0.05689840545660373
321.0,Egyéb,2024-12-06 12:35:00,,Kimenő,ESETI MEGBÍZÁSOK KÖLTSÉGE,3Dye4gBbAdPQSto3WbqgkBu6lrj2,none,,c9272f1c-b16d-45e8-9499-e79eb0f24b4b,12,2024,4,False,4,False,False,49,6,31,2253.6794871794873,78,175787.0,18036.0,179.0,False,,,30.0,0.0,4777.5,4,0.0018260736004368924
500.0,Utalás,2024-12-06 12:35:36,Pidzsa teszta,Kimenő,AZONNALI ÁTUTALÁS,3Dye4gBbAdPQSto3WbqgkBu6lrj2,none,,1200f48c-1d78-4148-aeda-5b755ac3ecd5,12,2024,4,False,4,False,False,49,6,31,2253.6794871794873,78,175787.0,18036.0,179.0,False,,,30.0,0.0,1750.0,2,0.0028443514025496765
4250.0,Bevásárlás,2024-12-06 15:34:18,2024.12.06 4159956198 NEMZETI DOHÁNYBOLT       -ÉRINTŐ,Kimenő,VÁSÁRLÁS KÁRTYÁVAL,3Dye4gBbAdPQSto3WbqgkBu6lrj2,none,,573e1c00-8c42-45ae-97ed-c07fee6ecce0,12,2024,4,False,4,False,False,49,6,31,2253.6794871794873,78,175787.0,18036.0,179.0,False,,,30.0,0.0,2972.45,20,0.02417698692167225
2481.0,Bevásárlás,2024-12-06 16:15:51,2024.12.06 4159956198 TESCO 41420 ÖNKISZOLG    -ÉRINTŐ,Kimenő,VÁSÁRLÁS KÁRTYÁVAL,3Dye4gBbAdPQSto3WbqgkBu6lrj2,none,,097fbf22-5380-48fb-96c2-3144af203a8e,12,2024,4,False,4,False,False,49,6,31,2253.6794871794873,78,175787.0,18036.0,179.0,False,,,30.0,0.0,2972.45,20,0.014113671659451495
430.0,Vendéglátás,2024-12-06 16:17:27,"2024.12.06 4159956198 NYX*HELLAUTOMATAUeZEME   -ÉRINTŐ 1,040EUR    0,",Kimenő,VÁSÁRLÁS KÁRTYÁVAL,3Dye4gBbAdPQSto3WbqgkBu6lrj2,none,,01160eac-193e-4f53-8135-40f535c10e70,12,2024,4,False,4,False,False,49,6,31,2253.6794871794873,78,175787.0,18036.0,179.0,False,,,30.0,0.0,838.1935483870968,31,0.002446142206192722
550.0,Közlekedés,2024-12-06 17:38:41,2024.12.06 4159956198 SZKT FEDÉLZETI JEGY      -ÉRINTŐ,Kimenő,VÁSÁRLÁS KÁRTYÁVAL,3Dye4gBbAdPQSto3WbqgkBu6lrj2,none,,18bd86ac-b9f9-49c7-a15a-12bb6cf34e81,12,2024,4,False,4,False,False,49,6,31,2253.6794871794873,78,175787.0,18036.0,179.0,False,,,30.0,0.0,2213.625,8,0.0031287865428046443
400.0,"Szállás, utazás",2024-12-06 20:24:02,2024.12.06 4159956198 PARTFÜRDŐ ÉS KEMPIN      -ÉRINTŐ,Kimenő,VÁSÁRLÁS KÁRTYÁVAL,3Dye4gBbAdPQSto3WbqgkBu6lrj2,none,,765c192f-ec48-45e1-aed4-6e3ed3c8cd1d,12,2024,4,False,4,False,False,49,6,31,2253.6794871794873,78,175787.0,18036.0,179.0,False,,,30.0,0.0,400.0,1,0.0022754811220397414
2410.0,Vendéglátás,2024-12-06 20:37:42,"2024.12.06 4159956198 Stefania Catering Kft.   -ÉRINTŐ 5,840EUR    0,",Kimenő,VÁSÁRLÁS KÁRTYÁVAL,3Dye4gBbAdPQSto3WbqgkBu6lrj2,none,,94880460-6b4b-4bc7-b958-3ba5caf039d7,12,2024,4,False,4,False,False,49,6,31,2253.6794871794873,78,175787.0,18036.0,179.0,False,,,30.0,0.0,838.1935483870968,31,0.01370977376028944
321.0,Egyéb,2024-12-07 13:14:00,,Kimenő,ESETI MEGBÍZÁSOK KÖLTSÉGE,3Dye4gBbAdPQSto3WbqgkBu6lrj2,none,,9a5e0bf3-abca-417e-b804-08805d941c77,12,2024,5,True,4,False,False,49,7,31,2253.6794871794873,78,175787.0,18036.0,179.0,False,,,30.0,0.0,4777.5,4,0.0018260736004368924
3000.0,Utalás,2024-12-07 13:14:48,,Kimenő,AZONNALI ÁTUTALÁS,3Dye4gBbAdPQSto3WbqgkBu6lrj2,none,,3ab0d2a6-f6db-40ee-90ec-1e3304e564d8,12,2024,5,True,4,False,False,49,7,31,2253.6794871794873,78,175787.0,18036.0,179.0,False,,,30.0,0.0,1750.0,2,0.01706610841529806
1570.0,Bevásárlás,2024-12-07 14:39:47,2024.12.07 4159956198 PLUSMARKET               -ÉRINTŐ,Kimenő,VÁSÁRLÁS KÁRTYÁVAL,3Dye4gBbAdPQSto3WbqgkBu6lrj2,none,,2ef338ad-a190-4484-8ede-12583994de21,12,2024,5,True,4,False,False,49,7,31,2253.6794871794873,78,175787.0,18036.0,179.0,False,,,30.0,0.0,2972.45,20,0.008931263404005985
299.0,Bevásárlás,2024-12-08 12:10:25,2024.12.08 4159956198 JAN-KER 14. DISZKONT     -ÉRINTŐ,Kimenő,VÁSÁRLÁS KÁRTYÁVAL,3Dye4gBbAdPQSto3WbqgkBu6lrj2,none,,c33507ba-0f67-4ea2-8dd8-82b47cca51dd,12,2024,6,True,4,False,False,49,8,31,2253.6794871794873,78,175787.0,18036.0,179.0,False,,,30.0,0.0,2972.45,20,0.0017009221387247065
300.0,Bevásárlás,2024-12-08 18:24:21,"2024.12.08 4159956198 Vendo Box Keleti pu.     -ÉRINTŐ 0,720EUR    0,",Kimenő,VÁSÁRLÁS KÁRTYÁVAL,3Dye4gBbAdPQSto3WbqgkBu6lrj2,none,,4baec4ec-ac96-493a-80b0-001cbdda896b,12,2024,6,True,4,False,False,49,8,31,2253.6794871794873,78,175787.0,18036.0,179.0,False,,,30.0,0.0,2972.45,20,0.001706610841529806
5498.0,Egyéb,2024-12-09 10:35:36,2024.12.09 4159956198 MAGYAR POSTA 8870        -ÉRINTŐ,Kimenő,VÁSÁRLÁS KÁRTYÁVAL,3Dye4gBbAdPQSto3WbqgkBu6lrj2,none,,a962e55c-256c-4b80-846a-f616f22abdea,12,2024,0,False,4,False,False,50,9,31,2253.6794871794873,78,175787.0,18036.0,179.0,False,,,30.0,0.0,4777.5,4,0.031276488022436245
400.0,Vendéglátás,2024-12-09 10:39:44,2024.12.09 4159956198 DITI PÚksÚg_Gyula Vąsą   -ÉRINTŐ,Kimenő,VÁSÁRLÁS KÁRTYÁVAL,3Dye4gBbAdPQSto3WbqgkBu6lrj2,none,,c3269f60-7876-42a4-a9b8-0e7aedc99f0b,12,2024,0,False,4,False,False,50,9,31,2253.6794871794873,78,175787.0,18036.0,179.0,False,,,30.0,0.0,838.1935483870968,31,0.0022754811220397414
340.0,Vendéglátás,2024-12-09 11:25:13,2024.12.09 4159956198 LEGENDA BUFE             -ÉRINTŐ,Kimenő,VÁSÁRLÁS KÁRTYÁVAL,3Dye4gBbAdPQSto3WbqgkBu6lrj2,none,,ea149cd5-8255-429b-a2c8-653886d52d29,12,2024,0,False,4,False,False,50,9,31,2253.6794871794873,78,175787.0,18036.0,179.0,False,,,30.0,0.0,838.1935483870968,31,0.0019341589537337802
499.0,Közlekedés,2024-12-09 11:27:12,2024.12.09 4159956198 BÉKÉSCSABA MÁV           -ÉRINTŐ,Kimenő,VÁSÁRLÁS KÁRTYÁVAL,3Dye4gBbAdPQSto3WbqgkBu6lrj2,none,,aa5d8730-6214-4595-a7b1-6e5f6a6374a1,12,2024,0,False,4,False,False,50,9,31,2253.6794871794873,78,175787.0,18036.0,179.0,False,,,30.0,0.0,2213.625,8,0.0028386626997445774
4188.0,"Számlák, rezsi",2024-12-09 12:30:13,"2024.12.09 4159956198 Netflix.com 9,990EUR  419,2400",Kimenő,VÁSÁRLÁS KÁRTYÁVAL,3Dye4gBbAdPQSto3WbqgkBu6lrj2,none,,b16a221b-42e2-4409-b03b-3aa639a89715,12,2024,0,False,4,False,False,50,9,31,2253.6794871794873,78,175787.0,18036.0,179.0,False,,,30.0,0.0,3902.6666666666665,3,0.02382428734775609
590.0,Bevásárlás,2024-12-09 20:04:51,2024.12.09 4159956198 DTK PUB                  -ÉRINTŐ,Kimenő,VÁSÁRLÁS KÁRTYÁVAL,3Dye4gBbAdPQSto3WbqgkBu6lrj2,none,,444e8fa4-397c-4df9-b274-9f19a12a7fbf,12,2024,0,False,4,False,False,50,9,31,2253.6794871794873,78,175787.0,18036.0,179.0,False,,,30.0,0.0,2972.45,20,0.0033563346550086184
590.0,Vendéglátás,2024-12-09 21:19:07,2024.12.09 4159956198 DTK                      -ÉRINTŐ,Kimenő,VÁSÁRLÁS KÁRTYÁVAL,3Dye4gBbAdPQSto3WbqgkBu6lrj2,none,,e0f71926-2b53-4e98-aa44-f730cd34dbb5,12,2024,0,False,4,False,False,50,9,31,2253.6794871794873,78,175787.0,18036.0,179.0,False,,,30.0,0.0,838.1935483870968,31,0.0033563346550086184
990.0,Vendéglátás,2024-12-09 21:19:36,2024.12.09 4159956198 DTK                      -ÉRINTŐ,Kimenő,VÁSÁRLÁS KÁRTYÁVAL,3Dye4gBbAdPQSto3WbqgkBu6lrj2,none,,f81b13a1-d199-42f0-9a3f-8a293e483c41,12,2024,0,False,4,False,False,50,9,31,2253.6794871794873,78,175787.0,18036.0,179.0,False,,,30.0,0.0,838.1935483870968,31,0.00563181577704836
498.0,Bevásárlás,2024-12-10 11:26:44,2024.12.10 4159956198 LIDL ÁRUHÁZ 0365.SZ.     -GOOGLE,Kimenő,VÁSÁRLÁS KÁRTYÁVAL,3Dye4gBbAdPQSto3WbqgkBu6lrj2,none,,2bacac0e-854c-49a2-b875-b4deb9a7a9d2,12,2024,1,False,4,False,False,50,10,31,2253.6794871794873,78,175787.0,18036.0,179.0,False,,,30.0,0.0,2972.45,20,0.002832973996939478
1590.0,Vendéglátás,2024-12-10 14:09:47,2024.12.11 4159956198 Fusion Befektetesi       -GOOGLE,Kimenő,VÁSÁRLÁS KÁRTYÁVAL,3Dye4gBbAdPQSto3WbqgkBu6lrj2,none,,fa4a9946-6a8f-4a4e-a03c-11627b53f959,12,2024,1,False,4,False,False,50,10,31,2253.6794871794873,78,175787.0,18036.0,179.0,False,,,30.0,0.0,838.1935483870968,31,0.009045037460107971
11900.0,Nem kategorizált,2024-12-10 15:55:00,GIROKOZLEMENY,Bejövő,NAPKÖZBENI ÁTUTALÁS (CSOPORTOS),3Dye4gBbAdPQSto3WbqgkBu6lrj2,none,,65fe5d66-7023-4b09-93e3-a33fc49eb50f,12,2024,1,False,4,False,False,50,10,31,2253.6794871794873,78,175787.0,18036.0,179.0,False,,,30.0,0.0,4333.8,5,0.0676955633806823
389.0,Bevásárlás,2024-12-11 07:29:23,2024.12.11 4159956198 KÁROLYI ABC              -ÉRINTŐ,Kimenő,VÁSÁRLÁS KÁRTYÁVAL,3Dye4gBbAdPQSto3WbqgkBu6lrj2,none,,a506321b-dded-434b-978f-e74f92fa0c62,12,2024,2,False,4,False,False,50,11,31,2253.6794871794873,78,175787.0,18036.0,179.0,False,,,30.0,0.0,2972.45,20,0.0022129053911836482
1500.0,Vendéglátás,2024-12-11 14:10:10,2024.12.11 4159956198 SZOTE  telbąr Kft.       -ÉRINTŐ,Kimenő,VÁSÁRLÁS KÁRTYÁVAL,3Dye4gBbAdPQSto3WbqgkBu6lrj2,none,,58e1319f-8b61-4f55-97e2-2c93cdc66abc,12,2024,2,False,4,False,False,50,11,31,2253.6794871794873,78,175787.0,18036.0,179.0,False,,,30.0,0.0,838.1935483870968,31,0.00853305420764903
350.0,Vendéglátás,2024-12-11 17:05:32,"2024.12.11 4159956198 NYX*ReferenciaCafeKft    -GOOGLE 0,850EUR    0,",Kimenő,VÁSÁRLÁS KÁRTYÁVAL,3Dye4gBbAdPQSto3WbqgkBu6lrj2,none,,7f010a07-e829-4294-8138-ad2a55311552,12,2024,2,False,4,False,False,50,11,31,2253.6794871794873,78,175787.0,18036.0,179.0,False,,,30.0,0.0,838.1935483870968,31,0.0019910459817847736
460.0,Vendéglátás,2024-12-11 19:24:31,2024.12.11 4159956198 Csiga PÚksÚg -Bem utca   -ÉRINTŐ,Kimenő,VÁSÁRLÁS KÁRTYÁVAL,3Dye4gBbAdPQSto3WbqgkBu6lrj2,none,,30214515-a9b4-4e69-9241-700c1e43deed,12,2024,2,False,4,False,False,50,11,31,2253.6794871794873,78,175787.0,18036.0,179.0,False,,,30.0,0.0,838.1935483870968,31,0.0026168032903457024
808.0,Bevásárlás,2024-12-12 12:15:05,2024.12.12 4159956198 KÁROLYI ABC              -ÉRINTŐ,Kimenő,VÁSÁRLÁS KÁRTYÁVAL,3Dye4gBbAdPQSto3WbqgkBu6lrj2,none,,43607aa6-ba3b-48f0-93c0-c252ea332ba3,12,2024,3,False,4,False,False,50,12,31,2253.6794871794873,78,175787.0,18036.0,179.0,False,,,30.0,0.0,2972.45,20,0.004596471866520277
539.0,Bevásárlás,2024-12-12 18:01:59,2024.12.12 4159956198 KÁROLYI ABC              -ÉRINTŐ,Kimenő,VÁSÁRLÁS KÁRTYÁVAL,3Dye4gBbAdPQSto3WbqgkBu6lrj2,none,,f7a19e5e-8ee9-41fc-b675-3d658eb5b8f8,12,2024,3,False,4,False,False,50,12,31,2253.6794871794873,78,175787.0,18036.0,179.0,False,,,30.0,0.0,2972.45,20,0.0030662108119485516
2079.0,Bevásárlás,2024-12-13 13:11:40,2024.12.13 4159956198 TESCO 41420 ÖNKISZOLG    -ÉRINTŐ,Kimenő,VÁSÁRLÁS KÁRTYÁVAL,3Dye4gBbAdPQSto3WbqgkBu6lrj2,none,,58a6b6ac-155a-4c7b-b734-fc494c91ce98,12,2024,4,False,4,False,False,50,13,31,2253.6794871794873,78,175787.0,18036.0,179.0,False,,,30.0,0.0,2972.45,20,0.011826813131801556
1890.0,Közlekedés,2024-12-13 16:21:17,2024.12.13 4159956198 MÁV-START TRAM-TRAIN     -ÉRINTŐ,Kimenő,VÁSÁRLÁS KÁRTYÁVAL,3Dye4gBbAdPQSto3WbqgkBu6lrj2,none,,f2a96cdf-99a9-4c38-8b1e-d640a567e3ad,12,2024,4,False,4,False,False,50,13,31,2253.6794871794873,78,175787.0,18036.0,179.0,False,,,30.0,0.0,2213.625,8,0.010751648301637778
9200.0,Szórakozás,2024-12-16 11:51:34,2024.12.16 4159956198 OTPMOBL*BELVAROSIMOZI.,Kimenő,VÁSÁRLÁS KÁRTYÁVAL,3Dye4gBbAdPQSto3WbqgkBu6lrj2,none,,15643093-4d90-4609-8e3f-d2b0dff006f5,12,2024,0,False,4,False,False,51,16,31,2253.6794871794873,78,175787.0,18036.0,179.0,False,,,30.0,0.0,9200.0,1,0.05233606580691405
4400.0,Nem kategorizált,2024-12-16 11:56:40,csengopengo,Bejövő,AZONNALI ÁTUTALÁS,3Dye4gBbAdPQSto3WbqgkBu6lrj2,none,,63e2c9ad-195e-4fe3-8c1a-1cd93f2d50dd,12,2024,0,False,4,False,False,51,16,31,2253.6794871794873,78,175787.0,18036.0,179.0,False,,,30.0,0.0,4333.8,5,0.025030292342437154
2269.0,Nem kategorizált,2024-12-16 12:08:08,,Bejövő,AZONNALI ÁTUTALÁS,3Dye4gBbAdPQSto3WbqgkBu6lrj2,none,,25e1c4dd-947a-44fe-a109-04dc49e46897,12,2024,0,False,4,False,False,51,16,31,2253.6794871794873,78,175787.0,18036.0,179.0,False,,,30.0,0.0,4333.8,5,0.012907666664770433
340.0,Vendéglátás,2024-12-18 14:24:05,2024.12.18 4159956198 LEGENDA BUFE             -ÉRINTŐ,Kimenő,VÁSÁRLÁS KÁRTYÁVAL,3Dye4gBbAdPQSto3WbqgkBu6lrj2,none,,beced0ef-56ec-4e5c-8f44-0614ae158760,12,2024,2,False,4,False,False,51,18,31,2253.6794871794873,78,175787.0,18036.0,179.0,False,,,30.0,0.0,838.1935483870968,31,0.0019341589537337802
499.0,Közlekedés,2024-12-18 14:25:30,2024.12.18 4159956198 BÉKÉSCSABA MÁV           -ÉRINTŐ,Kimenő,VÁSÁRLÁS KÁRTYÁVAL,3Dye4gBbAdPQSto3WbqgkBu6lrj2,none,,bf1cbdfb-101b-430a-b819-86d970608a8f,12,2024,2,False,4,False,False,51,18,31,2253.6794871794873,78,175787.0,18036.0,179.0,False,,,30.0,0.0,2213.625,8,0.0028386626997445774
360.0,Vendéglátás,2024-12-18 16:35:54,"2024.12.18 4159956198 NYX*AloisDallmayrAutom   -ÉRINTŐ 0,880EUR    0,",Kimenő,VÁSÁRLÁS KÁRTYÁVAL,3Dye4gBbAdPQSto3WbqgkBu6lrj2,none,,b6f387af-3b83-4f6e-b675-e5c124451dcc,12,2024,2,False,4,False,False,51,18,31,2253.6794871794873,78,175787.0,18036.0,179.0,False,,,30.0,0.0,838.1935483870968,31,0.0020479330098357672
2340.0,Vendéglátás,2024-12-18 17:50:18,2024.12.18 4159956198 HELOPAY*STUDIO55         -ÉRINTŐ,Kimenő,VÁSÁRLÁS KÁRTYÁVAL,3Dye4gBbAdPQSto3WbqgkBu6lrj2,none,,11911ffb-f46d-4244-8596-540321c04ff3,12,2024,2,False,4,False,False,51,18,31,2253.6794871794873,78,175787.0,18036.0,179.0,False,,,30.0,0.0,838.1935483870968,31,0.013311564563932487
570.0,Vendéglátás,2024-12-19 12:22:43,2024.12.19 4159956198 Csiga PÚksÚg -Bem utca   -ÉRINTŐ,Kimenő,VÁSÁRLÁS KÁRTYÁVAL,3Dye4gBbAdPQSto3WbqgkBu6lrj2,none,,dde5e047-3f38-4d07-9c5b-1ecab19e6143,12,2024,3,False,4,False,False,51,19,31,2253.6794871794873,78,175787.0,18036.0,179.0,False,,,30.0,0.0,838.1935483870968,31,0.003242560598906631
659.0,Vendéglátás,2024-12-19 12:26:44,2024.12.19 4159956198 MAV SZEGED BUFE          -ÉRINTŐ,Kimenő,VÁSÁRLÁS KÁRTYÁVAL,3Dye4gBbAdPQSto3WbqgkBu6lrj2,none,,3fce3dc4-0858-47a7-ab2c-efd75d92f5ba,12,2024,3,False,4,False,False,51,19,31,2253.6794871794873,78,175787.0,18036.0,179.0,False,,,30.0,0.0,838.1935483870968,31,0.0037488551485604735
1890.0,Közlekedés,2024-12-20 10:52:24,2024.12.20 4159956198 OTPMOBL*VIMPAY.MAV-STA,Kimenő,VÁSÁRLÁS KÁRTYÁVAL,3Dye4gBbAdPQSto3WbqgkBu6lrj2,none,,3b29003e-e046-4e6f-9ea3-2291c838a14f,12,2024,4,False,4,False,False,51,20,31,2253.6794871794873,78,175787.0,18036.0,179.0,False,,,30.0,0.0,2213.625,8,0.010751648301637778
730.0,Vendéglátás,2024-12-20 12:06:19,2024.12.20 4159956198 LEGENDA BUFE             -ÉRINTŐ,Kimenő,VÁSÁRLÁS KÁRTYÁVAL,3Dye4gBbAdPQSto3WbqgkBu6lrj2,none,,ea219062-0422-46d5-9da4-665caf6ed788,12,2024,4,False,4,False,False,51,20,31,2253.6794871794873,78,175787.0,18036.0,179.0,False,,,30.0,0.0,838.1935483870968,31,0.004152753047722528
1000.0,Készpénz felvétel,2024-12-20 15:13:40,"2024.12.20 4159956198 Budapest,XIV.Hungária krt",Kimenő,KÉSZPÉNZFELVÉT ATM-BŐL,3Dye4gBbAdPQSto3WbqgkBu6lrj2,none,,f1339442-3ad9-4494-a081-d48509e0c776,12,2024,4,False,4,False,False,51,20,31,2253.6794871794873,78,175787.0,18036.0,179.0,False,,,30.0,0.0,1000.0,1,0.005688702805099353
1700.0,Vendéglátás,2024-12-21 10:03:22,2024.12.21 4159956198 Mizaru Mambou Kft.       -GOOGLE,Kimenő,VÁSÁRLÁS KÁRTYÁVAL,3Dye4gBbAdPQSto3WbqgkBu6lrj2,none,,e5630cf6-7e0f-4307-83c6-a331a4b02376,12,2024,5,True,4,False,False,51,21,31,2253.6794871794873,78,175787.0,18036.0,179.0,False,,,30.0,0.0,838.1935483870968,31,0.009670794768668901
649.0,Vendéglátás,2024-12-21 13:17:49,2024.12.21 4159956198 TRIO Pizza Fornetti      -ÉRINTŐ,Kimenő,VÁSÁRLÁS KÁRTYÁVAL,3Dye4gBbAdPQSto3WbqgkBu6lrj2,none,,03804630-85c4-46e1-a2b0-50869fa59c53,12,2024,5,True,4,False,False,51,21,31,2253.6794871794873,78,175787.0,18036.0,179.0,False,,,30.0,0.0,838.1935483870968,31,0.0036919681205094803
1880.0,Közlekedés,2024-12-21 14:07:44,2024.12.21 4159956198 OTPMOBL*VIMPAY.MAV-STA,Kimenő,VÁSÁRLÁS KÁRTYÁVAL,3Dye4gBbAdPQSto3WbqgkBu6lrj2,none,,d13eafc9-b8d8-4746-9e2e-ca4d2ba06b23,12,2024,5,True,4,False,False,51,21,31,2253.6794871794873,78,175787.0,18036.0,179.0,False,,,30.0,0.0,2213.625,8,0.010694761273586784
250.0,Bevásárlás,2024-12-22 17:26:38,"2024.12.22 4159956198 Vendo Box Gyula          -ÉRINTŐ 0,600EUR    0,",Kimenő,VÁSÁRLÁS KÁRTYÁVAL,3Dye4gBbAdPQSto3WbqgkBu6lrj2,none,,ef294946-8e31-4d98-8326-668f53e29051,12,2024,6,True,4,False,False,51,22,31,2253.6794871794873,78,175787.0,18036.0,179.0,False,,,30.0,0.0,2972.45,20,0.0014221757012748382
5879.0,"Egészség, szépség",2024-12-23 08:08:46,2024.12.23 4159956198 CORONELLA PATIKA         -ÉRINTŐ,Kimenő,VÁSÁRLÁS KÁRTYÁVAL,3Dye4gBbAdPQSto3WbqgkBu6lrj2,none,,70c2fa71-d022-47a4-8d00-e2c6064693cb,12,2024,0,False,4,False,False,52,23,31,2253.6794871794873,78,175787.0,18036.0,179.0,False,,,30.0,0.0,3029.0,2,0.033443883791179095
1027.0,Bevásárlás,2024-12-23 14:34:45,2024.12.23 4159956198 PENNY 9550300188         -ÉRINTŐ,Kimenő,VÁSÁRLÁS KÁRTYÁVAL,3Dye4gBbAdPQSto3WbqgkBu6lrj2,none,,1b20598e-e5f0-4b82-b09b-941952313f44,12,2024,0,False,4,False,False,52,23,31,2253.6794871794873,78,175787.0,18036.0,179.0,False,,,30.0,0.0,2972.45,20,0.005842297780837035
1299.0,Bevásárlás,2024-12-23 16:31:03,2024.12.23 4159956198 SPAR 621. SZ.            -ÉRINTŐ,Kimenő,VÁSÁRLÁS KÁRTYÁVAL,3Dye4gBbAdPQSto3WbqgkBu6lrj2,none,,85beb621-f916-42fc-a5b0-4ceb0554a5ba,12,2024,0,False,4,False,False,52,23,31,2253.6794871794873,78,175787.0,18036.0,179.0,False,,,30.0,0.0,2972.45,20,0.00738962494382406
3995.0,Bevásárlás,2024-12-23 16:58:17,2024.12.23 4159956198 UNI-CORNER               -ÉRINTŐ,Kimenő,VÁSÁRLÁS KÁRTYÁVAL,3Dye4gBbAdPQSto3WbqgkBu6lrj2,none,,fca73fde-7ef4-4e2e-8988-83bf3fdc7124,12,2024,0,False,4,False,False,52,23,31,2253.6794871794873,78,175787.0,18036.0,179.0,False,,,30.0,0.0,2972.45,20,0.022726367706371917
1500.0,"Számlák, rezsi",2024-12-24 18:46:11,"2024.12.24 4159956198 SQUARETRADE EUROPE 3,620EUR    0,",Kimenő,VÁSÁRLÁS KÁRTYÁVAL,3Dye4gBbAdPQSto3WbqgkBu6lrj2,none,,8ef58b70-afa1-40a7-bdac-771c144eb80b,12,2024,1,False,4,False,False,52,24,31,2253.6794871794873,78,175787.0,18036.0,179.0,False,,,30.0,0.0,3902.6666666666665,3,0.00853305420764903
1508.0,Bevásárlás,2024-12-26 15:36:09,2024.12.26 4159956198 NEMZETI DOHÁNYBOLT       -ÉRINTŐ,Kimenő,VÁSÁRLÁS KÁRTYÁVAL,3Dye4gBbAdPQSto3WbqgkBu6lrj2,none,,ab35d762-c48f-4c16-966c-1befe0dc17d1,12,2024,3,False,4,False,True,52,26,31,2253.6794871794873,78,175787.0,18036.0,179.0,False,,,30.0,0.0,2972.45,20,0.008578563830089824
2379.0,Bevásárlás,2024-12-26 17:43:58,2024.12.26 4159956198 NEMZETI DOHÁNYBOLT       -ÉRINTŐ,Kimenő,VÁSÁRLÁS KÁRTYÁVAL,3Dye4gBbAdPQSto3WbqgkBu6lrj2,none,,7b87e789-ca89-4ed0-9089-baf441952a85,12,2024,3,False,4,False,True,52,26,31,2253.6794871794873,78,175787.0,18036.0,179.0,False,,,30.0,0.0,2972.45,20,0.013533423973331361
1900.0,Nem kategorizált,2024-12-27 14:04:00,20241227_2a90a372-d23f-3567-9946-71fcf044116b,Bejövő,AZONNALI ÁTUTALÁS,3Dye4gBbAdPQSto3WbqgkBu6lrj2,none,,0cd8de7d-d0c2-44c3-a2ca-85e0efe7cc57,12,2024,4,False,4,False,True,52,27,31,2253.6794871794873,78,175787.0,18036.0,179.0,False,,,30.0,0.0,4333.8,5,0.01080853532968877
18036.0,Bevásárlás,2024-12-27 14:44:19,2024.12.27 4159956198 TESCO 41026 ÖNKISZOLG    -ÉRINTŐ,Kimenő,VÁSÁRLÁS KÁRTYÁVAL,3Dye4gBbAdPQSto3WbqgkBu6lrj2,none,,2fe5d103-0d55-4513-b70d-6f49211fef79,12,2024,4,False,4,False,True,52,27,31,2253.6794871794873,78,175787.0,18036.0,179.0,False,,,30.0,0.0,2972.45,20,0.10260144379277193
179.0,"Egészség, szépség",2024-12-30 14:54:13,2024.12.30 4159956198 DM 431                   -ÉRINTŐ,Kimenő,VÁSÁRLÁS KÁRTYÁVAL,3Dye4gBbAdPQSto3WbqgkBu6lrj2,none,,5c8cc9a3-b7ff-48be-bafb-bba76b701c03,12,2024,0,False,4,False,True,1,30,31,2253.6794871794873,78,175787.0,18036.0,179.0,False,,,30.0,0.0,3029.0,2,0.0010182778021127841
1200.0,Vendéglátás,2024-12-30 17:28:13,2024.12.30 4159956198 DB-I KRUMPLILÁNGOS       -ÉRINTŐ,Kimenő,VÁSÁRLÁS KÁRTYÁVAL,3Dye4gBbAdPQSto3WbqgkBu6lrj2,none,,20753717-9f1f-40c5-b4fc-3865cbbd77dc,12,2024,0,False,4,False,True,1,30,31,2253.6794871794873,78,175787.0,18036.0,179.0,False,,,30.0,0.0,838.1935483870968,31,0.006826443366119224
1000.0,Vendéglátás,2024-12-30 17:56:58,2024.12.30 4159956198 X-VIN KISKER VERPELÉT    -ÉRINTŐ,Kimenő,VÁSÁRLÁS KÁRTYÁVAL,3Dye4gBbAdPQSto3WbqgkBu6lrj2,none,,75fc6045-652d-456c-a73d-a4c3415845a7,12,2024,0,False,4,False,True,1,30,31,2253.6794871794873,78,175787.0,18036.0,179.0,False,,,30.0,0.0,838.1935483870968,31,0.005688702805099353
1000.0,Vendéglátás,2024-12-30 17:59:03,2024.12.30 4159956198 Bodega Streetfood        -ÉRINTŐ,Kimenő,VÁSÁRLÁS KÁRTYÁVAL,3Dye4gBbAdPQSto3WbqgkBu6lrj2,none,,36c3f3cb-db58-408d-85ea-9ef7109ef0a1,12,2024,0,False,4,False,True,1,30,31,2253.6794871794873,78,175787.0,18036.0,179.0,False,,,30.0,0.0,838.1935483870968,31,0.005688702805099353
350.0,Vendéglátás,2024-12-30 19:29:19,"2024.12.30 4159956198 NYX*AloisDallmayrAutom   -ÉRINTŐ 0,850EUR    0,",Kimenő,VÁSÁRLÁS KÁRTYÁVAL,3Dye4gBbAdPQSto3WbqgkBu6lrj2,none,,66969134-6d47-41d9-b3fa-1486afb8577f,12,2024,0,False,4,False,True,1,30,31,2253.6794871794873,78,175787.0,18036.0,179.0,False,,,30.0,0.0,838.1935483870968,31,0.0019910459817847736
320.0,Vendéglátás,2024-12-30 19:30:25,"2024.12.30 4159956198 NYX*AloisDallmayrAutom   -ÉRINTŐ 0,780EUR    0,",Kimenő,VÁSÁRLÁS KÁRTYÁVAL,3Dye4gBbAdPQSto3WbqgkBu6lrj2,none,,8cd8eb82-b784-4aad-a718-73f161b68409,12,2024,0,False,4,False,True,1,30,31,2253.6794871794873,78,175787.0,18036.0,179.0,False,,,30.0,0.0,838.1935483870968,31,0.001820384897631793
2.0,"Számlák, rezsi",2025-01-01 06:10:00,,Bejövő,KAMATJÓVÁÍRÁS,3Dye4gBbAdPQSto3WbqgkBu6lrj2,none,,7f4a95f2-8866-48d8-84c3-a7be29dde05a,1,2025,2,False,1,True,False,1,1,31,3489.301369863014,73,254719.0,70000.0,2.0,False,,,30.0,0.0,11089.875,8,7.851789619148944e-06
4.0,"Számlák, rezsi",2025-01-01 06:20:00,6 SZOCHO alap: 6 SZOCHO összeg: 1 Kamatadó: 1,Bejövő,KAMATJÓVÁÍRÁS,3Dye4gBbAdPQSto3WbqgkBu6lrj2,none,,65b470a2-07e7-4249-b116-cd2ff93a9b4b,1,2025,2,False,1,True,False,1,1,31,3489.301369863014,73,254719.0,70000.0,2.0,False,,,30.0,0.0,11089.875,8,1.570357923829789e-05
3740.0,Vendéglátás,2025-01-03 15:39:30,"2025.01.03 4159956198 FuredPizza               -GOOGLE 9,070EUR    0,",Kimenő,VÁSÁRLÁS KÁRTYÁVAL,3Dye4gBbAdPQSto3WbqgkBu6lrj2,none,,c3ad80fd-fd07-45dc-a570-95b8fa5a2c4f,1,2025,4,False,1,True,False,1,3,31,3489.301369863014,73,254719.0,70000.0,2.0,False,,,30.0,0.0,1293.76,25,0.014682846587808527
1900.0,"Számlák, rezsi",2025-01-04 09:41:16,2025.01.04 4159956198 OTPMOBL*one,Kimenő,VÁSÁRLÁS KÁRTYÁVAL,3Dye4gBbAdPQSto3WbqgkBu6lrj2,none,,736eb483-cb00-40c3-b8c5-2f0cda3d1b0a,1,2025,5,True,1,True,False,1,4,31,3489.301369863014,73,254719.0,70000.0,2.0,False,,,30.0,0.0,11089.875,8,0.007459200138191497
300.0,Bevásárlás,2025-01-04 13:19:48,"2025.01.04 4159956198 Vendo Box Keleti pu.     -GOOGLE 0,720EUR    0,",Kimenő,VÁSÁRLÁS KÁRTYÁVAL,3Dye4gBbAdPQSto3WbqgkBu6lrj2,none,,bd638b33-2925-45e4-bbb6-577622736ff7,1,2025,5,True,1,True,False,1,4,31,3489.301369863014,73,254719.0,70000.0,2.0,False,,,30.0,0.0,1980.4444444444443,18,0.0011777684428723417
7879.0,Egyéb,2025-01-06 08:58:35,2025.01.06 4159956198 MAGYAR POSTA 8870        -ÉRINTŐ,Kimenő,VÁSÁRLÁS KÁRTYÁVAL,3Dye4gBbAdPQSto3WbqgkBu6lrj2,none,,41b8f49b-bc53-4a76-888a-6cc4728228f1,1,2025,0,False,1,False,False,2,6,31,3489.301369863014,73,254719.0,70000.0,2.0,False,,,30.0,0.0,3579.8333333333335,6,0.030932125204637267
350.0,Egyéb,2025-01-06 09:40:00,,Kimenő,ESETI MEGBÍZÁSOK KÖLTSÉGE,3Dye4gBbAdPQSto3WbqgkBu6lrj2,none,,a3c08077-c07c-4bfb-b7ab-4b2aafe84688,1,2025,0,False,1,False,False,2,6,31,3489.301369863014,73,254719.0,70000.0,2.0,False,,,30.0,0.0,3579.8333333333335,6,0.0013740631833510653
70000.0,"Számlák, rezsi",2025-01-06 09:40:58,Varga Bence - januári lakbér,Kimenő,AZONNALI ÁTUTALÁS,3Dye4gBbAdPQSto3WbqgkBu6lrj2,none,,d8a84eca-2bde-49df-a879-26c23822cd63,1,2025,0,False,1,False,False,2,6,31,3489.301369863014,73,254719.0,70000.0,2.0,False,,,30.0,0.0,11089.875,8,0.13806386351302935
1050.0,Vendéglátás,2025-01-06 17:14:36,"2025.01.06 4159956198 Legenda Bufe             -ÉRINTŐ 2,530EUR    0,",Kimenő,VÁSÁRLÁS KÁRTYÁVAL,3Dye4gBbAdPQSto3WbqgkBu6lrj2,none,,e7a974f8-a3ee-4ce5-b421-102001fc11eb,1,2025,0,False,1,False,False,2,6,31,3489.301369863014,73,254719.0,70000.0,2.0,False,,,30.0,0.0,1293.76,25,0.004122189550053196
1094.0,Bevásárlás,2025-01-06 21:48:36,2025.01.06 4159956198 TESCO 41420 ÖNKISZOLG    -ÉRINTŐ,Kimenő,VÁSÁRLÁS KÁRTYÁVAL,3Dye4gBbAdPQSto3WbqgkBu6lrj2,none,,79df6474-1ea3-4337-a849-f1ce771a2b66,1,2025,0,False,1,False,False,2,6,31,3489.301369863014,73,254719.0,70000.0,2.0,False,,,30.0,0.0,1980.4444444444443,18,0.004294928921674473
5300.0,Szórakozás,2025-01-07 12:14:49,2025.01.07 4159956198 OTPMOBL*tixa,Kimenő,VÁSÁRLÁS KÁRTYÁVAL,3Dye4gBbAdPQSto3WbqgkBu6lrj2,none,,1dad8b0e-02be-41ed-ba48-38c931f720af,1,2025,1,False,1,False,False,2,7,31,3489.301369863014,73,254719.0,70000.0,2.0,False,,,30.0,0.0,2799.5,2,0.020807242490744702
570.0,Vendéglátás,2025-01-07 13:30:24,2025.01.07 4159956198 Csiga PÚksÚg -Bem utca   -ÉRINTŐ,Kimenő,VÁSÁRLÁS KÁRTYÁVAL,3Dye4gBbAdPQSto3WbqgkBu6lrj2,none,,c0763137-2011-4914-94ca-002076f6e368,1,2025,1,False,1,False,False,2,7,31,3489.301369863014,73,254719.0,70000.0,2.0,False,,,30.0,0.0,1293.76,25,0.002237760041457449
659.0,Vendéglátás,2025-01-07 13:35:50,2025.01.07 4159956198 MAV SZEGED BUFE          -ÉRINTŐ,Kimenő,VÁSÁRLÁS KÁRTYÁVAL,3Dye4gBbAdPQSto3WbqgkBu6lrj2,none,,829846a6-a5fd-4ea9-b2a6-bc08ce81912a,1,2025,1,False,1,False,False,2,7,31,3489.301369863014,73,254719.0,70000.0,2.0,False,,,30.0,0.0,1293.76,25,0.0025871646795095774
299.0,Szórakozás,2025-01-08 13:53:26,"2025.01.08 4159956198 RESUMAKER AI 0,720EUR    0,",Kimenő,VÁSÁRLÁS KÁRTYÁVAL,3Dye4gBbAdPQSto3WbqgkBu6lrj2,none,,103dee7e-e2fb-41a3-9c8f-14c8db39e86a,1,2025,2,False,1,False,False,2,8,31,3489.301369863014,73,254719.0,70000.0,2.0,False,,,30.0,0.0,2799.5,2,0.0011738425480627673
649.0,Vendéglátás,2025-01-08 19:24:54,2025.01.08 4159956198 TRIO Pizza Fornetti      -ÉRINTŐ,Kimenő,VÁSÁRLÁS KÁRTYÁVAL,3Dye4gBbAdPQSto3WbqgkBu6lrj2,none,,12f84b7f-fa3a-4b07-82e3-7563753259df,1,2025,2,False,1,False,False,2,8,31,3489.301369863014,73,254719.0,70000.0,2.0,False,,,30.0,0.0,1293.76,25,0.0025479057314138323
4193.0,"Számlák, rezsi",2025-01-09 03:30:18,"2025.01.09 4159956198 Netflix.com 9,990EUR  419,7000",Kimenő,VÁSÁRLÁS KÁRTYÁVAL,3Dye4gBbAdPQSto3WbqgkBu6lrj2,none,,61de8c5e-fce5-4d47-b58b-c39eda50d53c,1,2025,3,False,1,False,False,2,9,31,3489.301369863014,73,254719.0,70000.0,2.0,False,,,30.0,0.0,11089.875,8,0.01646127693654576
1890.0,Vendéglátás,2025-01-09 15:59:47,2025.01.10 4159956198 Fusion Befektetesi       -GOOGLE,Kimenő,VÁSÁRLÁS KÁRTYÁVAL,3Dye4gBbAdPQSto3WbqgkBu6lrj2,none,,644f0cd0-e4d9-4e21-83d6-316d38eafb1b,1,2025,3,False,1,False,False,2,9,31,3489.301369863014,73,254719.0,70000.0,2.0,False,,,30.0,0.0,1293.76,25,0.007419941190095753
1252.0,Bevásárlás,2025-01-09 16:38:31,2025.01.09 4159956198 TESCO 44037              -ÉRINTŐ,Kimenő,VÁSÁRLÁS KÁRTYÁVAL,3Dye4gBbAdPQSto3WbqgkBu6lrj2,none,,a808466b-f056-4a64-8388-2b2c74c0c03e,1,2025,3,False,1,False,False,2,9,31,3489.301369863014,73,254719.0,70000.0,2.0,False,,,30.0,0.0,1980.4444444444443,18,0.004915220301587239
300.0,Bevásárlás,2025-01-10 10:40:46,"2025.01.10 4159956198 Vendo Box Keleti pu.     -ÉRINTŐ 0,720EUR    0,",Kimenő,VÁSÁRLÁS KÁRTYÁVAL,3Dye4gBbAdPQSto3WbqgkBu6lrj2,none,,715f3bf9-fc49-408c-b643-f9edbe002b27,1,2025,4,False,1,False,False,2,10,31,3489.301369863014,73,254719.0,70000.0,2.0,False,,,30.0,0.0,1980.4444444444443,18,0.0011777684428723417
5000.0,Készpénz felvétel,2025-01-10 10:45:35,2025.01.10 4159956198 BUDAPEST AH01 Keleti Paly-ÉRINTŐ,Kimenő,KÉSZPÉNZFELVÉT ATM-BŐL,3Dye4gBbAdPQSto3WbqgkBu6lrj2,none,,436ef118-d29a-41a9-89b3-95fab17a3584,1,2025,4,False,1,False,False,2,10,31,3489.301369863014,73,254719.0,70000.0,2.0,False,,,30.0,0.0,5000.0,1,0.01962947404787236
11900.0,Nem kategorizált,2025-01-10 12:55:00,GIROKOZLEMENY,Bejövő,NAPKÖZBENI ÁTUTALÁS (CSOPORTOS),3Dye4gBbAdPQSto3WbqgkBu6lrj2,none,,e39f4d62-8504-4bae-8695-097db3d2859f,1,2025,4,False,1,False,False,2,10,31,3489.301369863014,73,254719.0,70000.0,2.0,False,,,30.0,0.0,7150.0,8,0.04671814823393622
420.0,Vendéglátás,2025-01-15 09:20:13,"2025.01.15 4159956198 Aquincum Finom Pekseg    -ÉRINTŐ 1,020EUR    0,",Kimenő,VÁSÁRLÁS KÁRTYÁVAL,3Dye4gBbAdPQSto3WbqgkBu6lrj2,none,,f0790400-6df1-4787-a88b-020f1d071ede,1,2025,2,False,1,False,False,3,15,31,3489.301369863014,73,254719.0,70000.0,2.0,False,,,30.0,0.0,1293.76,25,0.0016488758200212783
5924.0,Bevásárlás,2025-01-15 11:26:38,2025.01.15 4159956198 TESCO 41640 ÖNKISZOLG    -ÉRINTŐ,Kimenő,VÁSÁRLÁS KÁRTYÁVAL,3Dye4gBbAdPQSto3WbqgkBu6lrj2,none,,a0fd475c-cad0-4ed8-9e63-fc0ce8d312f8,1,2025,2,False,1,False,False,3,15,31,3489.301369863014,73,254719.0,70000.0,2.0,False,,,30.0,0.0,1980.4444444444443,18,0.023257000851919174
280.0,Vendéglátás,2025-01-15 11:29:10,"2025.01.15 4159956198 NYX*HELLAUTOMATAUeZEME   -ÉRINTŐ 0,680EUR    0,",Kimenő,VÁSÁRLÁS KÁRTYÁVAL,3Dye4gBbAdPQSto3WbqgkBu6lrj2,none,,f4e3f179-a462-49ba-9cdd-590dc2f53e54,1,2025,2,False,1,False,False,3,15,31,3489.301369863014,73,254719.0,70000.0,2.0,False,,,30.0,0.0,1293.76,25,0.0010992505466808522
1800.0,Vendéglátás,2025-01-16 15:06:20,2025.01.17 4159956198 Fusion Befektetesi       -GOOGLE,Kimenő,VÁSÁRLÁS KÁRTYÁVAL,3Dye4gBbAdPQSto3WbqgkBu6lrj2,none,,0cb6c456-64f2-4140-8bff-a7329f94a5bf,1,2025,3,False,1,False,False,3,16,31,3489.301369863014,73,254719.0,70000.0,2.0,False,,,30.0,0.0,1293.76,25,0.00706661065723405
649.0,Vendéglátás,2025-01-17 11:37:02,2025.01.17 4159956198 TRIO Pizza Fornetti      -ÉRINTŐ,Kimenő,VÁSÁRLÁS KÁRTYÁVAL,3Dye4gBbAdPQSto3WbqgkBu6lrj2,none,,7b9ac5af-ef57-4727-85f4-8f0261751750,1,2025,4,False,1,False,False,3,17,31,3489.301369863014,73,254719.0,70000.0,2.0,False,,,30.0,0.0,1293.76,25,0.0025479057314138323
570.0,Vendéglátás,2025-01-17 16:16:14,2025.01.17 4159956198 Csiga PÚksÚg -Bem utca   -ÉRINTŐ,Kimenő,VÁSÁRLÁS KÁRTYÁVAL,3Dye4gBbAdPQSto3WbqgkBu6lrj2,none,,d340a61d-7adf-4402-ab6d-a15ce101af91,1,2025,4,False,1,False,False,3,17,31,3489.301369863014,73,254719.0,70000.0,2.0,False,,,30.0,0.0,1293.76,25,0.002237760041457449
1890.0,Közlekedés,2025-01-17 17:50:49,2025.01.17 4159956198 OTPMOBL*VIMPAY.MAV-STA,Kimenő,VÁSÁRLÁS KÁRTYÁVAL,3Dye4gBbAdPQSto3WbqgkBu6lrj2,none,,b460ae64-5ac9-40d7-a3bc-7365dab21979,1,2025,4,False,1,False,False,3,17,31,3489.301369863014,73,254719.0,70000.0,2.0,False,,,30.0,0.0,1010.0,3,0.007419941190095753
390.0,Vendéglátás,2025-01-18 09:25:27,"2025.01.18 4159956198 Aquincum Finom Pekseg    -ÉRINTŐ 0,940EUR    0,",Kimenő,VÁSÁRLÁS KÁRTYÁVAL,3Dye4gBbAdPQSto3WbqgkBu6lrj2,none,,e7a63f14-0f8d-45cc-a7e7-e06fc641ba82,1,2025,5,True,1,False,False,3,18,31,3489.301369863014,73,254719.0,70000.0,2.0,False,,,30.0,0.0,1293.76,25,0.0015310989757340442
1930.0,Egyéb,2025-01-18 12:26:35,2025.01.18 4159956198 LG RÓMAI                 -ÉRINTŐ,Kimenő,VÁSÁRLÁS KÁRTYÁVAL,3Dye4gBbAdPQSto3WbqgkBu6lrj2,none,,5afc47a0-5523-4f01-ab66-cc2577aed788,1,2025,5,True,1,False,False,3,18,31,3489.301369863014,73,254719.0,70000.0,2.0,False,,,30.0,0.0,3579.8333333333335,6,0.007576976982478731
300.0,Bevásárlás,2025-01-18 13:44:48,"2025.01.18 4159956198 Vendo Box Keleti pu.     -ÉRINTŐ 0,730EUR    0,",Kimenő,VÁSÁRLÁS KÁRTYÁVAL,3Dye4gBbAdPQSto3WbqgkBu6lrj2,none,,c868b4f8-58a9-429b-951e-b95d6ed959bd,1,2025,5,True,1,False,False,3,18,31,3489.301369863014,73,254719.0,70000.0,2.0,False,,,30.0,0.0,1980.4444444444443,18,0.0011777684428723417
949.0,Vendéglátás,2025-01-18 13:59:02,2025.01.18 4159956198 TRIO Pizza Fornetti      -ÉRINTŐ,Kimenő,VÁSÁRLÁS KÁRTYÁVAL,3Dye4gBbAdPQSto3WbqgkBu6lrj2,none,,b38b432d-686c-4393-8c99-47e6c2e332d7,1,2025,5,True,1,False,False,3,18,31,3489.301369863014,73,254719.0,70000.0,2.0,False,,,30.0,0.0,1293.76,25,0.003725674174286174
1764.0,Bevásárlás,2025-01-20 14:04:44,2025.01.20 4159956198 PENNY 9550300188         -ÉRINTŐ,Kimenő,VÁSÁRLÁS KÁRTYÁVAL,3Dye4gBbAdPQSto3WbqgkBu6lrj2,none,,62d1e5fb-368d-4ba8-b728-d6bc8ce87391,1,2025,0,False,1,False,False,4,20,31,3489.301369863014,73,254719.0,70000.0,2.0,False,,,30.0,0.0,1980.4444444444443,18,0.0069252784440893694
300.0,Bevásárlás,2025-01-20 17:02:42,"2025.01.20 4159956198 Vendo Box Keleti pu.     -ÉRINTŐ 0,730EUR    0,",Kimenő,VÁSÁRLÁS KÁRTYÁVAL,3Dye4gBbAdPQSto3WbqgkBu6lrj2,none,,bfe2db41-c5e1-4789-a4a7-dd50dd9ea60d,1,2025,0,False,1,False,False,4,20,31,3489.301369863014,73,254719.0,70000.0,2.0,False,,,30.0,0.0,1980.4444444444443,18,0.0011777684428723417
10000.0,Nem kategorizált,2025-01-20 19:23:06,,Kimenő,ÁTUTALÁS BANKON BELÜL,3Dye4gBbAdPQSto3WbqgkBu6lrj2,none,,c3f080f5-dea1-4e72-851f-98c7eaa9b603,1,2025,0,False,1,False,False,4,20,31,3489.301369863014,73,254719.0,70000.0,2.0,False,,,30.0,0.0,7150.0,8,0.03925894809574472
7991.0,Bevásárlás,2025-01-21 18:10:32,2025.01.21 4159956198 TESCO 41640 ÖNKISZOLG    -ÉRINTŐ,Kimenő,VÁSÁRLÁS KÁRTYÁVAL,3Dye4gBbAdPQSto3WbqgkBu6lrj2,none,,c1ecce3d-456c-4d2d-b8c6-601be326b1a5,1,2025,1,False,1,False,False,4,21,31,3489.301369863014,73,254719.0,70000.0,2.0,False,,,30.0,0.0,1980.4444444444443,18,0.03137182542330961
1600.0,Vendéglátás,2025-01-22 13:35:26,"2025.01.22 4159956198 My Canteen Etterem Per   -ÉRINTŐ 3,890EUR    0,",Kimenő,VÁSÁRLÁS KÁRTYÁVAL,3Dye4gBbAdPQSto3WbqgkBu6lrj2,none,,305e5a45-b1a5-4134-afea-67dc7d8c4499,1,2025,2,False,1,False,False,4,22,31,3489.301369863014,73,254719.0,70000.0,2.0,False,,,30.0,0.0,1293.76,25,0.006281431695319155
3000.0,Nem kategorizált,2025-01-22 17:54:24,,Kimenő,ÁTUTALÁS BANKON BELÜL,3Dye4gBbAdPQSto3WbqgkBu6lrj2,none,,7fef0ba6-0472-4ac3-9067-68a7638602db,1,2025,2,False,1,False,False,4,22,31,3489.301369863014,73,254719.0,70000.0,2.0,False,,,30.0,0.0,7150.0,8,0.011777684428723416
525.0,Bevásárlás,2025-01-22 17:55:54,2025.01.22 4159956198 ALDI 48.SZ.              -ÉRINTŐ,Kimenő,VÁSÁRLÁS KÁRTYÁVAL,3Dye4gBbAdPQSto3WbqgkBu6lrj2,none,,70a3f86b-e74c-4787-832f-b71b6d874894,1,2025,2,False,1,False,False,4,22,31,3489.301369863014,73,254719.0,70000.0,2.0,False,,,30.0,0.0,1980.4444444444443,18,0.002061094775026598
1600.0,Vendéglátás,2025-01-23 13:04:04,"2025.01.23 4159956198 My Canteen Etterem Per   -ÉRINTŐ 3,890EUR    0,",Kimenő,VÁSÁRLÁS KÁRTYÁVAL,3Dye4gBbAdPQSto3WbqgkBu6lrj2,none,,04d7eb61-bfad-4bba-ad7c-22732e5fc9cb,1,2025,3,False,1,False,False,4,23,31,3489.301369863014,73,254719.0,70000.0,2.0,False,,,30.0,0.0,1293.76,25,0.006281431695319155
940.0,Közlekedés,2025-01-23 16:53:59,2025.01.23 4159956198 OTPMOBL*VIMPAY.MAV-STA,Kimenő,VÁSÁRLÁS KÁRTYÁVAL,3Dye4gBbAdPQSto3WbqgkBu6lrj2,none,,4180ba06-b5ac-48be-bfda-7fd0249c971d,1,2025,3,False,1,False,False,4,23,31,3489.301369863014,73,254719.0,70000.0,2.0,False,,,30.0,0.0,1010.0,3,0.003690341121000004
10000.0,Nem kategorizált,2025-01-23 17:12:45,,Kimenő,ÁTUTALÁS BANKON BELÜL,3Dye4gBbAdPQSto3WbqgkBu6lrj2,none,,c3139083-bf0f-45e3-b73e-b7022339bfa7,1,2025,3,False,1,False,False,4,23,31,3489.301369863014,73,254719.0,70000.0,2.0,False,,,30.0,0.0,7150.0,8,0.03925894809574472
1148.0,Vendéglátás,2025-01-23 17:13:38,2025.01.23 4159956198 TRIO Pizza Fornetti      -ÉRINTŐ,Kimenő,VÁSÁRLÁS KÁRTYÁVAL,3Dye4gBbAdPQSto3WbqgkBu6lrj2,none,,c33e6603-bddd-4b2a-a082-c58fb0c05c36,1,2025,3,False,1,False,False,4,23,31,3489.301369863014,73,254719.0,70000.0,2.0,False,,,30.0,0.0,1293.76,25,0.0045069272413914944
1813.0,Bevásárlás,2025-01-24 09:23:42,2025.01.24 4159956198 TESCO 41420 ÖNKISZOLG    -ÉRINTŐ,Kimenő,VÁSÁRLÁS KÁRTYÁVAL,3Dye4gBbAdPQSto3WbqgkBu6lrj2,none,,c238198c-a767-428b-af74-a61cc86684f9,1,2025,4,False,1,False,False,4,24,31,3489.301369863014,73,254719.0,70000.0,2.0,False,,,30.0,0.0,1980.4444444444443,18,0.007117647289758518
1990.0,Vendéglátás,2025-01-24 13:41:29,2025.01.25 4159956198 Fusion Befektetesi       -GOOGLE,Kimenő,VÁSÁRLÁS KÁRTYÁVAL,3Dye4gBbAdPQSto3WbqgkBu6lrj2,none,,009c6850-82ab-4c3f-86ff-5e0d1a20c700,1,2025,4,False,1,False,False,4,24,31,3489.301369863014,73,254719.0,70000.0,2.0,False,,,30.0,0.0,1293.76,25,0.007812530671053199
360.0,Vendéglátás,2025-01-24 14:36:56,2025.01.24 4159956198 F LEGYH ZI P KS G 71     -ÉRINTŐ,Kimenő,VÁSÁRLÁS KÁRTYÁVAL,3Dye4gBbAdPQSto3WbqgkBu6lrj2,none,,3adbec36-4fb4-4c25-92c6-9baefdfdbb0c,1,2025,4,False,1,False,False,4,24,31,3489.301369863014,73,254719.0,70000.0,2.0,False,,,30.0,0.0,1293.76,25,0.00141332213144681
1667.0,Bevásárlás,2025-01-24 17:28:23,2025.01.24 4159956198 ALDI 122.SZ.             -ÉRINTŐ,Kimenő,VÁSÁRLÁS KÁRTYÁVAL,3Dye4gBbAdPQSto3WbqgkBu6lrj2,none,,572fd409-8bda-40a5-aa26-44013bb2e633,1,2025,4,False,1,False,False,4,24,31,3489.301369863014,73,254719.0,70000.0,2.0,False,,,30.0,0.0,1980.4444444444443,18,0.006544466647560645
1500.0,"Számlák, rezsi",2025-01-24 18:46:10,"2025.01.24 4159956198 SQUARETRADE EUROPE 3,660EUR    0,",Kimenő,VÁSÁRLÁS KÁRTYÁVAL,3Dye4gBbAdPQSto3WbqgkBu6lrj2,none,,76659f95-1798-4cb6-a875-4936b706010a,1,2025,4,False,1,False,False,4,24,31,3489.301369863014,73,254719.0,70000.0,2.0,False,,,30.0,0.0,11089.875,8,0.005888842214361708
10000.0,Nem kategorizált,2025-01-24 19:16:45,,Kimenő,ÁTUTALÁS BANKON BELÜL,3Dye4gBbAdPQSto3WbqgkBu6lrj2,none,,41108425-b304-43c4-ba42-a0c0204ef21a,1,2025,4,False,1,False,False,4,24,31,3489.301369863014,73,254719.0,70000.0,2.0,False,,,30.0,0.0,7150.0,8,0.03925894809574472
469.0,Bevásárlás,2025-01-24 19:30:43,2025.01.24 4159956198 SPAR PARTNER 6960300     -ÉRINTŐ,Kimenő,VÁSÁRLÁS KÁRTYÁVAL,3Dye4gBbAdPQSto3WbqgkBu6lrj2,none,,a1df88ac-be1a-4e49-b242-2e7770590559,1,2025,4,False,1,False,False,4,24,31,3489.301369863014,73,254719.0,70000.0,2.0,False,,,30.0,0.0,1980.4444444444443,18,0.0018412446656904274
69.0,Bevásárlás,2025-01-24 19:31:48,2025.01.24 4159956198 NEMZETI DOHÁNYBOLT       -ÉRINTŐ,Kimenő,VÁSÁRLÁS KÁRTYÁVAL,3Dye4gBbAdPQSto3WbqgkBu6lrj2,none,,108e099b-5960-4a5b-a124-88e995b007de,1,2025,4,False,1,False,False,4,24,31,3489.301369863014,73,254719.0,70000.0,2.0,False,,,30.0,0.0,1980.4444444444443,18,0.0002708867418606386
3450.0,Vendéglátás,2025-01-24 20:08:44,"2025.01.24 4159956198 Nyugi-Kert Stillness     -ÉRINTŐ 8,410EUR    0,",Kimenő,VÁSÁRLÁS KÁRTYÁVAL,3Dye4gBbAdPQSto3WbqgkBu6lrj2,none,,645d0346-054f-40a7-82c0-4b3a3919ed2d,1,2025,4,False,1,False,False,4,24,31,3489.301369863014,73,254719.0,70000.0,2.0,False,,,30.0,0.0,1293.76,25,0.01354433709303193
2320.0,Egyéb,2025-01-24 20:59:49,2025.01.24 4159956198 BORKÁPOLNA SZEGED        -ÉRINTŐ,Kimenő,VÁSÁRLÁS KÁRTYÁVAL,3Dye4gBbAdPQSto3WbqgkBu6lrj2,none,,4d6d5d9a-39ea-4988-b082-d2f3878a7cd4,1,2025,4,False,1,False,False,4,24,31,3489.301369863014,73,254719.0,70000.0,2.0,False,,,30.0,0.0,3579.8333333333335,6,0.009108075958212775
1490.0,Vendéglátás,2025-01-24 22:25:59,2025.01.24 4159956198 MCD SZEGED 1.            -ÉRINTŐ,Kimenő,VÁSÁRLÁS KÁRTYÁVAL,3Dye4gBbAdPQSto3WbqgkBu6lrj2,none,,91d14941-6372-43f9-9adf-90501d65f634,1,2025,4,False,1,False,False,4,24,31,3489.301369863014,73,254719.0,70000.0,2.0,False,,,30.0,0.0,1293.76,25,0.0058495832662659635
570.0,Vendéglátás,2025-01-25 12:39:28,2025.01.25 4159956198 Csiga PÚksÚg -Bem utca   -ÉRINTŐ,Kimenő,VÁSÁRLÁS KÁRTYÁVAL,3Dye4gBbAdPQSto3WbqgkBu6lrj2,none,,be9080a1-eb56-4903-bfea-40523a28d11d,1,2025,5,True,1,False,False,4,25,31,3489.301369863014,73,254719.0,70000.0,2.0,False,,,30.0,0.0,1293.76,25,0.002237760041457449
2300.0,Nem kategorizált,2025-01-26 13:07:03,20250126_588e2363-c383-3440-bdb6-48dabe75ca36,Bejövő,AZONNALI ÁTUTALÁS,3Dye4gBbAdPQSto3WbqgkBu6lrj2,none,,996415ff-16dc-4666-97bf-5d22f63038ec,1,2025,6,True,1,False,True,4,26,31,3489.301369863014,73,254719.0,70000.0,2.0,False,,,30.0,0.0,7150.0,8,0.009029558062021286
300.0,Vendéglátás,2025-01-26 13:09:37,"2025.01.26 4159956198 NYX*HELLAUTOMATAUeZEME   -ÉRINTŐ 0,730EUR    0,",Kimenő,VÁSÁRLÁS KÁRTYÁVAL,3Dye4gBbAdPQSto3WbqgkBu6lrj2,none,,f01fc6ed-515c-4da8-bdaf-f563fa4150e8,1,2025,6,True,1,False,True,4,26,31,3489.301369863014,73,254719.0,70000.0,2.0,False,,,30.0,0.0,1293.76,25,0.0011777684428723417
280.0,Vendéglátás,2025-01-26 13:10:25,"2025.01.26 4159956198 NYX*HELLAUTOMATAUeZEME   -ÉRINTŐ 0,680EUR    0,",Kimenő,VÁSÁRLÁS KÁRTYÁVAL,3Dye4gBbAdPQSto3WbqgkBu6lrj2,none,,5d9e2933-47d5-4e2a-a10f-4d7ad5c30c92,1,2025,6,True,1,False,True,4,26,31,3489.301369863014,73,254719.0,70000.0,2.0,False,,,30.0,0.0,1293.76,25,0.0010992505466808522
5000.0,Nem kategorizált,2025-01-27 16:47:47,,Kimenő,ÁTUTALÁS BANKON BELÜL,3Dye4gBbAdPQSto3WbqgkBu6lrj2,none,,90749730-0a60-466d-8347-857dda4a35f8,1,2025,0,False,1,False,True,5,27,31,3489.301369863014,73,254719.0,70000.0,2.0,False,,,30.0,0.0,7150.0,8,0.01962947404787236
5000.0,Nem kategorizált,2025-01-27 16:47:48,,Bejövő,ÁTUTALÁS BANKON BELÜL,3Dye4gBbAdPQSto3WbqgkBu6lrj2,none,,eb285312-1bdd-42c6-be70-b9cbc14043f6,1,2025,0,False,1,False,True,5,27,31,3489.301369863014,73,254719.0,70000.0,2.0,False,,,30.0,0.0,7150.0,8,0.01962947404787236
5480.0,Vendéglátás,2025-01-27 16:48:24,2025.01.28 4159956198 Fusion Befektetesi       -GOOGLE,Kimenő,VÁSÁRLÁS KÁRTYÁVAL,3Dye4gBbAdPQSto3WbqgkBu6lrj2,none,,bd46be45-5f00-4541-acec-5a0703b3b49d,1,2025,0,False,1,False,True,5,27,31,3489.301369863014,73,254719.0,70000.0,2.0,False,,,30.0,0.0,1293.76,25,0.02151390355646811
200.0,Közlekedés,2025-01-27 17:25:47,2025.01.27 4159956198 CSABA CENTER             -ÉRINTŐ,Kimenő,VÁSÁRLÁS KÁRTYÁVAL,3Dye4gBbAdPQSto3WbqgkBu6lrj2,none,,0a7c2fdc-26f5-4d08-bfe9-4917e599dea3,1,2025,0,False,1,False,True,5,27,31,3489.301369863014,73,254719.0,70000.0,2.0,False,,,30.0,0.0,1010.0,3,0.0007851789619148944
648.0,Bevásárlás,2025-01-28 16:57:38,2025.01.28 4159956198 PENNY 9550300188         -ÉRINTŐ,Kimenő,VÁSÁRLÁS KÁRTYÁVAL,3Dye4gBbAdPQSto3WbqgkBu6lrj2,none,,63c11dc2-68df-4264-95b6-54a4780a3a9f,1,2025,1,False,1,False,True,5,28,31,3489.301369863014,73,254719.0,70000.0,2.0,False,,,30.0,0.0,1980.4444444444443,18,0.002543979836604258
9756.0,Bevásárlás,2025-01-29 12:14:29,2025.01.29 4159956198 TESCO 41420 ÖNKISZOLG    -ÉRINTŐ,Kimenő,VÁSÁRLÁS KÁRTYÁVAL,3Dye4gBbAdPQSto3WbqgkBu6lrj2,none,,82158f11-21ae-443f-980e-60e573448c54,1,2025,2,False,1,False,True,5,29,31,3489.301369863014,73,254719.0,70000.0,2.0,False,,,30.0,0.0,1980.4444444444443,18,0.038301029762208554
8900.0,Egyéb,2025-01-29 13:53:31,"2025.01.29 4159956198 cv-hu.com 17904866 21,790EUR    0,",Kimenő,VÁSÁRLÁS KÁRTYÁVAL,3Dye4gBbAdPQSto3WbqgkBu6lrj2,none,,9edaaf3c-6048-48bd-a18c-3c954eac60bf,1,2025,2,False,1,False,True,5,29,31,3489.301369863014,73,254719.0,70000.0,2.0,False,,,30.0,0.0,3579.8333333333335,6,0.034940463805212804
3000.0,"Számlák, rezsi",2025-01-29 13:59:36,2025.01.29 4159956198 OTPMOBL*one,Kimenő,VÁSÁRLÁS KÁRTYÁVAL,3Dye4gBbAdPQSto3WbqgkBu6lrj2,none,,51e22656-8cc1-4054-ac8a-b3f88189dcc8,1,2025,2,False,1,False,True,5,29,31,3489.301369863014,73,254719.0,70000.0,2.0,False,,,30.0,0.0,11089.875,8,0.011777684428723416
8120.0,"Számlák, rezsi",2025-01-29 14:41:05,2025.01.29 4159956198 OTPMOBL*NEPTUN.U-SZEGE,Kimenő,VÁSÁRLÁS KÁRTYÁVAL,3Dye4gBbAdPQSto3WbqgkBu6lrj2,none,,aed42172-3937-4c05-bf6d-7cee62485a19,1,2025,2,False,1,False,True,5,29,31,3489.301369863014,73,254719.0,70000.0,2.0,False,,,30.0,0.0,11089.875,8,0.03187826585374472
460.0,Vendéglátás,2025-01-29 16:17:02,2025.01.29 4159956198 Csiga PÚksÚg -Bem utca   -ÉRINTŐ,Kimenő,VÁSÁRLÁS KÁRTYÁVAL,3Dye4gBbAdPQSto3WbqgkBu6lrj2,none,,363c0dd3-0a6b-42eb-9854-0aa80a4dc548,1,2025,2,False,1,False,True,5,29,31,3489.301369863014,73,254719.0,70000.0,2.0,False,,,30.0,0.0,1293.76,25,0.0018059116124042572
100.0,Egyéb,2025-01-30 11:52:18,2025.01.30 4159956198 MINICOPY MORICZ          -ÉRINTŐ,Kimenő,VÁSÁRLÁS KÁRTYÁVAL,3Dye4gBbAdPQSto3WbqgkBu6lrj2,none,,726654d6-efc4-4b1f-8476-8de89b343d2d,1,2025,3,False,1,False,True,5,30,31,3489.301369863014,73,254719.0,70000.0,2.0,False,,,30.0,0.0,3579.8333333333335,6,0.0003925894809574472
5000.0,"Egészség, szépség",2025-01-30 15:52:47,2025.01.30 4159956198 DR BOKOR TAMAS ORVOS     -ÉRINTŐ,Kimenő,VÁSÁRLÁS KÁRTYÁVAL,3Dye4gBbAdPQSto3WbqgkBu6lrj2,none,,36748cff-4e4f-41c6-a032-fe5b33d2b2ff,1,2025,3,False,1,False,True,5,30,31,3489.301369863014,73,254719.0,70000.0,2.0,False,,,30.0,0.0,5000.0,1,0.01962947404787236
1036.0,Bevásárlás,2025-01-31 13:00:49,2025.01.31 4159956198 AUCHAN SZENTENDREI UT    -ÉRINTŐ,Kimenő,VÁSÁRLÁS KÁRTYÁVAL,3Dye4gBbAdPQSto3WbqgkBu6lrj2,none,,bf2c00ea-0a67-493c-a8b2-13a39d2a4a05,1,2025,4,False,1,False,True,5,31,31,3489.301369863014,73,254719.0,70000.0,2.0,False,,,30.0,0.0,1980.4444444444443,18,0.0040672270227191535
440.0,Bevásárlás,2025-01-31 13:22:19,2025.01.31 4159956198 FORNETTI                 -ÉRINTŐ,Kimenő,VÁSÁRLÁS KÁRTYÁVAL,3Dye4gBbAdPQSto3WbqgkBu6lrj2,none,,88671ff3-af94-4ea7-953a-33caec1a09e8,1,2025,4,False,1,False,True,5,31,31,3489.301369863014,73,254719.0,70000.0,2.0,False,,,30.0,0.0,1980.4444444444443,18,0.0017273937162127677
700.0,Ruházat,2025-01-31 15:28:10,2025.01.31 4159956198 HU0322 H&M               -ÉRINTŐ,Kimenő,VÁSÁRLÁS KÁRTYÁVAL,3Dye4gBbAdPQSto3WbqgkBu6lrj2,none,,15c059ff-0ad0-4a18-9bca-042b8d5499d8,1,2025,4,False,1,False,True,5,31,31,3489.301369863014,73,254719.0,70000.0,2.0,False,,,30.0,0.0,700.0,1,0.0027481263667021305
740.0,Bevásárlás,2025-02-01 11:29:46,2025.02.01 4159956198 TESCO 41390 ÖNKISZOLG    -ÉRINTŐ,Kimenő,VÁSÁRLÁS KÁRTYÁVAL,3Dye4gBbAdPQSto3WbqgkBu6lrj2,none,,d5549e84-8fdc-43d0-972d-ea71545d6e3d,2,2025,5,True,1,True,False,5,1,28,4724.2266666666665,75,354317.0,70000.0,300.0,False,,,30.0,0.0,3115.909090909091,22,0.0020885252471656737
1338.0,Bevásárlás,2025-02-01 20:22:03,2025.02.01 4159956198 TESCO 41390              -ÉRINTŐ,Kimenő,VÁSÁRLÁS KÁRTYÁVAL,3Dye4gBbAdPQSto3WbqgkBu6lrj2,none,,cedefab1-0156-45dc-a60e-ca7486e9a8c5,2,2025,5,True,1,True,False,5,1,28,4724.2266666666665,75,354317.0,70000.0,300.0,False,,,30.0,0.0,3115.909090909091,22,0.003776279433388745
5000.0,Készpénz felvétel,2025-02-02 09:29:59,2025.02.02 4159956198 BUDAPEST AH01 Keleti Paly-ÉRINTŐ,Kimenő,KÉSZPÉNZFELVÉT ATM-BŐL,3Dye4gBbAdPQSto3WbqgkBu6lrj2,none,,f747ad3b-5e41-4e67-83d0-9b2ca7af10dc,2,2025,6,True,1,True,False,5,2,28,4724.2266666666665,75,354317.0,70000.0,300.0,False,,,30.0,0.0,5000.0,2,0.014111657075443741
350.0,Vendéglátás,2025-02-02 09:42:07,"2025.02.02 4159956198 NYX*AloisDallmayrAutom   -ÉRINTŐ 0,860EUR    0,",Kimenő,VÁSÁRLÁS KÁRTYÁVAL,3Dye4gBbAdPQSto3WbqgkBu6lrj2,none,,b5c75b47-483a-47fd-bcbe-be6200ac2bd9,2,2025,6,True,1,True,False,5,2,28,4724.2266666666665,75,354317.0,70000.0,300.0,False,,,30.0,0.0,918.2592592592592,27,0.000987815995281062
679.0,Közlekedés,2025-02-02 12:50:41,2025.02.02 4159956198 BÉKÉSCSABA MÁV           -ÉRINTŐ,Kimenő,VÁSÁRLÁS KÁRTYÁVAL,3Dye4gBbAdPQSto3WbqgkBu6lrj2,none,,edcc36d0-1eec-42e8-906b-7cd334a447a0,2,2025,6,True,1,True,False,5,2,28,4724.2266666666665,75,354317.0,70000.0,300.0,False,,,30.0,0.0,1077.8,5,0.00191636303084526
6800.0,Bevásárlás,2025-02-02 13:31:24,2025.02.02 4159956198 CUKRASZDA                -ÉRINTŐ,Kimenő,VÁSÁRLÁS KÁRTYÁVAL,3Dye4gBbAdPQSto3WbqgkBu6lrj2,none,,573258c4-5399-40c0-8560-1b4712a43b68,2,2025,6,True,1,True,False,5,2,28,4724.2266666666665,75,354317.0,70000.0,300.0,False,,,30.0,0.0,3115.909090909091,22,0.019191853622603488
70000.0,Nem kategorizált,2025-02-03 18:14:34,,Kimenő,ÁTUTALÁS BANKON BELÜL,3Dye4gBbAdPQSto3WbqgkBu6lrj2,none,,0dad1615-6f50-4736-b743-47041ce6d4e4,2,2025,0,False,1,True,False,6,3,28,4724.2266666666665,75,354317.0,70000.0,300.0,False,,,30.0,0.0,19800.0,5,0.13806386351302935
350.0,Egyéb,2025-02-03 18:15:00,,Kimenő,ESETI MEGBÍZÁSOK KÖLTSÉGE,3Dye4gBbAdPQSto3WbqgkBu6lrj2,none,,2e09a953-e8ba-4562-ba98-4ba2d6de0b0f,2,2025,0,False,1,True,False,6,3,28,4724.2266666666665,75,354317.0,70000.0,300.0,False,,,30.0,0.0,1510.3333333333333,3,0.000987815995281062
70000.0,"Számlák, rezsi",2025-02-03 18:15:31,Varga Bence lakdij - február,Kimenő,AZONNALI ÁTUTALÁS,3Dye4gBbAdPQSto3WbqgkBu6lrj2,none,,0cc5a843-0f2e-4d36-b1b4-7bd3b4492379,2,2025,0,False,1,True,False,6,3,28,4724.2266666666665,75,354317.0,70000.0,300.0,False,,,30.0,0.0,22117.833333333332,6,0.13806386351302935
4727.0,Bevásárlás,2025-02-04 10:13:06,2025.02.04 4159956198 AUCHAN SZENTENDREI UT    -ÉRINTŐ,Kimenő,VÁSÁRLÁS KÁRTYÁVAL,3Dye4gBbAdPQSto3WbqgkBu6lrj2,none,,4c995795-a867-4d7a-b6c2-0792b064f345,2,2025,1,False,1,True,False,6,4,28,4724.2266666666665,75,354317.0,70000.0,300.0,False,,,30.0,0.0,3115.909090909091,22,0.013341160599124513
320.0,Bevásárlás,2025-02-04 10:15:13,2025.02.04 4159956198 Cafe+Co HU 117587        -ÉRINTŐ,Kimenő,VÁSÁRLÁS KÁRTYÁVAL,3Dye4gBbAdPQSto3WbqgkBu6lrj2,none,,f4717ad9-c644-4aa7-b015-211c52abde80,2,2025,1,False,1,True,False,6,4,28,4724.2266666666665,75,354317.0,70000.0,300.0,False,,,30.0,0.0,3115.909090909091,22,0.0009031460528283994
1600.0,Vendéglátás,2025-02-04 13:16:05,"2025.02.04 4159956198 My Canteen Etterem Per   -ÉRINTŐ 3,920EUR    0,",Kimenő,VÁSÁRLÁS KÁRTYÁVAL,3Dye4gBbAdPQSto3WbqgkBu6lrj2,none,,d10f1fb5-2586-4443-8a26-5a6e3ac49ba3,2,2025,1,False,1,True,False,6,4,28,4724.2266666666665,75,354317.0,70000.0,300.0,False,,,30.0,0.0,918.2592592592592,27,0.004515730264141997
2100.0,Vendéglátás,2025-02-05 13:52:44,"2025.02.05 4159956198 My Canteen Etterem Per   -ÉRINTŐ 5,150EUR    0,",Kimenő,VÁSÁRLÁS KÁRTYÁVAL,3Dye4gBbAdPQSto3WbqgkBu6lrj2,none,,e59345a2-fff9-4b43-80ea-84f1c20732ef,2,2025,2,False,1,True,False,6,5,28,4724.2266666666665,75,354317.0,70000.0,300.0,False,,,30.0,0.0,918.2592592592592,27,0.005926895971686371
7661.0,Bevásárlás,2025-02-05 19:37:53,2025.02.05 4159956198 AUCHAN SZENTENDREI UT    -ÉRINTŐ,Kimenő,VÁSÁRLÁS KÁRTYÁVAL,3Dye4gBbAdPQSto3WbqgkBu6lrj2,none,,7f2b52ba-334c-4202-8625-cf8d4f8d8377,2,2025,2,False,1,True,False,6,5,28,4724.2266666666665,75,354317.0,70000.0,300.0,False,,,30.0,0.0,3115.909090909091,22,0.0216218809709949
320.0,Bevásárlás,2025-02-05 19:40:20,2025.02.05 4159956198 Cafe+Co HU 117587        -ÉRINTŐ,Kimenő,VÁSÁRLÁS KÁRTYÁVAL,3Dye4gBbAdPQSto3WbqgkBu6lrj2,none,,c2317294-d065-4ef6-adcd-dc5197b03515,2,2025,2,False,1,True,False,6,5,28,4724.2266666666665,75,354317.0,70000.0,300.0,False,,,30.0,0.0,3115.909090909091,22,0.0009031460528283994
3860.0,Egyéb,2025-02-06 15:58:27,"2025.02.06 4159956198 NIVO-Trafik Beteti Tar   -ÉRINTŐ 9,490EUR    0,",Kimenő,VÁSÁRLÁS KÁRTYÁVAL,3Dye4gBbAdPQSto3WbqgkBu6lrj2,none,,5acfef72-0721-49c5-8d14-10309b7f5ee6,2,2025,3,False,1,False,False,6,6,28,4724.2266666666665,75,354317.0,70000.0,300.0,False,,,30.0,0.0,1510.3333333333333,3,0.010894199262242568
390.0,Vendéglátás,2025-02-07 14:23:04,"2025.02.07 4159956198 NYX*AloisDallmayrAutom   -ÉRINTŐ 0,960EUR    0,",Kimenő,VÁSÁRLÁS KÁRTYÁVAL,3Dye4gBbAdPQSto3WbqgkBu6lrj2,none,,38f75b26-4828-4061-9675-8c907139142f,2,2025,4,False,1,False,False,6,7,28,4724.2266666666665,75,354317.0,70000.0,300.0,False,,,30.0,0.0,918.2592592592592,27,0.0011007092518846118
10000.0,Nem kategorizált,2025-02-08 06:30:59,,Bejövő,AZONNALI ÁTUTALÁS,3Dye4gBbAdPQSto3WbqgkBu6lrj2,none,,547d1db9-53a4-4917-9bd3-15ee8db0aa81,2,2025,5,True,1,False,False,6,8,28,4724.2266666666665,75,354317.0,70000.0,300.0,False,,,30.0,0.0,19800.0,5,0.028223314150887482
4095.0,"Számlák, rezsi",2025-02-09 04:20:58,"2025.02.09 4159956198 NETFLIX.COM 9,990EUR  409,9000",Kimenő,VÁSÁRLÁS KÁRTYÁVAL,3Dye4gBbAdPQSto3WbqgkBu6lrj2,none,,68cdf327-de88-40f3-a4a7-a373cbcb28f3,2,2025,6,True,1,False,False,6,9,28,4724.2266666666665,75,354317.0,70000.0,300.0,False,,,30.0,0.0,22117.833333333332,6,0.011557447144788425
9320.0,"Számlák, rezsi",2025-02-10 08:43:01,2025.02.10 4159956198 OTPMOBL*NEPTUN.U-SZEGE,Kimenő,VÁSÁRLÁS KÁRTYÁVAL,3Dye4gBbAdPQSto3WbqgkBu6lrj2,none,,f3e29ae1-4074-43e0-b992-7257a301e82d,2,2025,0,False,1,False,False,7,10,28,4724.2266666666665,75,354317.0,70000.0,300.0,False,,,30.0,0.0,22117.833333333332,6,0.026304128788627132
42642.0,"Számlák, rezsi",2025-02-10 08:53:57,2025.02.10 4159956198 OTPMOBL*allianz,Kimenő,VÁSÁRLÁS KÁRTYÁVAL,3Dye4gBbAdPQSto3WbqgkBu6lrj2,none,,1012b60b-6437-4e58-8123-a27e25ce65f1,2,2025,0,False,1,False,False,7,10,28,4724.2266666666665,75,354317.0,70000.0,300.0,False,,,30.0,0.0,22117.833333333332,6,0.1203498562022144
954.0,Bevásárlás,2025-02-10 15:17:16,2025.02.10 4159956198 ALDI 245.SZ.             -ÉRINTŐ,Kimenő,VÁSÁRLÁS KÁRTYÁVAL,3Dye4gBbAdPQSto3WbqgkBu6lrj2,none,,1e7b4fe8-0099-40be-aa05-f89f55fec229,2,2025,0,False,1,False,False,7,10,28,4724.2266666666665,75,354317.0,70000.0,300.0,False,,,30.0,0.0,3115.909090909091,22,0.002692504169994666
350.0,Vendéglátás,2025-02-10 15:32:09,"2025.02.10 4159956198 NYX*ReferenciaCafeKft    -ÉRINTŐ 0,860EUR    0,",Kimenő,VÁSÁRLÁS KÁRTYÁVAL,3Dye4gBbAdPQSto3WbqgkBu6lrj2,none,,1dfd429f-9fed-4620-80fc-20f1255de246,2,2025,0,False,1,False,False,7,10,28,4724.2266666666665,75,354317.0,70000.0,300.0,False,,,30.0,0.0,918.2592592592592,27,0.000987815995281062
11900.0,Nem kategorizált,2025-02-10 15:47:00,GIROKOZLEMENY,Bejövő,NAPKÖZBENI ÁTUTALÁS (CSOPORTOS),3Dye4gBbAdPQSto3WbqgkBu6lrj2,none,,8fb2dcab-4ab8-4289-835d-f6a6f88f22b2,2,2025,0,False,1,False,False,7,10,28,4724.2266666666665,75,354317.0,70000.0,300.0,False,,,30.0,0.0,19800.0,5,0.033585743839556106
3100.0,Nem kategorizált,2025-02-10 16:24:34,Diákbér,Bejövő,AZONNALI ÁTUTALÁS,3Dye4gBbAdPQSto3WbqgkBu6lrj2,none,,2a61b30a-3c42-4413-897f-d14237aa5bc9,2,2025,0,False,1,False,False,7,10,28,4724.2266666666665,75,354317.0,70000.0,300.0,False,,,30.0,0.0,19800.0,5,0.008749227386775119
1510.0,Vendéglátás,2025-02-10 18:45:31,2025.02.10 4159956198 MCD SZEGED 1.            -ÉRINTŐ,Kimenő,VÁSÁRLÁS KÁRTYÁVAL,3Dye4gBbAdPQSto3WbqgkBu6lrj2,none,,97036573-7aa8-4c4e-9d33-458a8d1bfa0e,2,2025,0,False,1,False,False,7,10,28,4724.2266666666665,75,354317.0,70000.0,300.0,False,,,30.0,0.0,918.2592592592592,27,0.00426172043678401
890.0,Vendéglátás,2025-02-10 21:02:06,2025.02.10 4159956198 HELOPAY*PIXEL BARESKAVEZO-ÉRINTŐ,Kimenő,VÁSÁRLÁS KÁRTYÁVAL,3Dye4gBbAdPQSto3WbqgkBu6lrj2,none,,d669994c-1815-43df-9f70-6ae8f6039304,2,2025,0,False,1,False,False,7,10,28,4724.2266666666665,75,354317.0,70000.0,300.0,False,,,30.0,0.0,918.2592592592592,27,0.002511874959428986
890.0,Vendéglátás,2025-02-10 21:48:52,2025.02.10 4159956198 HELOPAY*PIXEL BARESKAVEZO-ÉRINTŐ,Kimenő,VÁSÁRLÁS KÁRTYÁVAL,3Dye4gBbAdPQSto3WbqgkBu6lrj2,none,,f5e3004b-f28f-4bab-ba7b-c4eb892e7790,2,2025,0,False,1,False,False,7,10,28,4724.2266666666665,75,354317.0,70000.0,300.0,False,,,30.0,0.0,918.2592592592592,27,0.002511874959428986
13151.0,Bevásárlás,2025-02-11 12:15:13,2025.02.11 4159956198 AUCHAN SZEGED            -ÉRINTŐ,Kimenő,VÁSÁRLÁS KÁRTYÁVAL,3Dye4gBbAdPQSto3WbqgkBu6lrj2,none,,7acc3621-ae99-49bb-80a8-45046b974350,2,2025,1,False,1,False,False,7,11,28,4724.2266666666665,75,354317.0,70000.0,300.0,False,,,30.0,0.0,3115.909090909091,22,0.03711648043983213
940.0,Közlekedés,2025-02-11 20:35:25,2025.02.11 4159956198 OTPMOBL*VIMPAY.MAV-STA,Kimenő,VÁSÁRLÁS KÁRTYÁVAL,3Dye4gBbAdPQSto3WbqgkBu6lrj2,none,,43307800-b4be-4012-9182-fc719ebec6da,2,2025,1,False,1,False,False,7,11,28,4724.2266666666665,75,354317.0,70000.0,300.0,False,,,30.0,0.0,1077.8,5,0.002652991530183423
649.0,Vendéglátás,2025-02-12 12:38:41,2025.02.12 4159956198 TRIO Pizza Fornetti      -ÉRINTŐ,Kimenő,VÁSÁRLÁS KÁRTYÁVAL,3Dye4gBbAdPQSto3WbqgkBu6lrj2,none,,d6d6fa6c-8986-4df0-9647-b093115a9530,2,2025,2,False,1,False,False,7,12,28,4724.2266666666665,75,354317.0,70000.0,300.0,False,,,30.0,0.0,918.2592592592592,27,0.0018316930883925976
1600.0,Vendéglátás,2025-02-13 12:32:39,"2025.02.13 4159956198 My Canteen Etterem Per   -GOOGLE 3,970EUR    0,",Kimenő,VÁSÁRLÁS KÁRTYÁVAL,3Dye4gBbAdPQSto3WbqgkBu6lrj2,none,,3cc8d032-4e54-4f40-a36d-7ae464dc0d75,2,2025,3,False,1,False,False,7,13,28,4724.2266666666665,75,354317.0,70000.0,300.0,False,,,30.0,0.0,918.2592592592592,27,0.004515730264141997
499.0,Vendéglátás,2025-02-14 10:12:50,2025.02.14 4159956198 TRIO Pizza Fornetti      -ÉRINTŐ,Kimenő,VÁSÁRLÁS KÁRTYÁVAL,3Dye4gBbAdPQSto3WbqgkBu6lrj2,none,,1d78c434-79d7-41e8-aa60-e8894b827845,2,2025,4,False,1,False,False,7,14,28,4724.2266666666665,75,354317.0,70000.0,300.0,False,,,30.0,0.0,918.2592592592592,27,0.0014083433761292853
620.0,Vendéglátás,2025-02-14 12:10:52,2025.02.14 4159956198 PETERS PIZZA             -ÉRINTŐ,Kimenő,VÁSÁRLÁS KÁRTYÁVAL,3Dye4gBbAdPQSto3WbqgkBu6lrj2,none,,5c291813-320e-434f-8eec-f2e56496c7b9,2,2025,4,False,1,False,False,7,14,28,4724.2266666666665,75,354317.0,70000.0,300.0,False,,,30.0,0.0,918.2592592592592,27,0.0017498454773550239
5000.0,Készpénz felvétel,2025-02-14 15:37:35,2025.02.14 4159956198 Gyula Budapest krt.1,Kimenő,KÉSZPÉNZFELVÉT ATM-BŐL,3Dye4gBbAdPQSto3WbqgkBu6lrj2,none,,572651b8-f343-41a3-bcaa-8fa824c8fa41,2,2025,4,False,1,False,False,7,14,28,4724.2266666666665,75,354317.0,70000.0,300.0,False,,,30.0,0.0,5000.0,2,0.014111657075443741
1828.0,Bevásárlás,2025-02-14 16:53:21,2025.02.14 4159956198 PENNY 9550300188         -ÉRINTŐ,Kimenő,VÁSÁRLÁS KÁRTYÁVAL,3Dye4gBbAdPQSto3WbqgkBu6lrj2,none,,3a1f1350-b90d-4002-9421-f590e9668b7e,2,2025,4,False,1,False,False,7,14,28,4724.2266666666665,75,354317.0,70000.0,300.0,False,,,30.0,0.0,3115.909090909091,22,0.0051592218267822315
4000.0,Nem kategorizált,2025-02-14 17:36:44,Vízszűrő,Bejövő,ÁTUTALÁS BANKON BELÜL,3Dye4gBbAdPQSto3WbqgkBu6lrj2,none,,f0ca669b-4a10-46a5-b700-1391d221edbe,2,2025,4,False,1,False,False,7,14,28,4724.2266666666665,75,354317.0,70000.0,300.0,False,,,30.0,0.0,19800.0,5,0.011289325660354992
2332.0,Bevásárlás,2025-02-14 18:27:33,2025.02.14 4159956198 TESCO 41026 ÖNKISZOLG    -ÉRINTŐ,Kimenő,VÁSÁRLÁS KÁRTYÁVAL,3Dye4gBbAdPQSto3WbqgkBu6lrj2,none,,f4b6d7af-9314-4652-a276-3737fddc02fa,2,2025,4,False,1,False,False,7,14,28,4724.2266666666665,75,354317.0,70000.0,300.0,False,,,30.0,0.0,3115.909090909091,22,0.006581676859986961
300.0,Bevásárlás,2025-02-16 16:58:54,"2025.02.16 4159956198 Vendo Box Keleti pu.     -ÉRINTŐ 0,750EUR    0,",Kimenő,VÁSÁRLÁS KÁRTYÁVAL,3Dye4gBbAdPQSto3WbqgkBu6lrj2,none,,705e7939-c5bd-4784-993f-a0b2618c473b,2,2025,6,True,1,False,False,7,16,28,4724.2266666666665,75,354317.0,70000.0,300.0,False,,,30.0,0.0,3115.909090909091,22,0.0008466994245266245
360.0,Vendéglátás,2025-02-17 09:21:40,2025.02.17 4159956198 F LEGYH ZI P KS G 71     -ÉRINTŐ,Kimenő,VÁSÁRLÁS KÁRTYÁVAL,3Dye4gBbAdPQSto3WbqgkBu6lrj2,none,,d35288ee-8ad1-462a-8199-2fb015a83870,2,2025,0,False,1,False,False,8,17,28,4724.2266666666665,75,354317.0,70000.0,300.0,False,,,30.0,0.0,918.2592592592592,27,0.0010160393094319493
1500.0,Vendéglátás,2025-02-17 12:12:20,2025.02.17 4159956198 SZOTE  telbąr Kft.       -ÉRINTŐ,Kimenő,VÁSÁRLÁS KÁRTYÁVAL,3Dye4gBbAdPQSto3WbqgkBu6lrj2,none,,2722f33c-e9ac-459c-a183-b67f0b14df9b,2,2025,0,False,1,False,False,8,17,28,4724.2266666666665,75,354317.0,70000.0,300.0,False,,,30.0,0.0,918.2592592592592,27,0.0042334971226331225
300.0,Vendéglátás,2025-02-17 13:29:45,"2025.02.17 4159956198 NYX*HELLAUTOMATAUeZEME   -ÉRINTŐ 0,750EUR    0,",Kimenő,VÁSÁRLÁS KÁRTYÁVAL,3Dye4gBbAdPQSto3WbqgkBu6lrj2,none,,72625b2c-b82d-4283-ab42-aeb27af966bd,2,2025,0,False,1,False,False,8,17,28,4724.2266666666665,75,354317.0,70000.0,300.0,False,,,30.0,0.0,918.2592592592592,27,0.0008466994245266245
478.0,Bevásárlás,2025-02-17 15:22:29,2025.02.17 4159956198 ALDI 245.SZ.             -ÉRINTŐ,Kimenő,VÁSÁRLÁS KÁRTYÁVAL,3Dye4gBbAdPQSto3WbqgkBu6lrj2,none,,0dd5b982-9587-4895-aa37-f786f94b3dca,2,2025,0,False,1,False,False,8,17,28,4724.2266666666665,75,354317.0,70000.0,300.0,False,,,30.0,0.0,3115.909090909091,22,0.0013490744164124217
9032.0,Bevásárlás,2025-02-17 18:25:36,2025.02.17 4159956198 TESCO 41420 ÖNKISZOLG    -ÉRINTŐ,Kimenő,VÁSÁRLÁS KÁRTYÁVAL,3Dye4gBbAdPQSto3WbqgkBu6lrj2,none,,d676f4af-e9e2-456a-9586-d9f0d8973bcc,2,2025,0,False,1,False,False,8,17,28,4724.2266666666665,75,354317.0,70000.0,300.0,False,,,30.0,0.0,3115.909090909091,22,0.025491297341081572
900.0,Utalás,2025-02-17 22:50:42,Piara koltsd,Kimenő,AZONNALI ÁTUTALÁS,3Dye4gBbAdPQSto3WbqgkBu6lrj2,none,,a6de24be-38d2-4e41-8234-492b2a39050c,2,2025,0,False,1,False,False,8,17,28,4724.2266666666665,75,354317.0,70000.0,300.0,False,,,30.0,0.0,900.0,1,0.0025400982735798733
321.0,Egyéb,2025-02-18 01:05:00,,Kimenő,ESETI MEGBÍZÁSOK KÖLTSÉGE,3Dye4gBbAdPQSto3WbqgkBu6lrj2,none,,8cf1c935-c4b2-4d8b-b04c-0c348c93ab72,2,2025,1,False,1,False,False,8,18,28,4724.2266666666665,75,354317.0,70000.0,300.0,False,,,30.0,0.0,1510.3333333333333,3,0.0009059683842434882
1700.0,Vendéglátás,2025-02-18 12:43:16,2025.02.18 4159956198 SZOTE  telbąr Kft.       -ÉRINTŐ,Kimenő,VÁSÁRLÁS KÁRTYÁVAL,3Dye4gBbAdPQSto3WbqgkBu6lrj2,none,,b268dad5-660a-4f02-85a5-9e3bad1a3454,2,2025,1,False,1,False,False,8,18,28,4724.2266666666665,75,354317.0,70000.0,300.0,False,,,30.0,0.0,918.2592592592592,27,0.004797963405650872
5150.0,"Számlák, rezsi",2025-02-20 11:20:10,2025.02.20 4159956198 OTPMOBL*one,Kimenő,VÁSÁRLÁS KÁRTYÁVAL,3Dye4gBbAdPQSto3WbqgkBu6lrj2,none,,fdce424f-550e-473a-8534-cbc44d484473,2,2025,3,False,1,False,False,8,20,28,4724.2266666666665,75,354317.0,70000.0,300.0,False,,,30.0,0.0,22117.833333333332,6,0.014535006787707054
899.0,Bevásárlás,2025-02-21 15:22:26,2025.02.21 4159956198 511.COOP ÜZLET           -ÉRINTŐ,Kimenő,VÁSÁRLÁS KÁRTYÁVAL,3Dye4gBbAdPQSto3WbqgkBu6lrj2,none,,939f1b60-16bf-45c3-8f57-a1436f222e37,2,2025,4,False,1,False,False,8,21,28,4724.2266666666665,75,354317.0,70000.0,300.0,False,,,30.0,0.0,3115.909090909091,22,0.002537275942164785
549.0,"Egészség, szépség",2025-02-21 15:44:53,2025.02.21 4159956198 ROSSMANN 104.            -ÉRINTŐ,Kimenő,VÁSÁRLÁS KÁRTYÁVAL,3Dye4gBbAdPQSto3WbqgkBu6lrj2,none,,0fc11121-4ed6-42af-8eea-cf3d7b4e5046,2,2025,4,False,1,False,False,8,21,28,4724.2266666666665,75,354317.0,70000.0,300.0,False,,,30.0,0.0,549.0,1,0.0015494599468837227
3807.0,Bevásárlás,2025-02-22 16:55:19,2025.02.22 4159956198 TESCO 41026 ÖNKISZOLG    -ÉRINTŐ,Kimenő,VÁSÁRLÁS KÁRTYÁVAL,3Dye4gBbAdPQSto3WbqgkBu6lrj2,none,,e6ec402b-3077-4fb9-8261-853a8d202eb3,2,2025,5,True,1,False,False,8,22,28,4724.2266666666665,75,354317.0,70000.0,300.0,False,,,30.0,0.0,3115.909090909091,22,0.010744615697242865
3027.0,Bevásárlás,2025-02-22 19:24:30,2025.02.22 4159956198 NEMZETI DOHÁNYBOLT       -ÉRINTŐ,Kimenő,VÁSÁRLÁS KÁRTYÁVAL,3Dye4gBbAdPQSto3WbqgkBu6lrj2,none,,8acc175c-dc45-4e0c-9e80-aabe6cf7bf81,2,2025,5,True,1,False,False,8,22,28,4724.2266666666665,75,354317.0,70000.0,300.0,False,,,30.0,0.0,3115.909090909091,22,0.00854319719347364
1890.0,Közlekedés,2025-02-23 15:19:35,2025.02.23 4159956198 OTPMOBL*VIMPAY.MAV-STA,Kimenő,VÁSÁRLÁS KÁRTYÁVAL,3Dye4gBbAdPQSto3WbqgkBu6lrj2,none,,a95fdbbc-f922-474b-b67a-3c4fb54a65e4,2,2025,6,True,1,False,True,8,23,28,4724.2266666666665,75,354317.0,70000.0,300.0,False,,,30.0,0.0,1077.8,5,0.005334206374517734
350.0,Vendéglátás,2025-02-24 09:13:25,"2025.02.24 4159956198 NYX*ReferenciaCafeKft    -ÉRINTŐ 0,870EUR    0,",Kimenő,VÁSÁRLÁS KÁRTYÁVAL,3Dye4gBbAdPQSto3WbqgkBu6lrj2,none,,2b2108ad-a926-4ee8-a132-bc280653eca3,2,2025,0,False,1,False,True,9,24,28,4724.2266666666665,75,354317.0,70000.0,300.0,False,,,30.0,0.0,918.2592592592592,27,0.000987815995281062
1500.0,Vendéglátás,2025-02-24 11:48:43,2025.02.24 4159956198 SZOTE  telbąr Kft.       -ÉRINTŐ,Kimenő,VÁSÁRLÁS KÁRTYÁVAL,3Dye4gBbAdPQSto3WbqgkBu6lrj2,none,,1bd2f35e-b0b1-4302-b638-cb7bdf58e24b,2,2025,0,False,1,False,True,9,24,28,4724.2266666666665,75,354317.0,70000.0,300.0,False,,,30.0,0.0,918.2592592592592,27,0.0042334971226331225
649.0,Vendéglátás,2025-02-24 12:34:53,2025.02.24 4159956198 ARADI NON-STOP BOLT      -ÉRINTŐ,Kimenő,VÁSÁRLÁS KÁRTYÁVAL,3Dye4gBbAdPQSto3WbqgkBu6lrj2,none,,a196db6b-7c93-4938-8e9d-ec0826f624f0,2,2025,0,False,1,False,True,9,24,28,4724.2266666666665,75,354317.0,70000.0,300.0,False,,,30.0,0.0,918.2592592592592,27,0.0018316930883925976
2898.0,Ruházat,2025-02-24 13:39:24,2025.02.24 4159956198 HÁDA HASZNÁLTRUHA Ü      -ÉRINTŐ,Kimenő,VÁSÁRLÁS KÁRTYÁVAL,3Dye4gBbAdPQSto3WbqgkBu6lrj2,none,,beb974dc-37a2-443c-b024-9763faa81739,2,2025,0,False,1,False,True,9,24,28,4724.2266666666665,75,354317.0,70000.0,300.0,False,,,30.0,0.0,2898.0,1,0.008179116440927192
350.0,Vendéglátás,2025-02-24 17:35:01,"2025.02.24 4159956198 NYX*ReferenciaCafeKft    -ÉRINTŐ 0,870EUR    0,",Kimenő,VÁSÁRLÁS KÁRTYÁVAL,3Dye4gBbAdPQSto3WbqgkBu6lrj2,none,,f5871674-3f69-4524-9f2c-811243dad9ba,2,2025,0,False,1,False,True,9,24,28,4724.2266666666665,75,354317.0,70000.0,300.0,False,,,30.0,0.0,918.2592592592592,27,0.000987815995281062
1500.0,"Számlák, rezsi",2025-02-24 18:46:12,"2025.02.24 4159956198 SQUARETRADE EUROPE 3,720EUR    0,",Kimenő,VÁSÁRLÁS KÁRTYÁVAL,3Dye4gBbAdPQSto3WbqgkBu6lrj2,none,,067eaf53-094b-4ebb-a479-688a28a0a7b0,2,2025,0,False,1,False,True,9,24,28,4724.2266666666665,75,354317.0,70000.0,300.0,False,,,30.0,0.0,22117.833333333332,6,0.0042334971226331225
597.0,Vendéglátás,2025-02-24 19:52:55,2025.02.24 4159956198 ARADI NON-STOP BOLT      -ÉRINTŐ,Kimenő,VÁSÁRLÁS KÁRTYÁVAL,3Dye4gBbAdPQSto3WbqgkBu6lrj2,none,,c0cd33cd-0e0d-477d-aac4-90219952ffcd,2,2025,0,False,1,False,True,9,24,28,4724.2266666666665,75,354317.0,70000.0,300.0,False,,,30.0,0.0,918.2592592592592,27,0.0016849318548079826
840.0,Vendéglátás,2025-02-24 20:00:24,2025.02.24 4159956198 DTK                      -ÉRINTŐ,Kimenő,VÁSÁRLÁS KÁRTYÁVAL,3Dye4gBbAdPQSto3WbqgkBu6lrj2,none,,ebb4e4be-f171-4d63-a965-1d059aa615c7,2,2025,0,False,1,False,True,9,24,28,4724.2266666666665,75,354317.0,70000.0,300.0,False,,,30.0,0.0,918.2592592592592,27,0.0023707583886745484
590.0,Vendéglátás,2025-02-24 20:52:31,2025.02.24 4159956198 DTK                      -ÉRINTŐ,Kimenő,VÁSÁRLÁS KÁRTYÁVAL,3Dye4gBbAdPQSto3WbqgkBu6lrj2,none,,636485c9-2a94-419f-b6ee-e1b045910b54,2,2025,0,False,1,False,True,9,24,28,4724.2266666666665,75,354317.0,70000.0,300.0,False,,,30.0,0.0,918.2592592592592,27,0.0016651755349023614
360.0,Vendéglátás,2025-02-25 09:45:45,2025.02.25 4159956198 F LEGYH ZI P KS G 71     -ÉRINTŐ,Kimenő,VÁSÁRLÁS KÁRTYÁVAL,3Dye4gBbAdPQSto3WbqgkBu6lrj2,none,,440b10ce-7a0b-4521-baac-6fe844073ea8,2,2025,1,False,1,False,True,9,25,28,4724.2266666666665,75,354317.0,70000.0,300.0,False,,,30.0,0.0,918.2592592592592,27,0.0010160393094319493
1898.0,Bevásárlás,2025-02-25 11:59:49,2025.02.25 4159956198 TESCO 41420 ÖNKISZOLG    -ÉRINTŐ,Kimenő,VÁSÁRLÁS KÁRTYÁVAL,3Dye4gBbAdPQSto3WbqgkBu6lrj2,none,,c8df5b90-fdbf-4cff-a412-adb1b040e0b5,2,2025,1,False,1,False,True,9,25,28,4724.2266666666665,75,354317.0,70000.0,300.0,False,,,30.0,0.0,3115.909090909091,22,0.005356785025838444
1500.0,Vendéglátás,2025-02-25 12:52:17,2025.02.25 4159956198 SZOTE  telbąr Kft.       -ÉRINTŐ,Kimenő,VÁSÁRLÁS KÁRTYÁVAL,3Dye4gBbAdPQSto3WbqgkBu6lrj2,none,,51b605e0-f758-466f-b70d-33b520b2bd79,2,2025,1,False,1,False,True,9,25,28,4724.2266666666665,75,354317.0,70000.0,300.0,False,,,30.0,0.0,918.2592592592592,27,0.0042334971226331225
940.0,Közlekedés,2025-02-25 19:10:11,2025.02.25 4159956198 OTPMOBL*VIMPAY.MAV-STA,Kimenő,VÁSÁRLÁS KÁRTYÁVAL,3Dye4gBbAdPQSto3WbqgkBu6lrj2,none,,b52f15ff-3cfb-4162-93a8-cf5f023743aa,2,2025,1,False,1,False,True,9,25,28,4724.2266666666665,75,354317.0,70000.0,300.0,False,,,30.0,0.0,1077.8,5,0.002652991530183423
940.0,Közlekedés,2025-02-25 19:52:36,2025.02.25 4159956198 OTPMOBL*VIMPAY.MAV-STA,Kimenő,VÁSÁRLÁS KÁRTYÁVAL,3Dye4gBbAdPQSto3WbqgkBu6lrj2,none,,981ca430-142d-4a96-b844-658dfd7d8ac5,2,2025,1,False,1,False,True,9,25,28,4724.2266666666665,75,354317.0,70000.0,300.0,False,,,30.0,0.0,1077.8,5,0.002652991530183423
3741.0,Bevásárlás,2025-02-26 16:56:09,2025.02.26 4159956198 AUCHAN SZENTENDREI UT    -ÉRINTŐ,Kimenő,VÁSÁRLÁS KÁRTYÁVAL,3Dye4gBbAdPQSto3WbqgkBu6lrj2,none,,5c36d2ae-44d2-4155-8fd6-f8644155f0b1,2,2025,2,False,1,False,True,9,26,28,4724.2266666666665,75,354317.0,70000.0,300.0,False,,,30.0,0.0,3115.909090909091,22,0.010558341823847007
2100.0,Vendéglátás,2025-02-27 12:56:32,"2025.02.27 4159956198 My Canteen Etterem Per   -ÉRINTŐ 5,250EUR    0,",Kimenő,VÁSÁRLÁS KÁRTYÁVAL,3Dye4gBbAdPQSto3WbqgkBu6lrj2,none,,3c0751b5-332e-4b50-8f75-5607772a6111,2,2025,3,False,1,False,True,9,27,28,4724.2266666666665,75,354317.0,70000.0,300.0,False,,,30.0,0.0,918.2592592592592,27,0.005926895971686371
2350.0,Szórakozás,2025-02-27 19:12:45,2025.02.27 4159956198 MUVESZ MOZI              -ÉRINTŐ,Kimenő,VÁSÁRLÁS KÁRTYÁVAL,3Dye4gBbAdPQSto3WbqgkBu6lrj2,none,,6c6bdb8d-ed70-4101-9539-b032772f96e6,2,2025,3,False,1,False,True,9,27,28,4724.2266666666665,75,354317.0,70000.0,300.0,False,,,30.0,0.0,2500.0,2,0.006632478825458558
2650.0,Szórakozás,2025-02-27 20:05:42,2025.02.27 4159956198 MUVESZ MOZI              -ÉRINTŐ,Kimenő,VÁSÁRLÁS KÁRTYÁVAL,3Dye4gBbAdPQSto3WbqgkBu6lrj2,none,,82ce691f-bfe7-45e4-8182-4dd82a04c97a,2,2025,3,False,1,False,True,9,27,28,4724.2266666666665,75,354317.0,70000.0,300.0,False,,,30.0,0.0,2500.0,2,0.007479178249985183
4377.0,Bevásárlás,2025-02-28 12:03:58,2025.02.28 4159956198 AUCHAN SZENTENDREI UT    -ÉRINTŐ,Kimenő,VÁSÁRLÁS KÁRTYÁVAL,3Dye4gBbAdPQSto3WbqgkBu6lrj2,none,,b9c13a00-249c-40ba-8c18-c6737a12f7e8,2,2025,4,False,1,False,True,9,28,28,4724.2266666666665,75,354317.0,70000.0,300.0,False,,,30.0,0.0,3115.909090909091,22,0.012353344603843451
520.0,Bevásárlás,2025-02-28 13:34:45,"2025.02.28 4159956198 Henny Market             -ÉRINTŐ 1,300EUR    0,",Kimenő,VÁSÁRLÁS KÁRTYÁVAL,3Dye4gBbAdPQSto3WbqgkBu6lrj2,none,,8ec40a2f-7ee1-400c-a599-58e80c92a5b7,2,2025,4,False,1,False,True,9,28,28,4724.2266666666665,75,354317.0,70000.0,300.0,False,,,30.0,0.0,3115.909090909091,22,0.0014676123358461492
649.0,Vendéglátás,2025-02-28 14:24:55,2025.02.28 4159956198 TRIO Pizza Fornetti      -ÉRINTŐ,Kimenő,VÁSÁRLÁS KÁRTYÁVAL,3Dye4gBbAdPQSto3WbqgkBu6lrj2,none,,67fa2477-5b2e-4e2e-ab56-7f74a15dfbaf,2,2025,4,False,1,False,True,9,28,28,4724.2266666666665,75,354317.0,70000.0,300.0,False,,,30.0,0.0,918.2592592592592,27,0.0018316930883925976
300.0,Bevásárlás,2025-02-28 14:42:45,"2025.02.28 4159956198 Vendo Box Keleti pu.     -ÉRINTŐ 0,750EUR    0,",Kimenő,VÁSÁRLÁS KÁRTYÁVAL,3Dye4gBbAdPQSto3WbqgkBu6lrj2,none,,1435d2f4-d687-4bb1-9bba-192b787c081a,2,2025,4,False,1,False,True,9,28,28,4724.2266666666665,75,354317.0,70000.0,300.0,False,,,30.0,0.0,3115.909090909091,22,0.0008466994245266245
8900.0,Egyéb,2025-03-01 13:53:33,"2025.03.01 4159956198 RESUMAKER AI 22,220EUR    0,",Kimenő,VÁSÁRLÁS KÁRTYÁVAL,3Dye4gBbAdPQSto3WbqgkBu6lrj2,none,,2e3f3ba8-7226-46f7-9d7a-26ec97b383f8,3,2025,5,True,1,True,False,9,1,31,3264.4239130434785,92,300327.0,70000.0,200.0,False,,,30.0,0.0,3150.0,3,0.029634365208589305
1287.0,Bevásárlás,2025-03-01 16:45:27,2025.03.01 4159956198 NEMZETI DOHÁNYBOLT       -ÉRINTŐ,Kimenő,VÁSÁRLÁS KÁRTYÁVAL,3Dye4gBbAdPQSto3WbqgkBu6lrj2,none,,06cd1fc9-0c02-43e4-83d6-0a8632ba7358,3,2025,5,True,1,True,False,9,1,31,3264.4239130434785,92,300327.0,70000.0,200.0,False,,,30.0,0.0,1504.9130434782608,23,0.004285328991399375
390.0,Vendéglátás,2025-03-02 17:12:02,"2025.03.02 4159956198 NYX*AloisDallmayrAutom   -ÉRINTŐ 0,970EUR    0,",Kimenő,VÁSÁRLÁS KÁRTYÁVAL,3Dye4gBbAdPQSto3WbqgkBu6lrj2,none,,6654b953-ccbf-4b84-a19b-31c3cfe093d8,3,2025,6,True,1,True,False,9,2,31,3264.4239130434785,92,300327.0,70000.0,200.0,False,,,30.0,0.0,1297.25,40,0.0012985845428482954
536.0,Vendéglátás,2025-03-02 18:08:05,2025.03.02 4159956198 TRIO Pizza Fornetti      -ÉRINTŐ,Kimenő,VÁSÁRLÁS KÁRTYÁVAL,3Dye4gBbAdPQSto3WbqgkBu6lrj2,none,,00257d87-3c50-4177-9c1b-8975c07787df,3,2025,6,True,1,True,False,9,2,31,3264.4239130434785,92,300327.0,70000.0,200.0,False,,,30.0,0.0,1297.25,40,0.0017847213204274007
350.0,Egyéb,2025-03-03 08:22:00,,Kimenő,ESETI MEGBÍZÁSOK KÖLTSÉGE,3Dye4gBbAdPQSto3WbqgkBu6lrj2,none,,a1d9b7a1-c69c-49b8-95b9-9010bea5374c,3,2025,0,False,1,True,False,10,3,31,3264.4239130434785,92,300327.0,70000.0,200.0,False,,,30.0,0.0,3150.0,3,0.0011653963846074446
70000.0,"Számlák, rezsi",2025-03-03 08:22:37,Varga Bence - lakbér - márci us,Kimenő,AZONNALI ÁTUTALÁS,3Dye4gBbAdPQSto3WbqgkBu6lrj2,none,,1c141642-2e37-4530-a193-de856be46687,3,2025,0,False,1,True,False,10,3,31,3264.4239130434785,92,300327.0,70000.0,200.0,False,,,30.0,0.0,25517.2,5,0.13806386351302935
900.0,Nem kategorizált,2025-03-03 08:44:52,20250303_e10fa879-7dbb-3f9e-90ff-55f068176a68,Bejövő,AZONNALI ÁTUTALÁS,3Dye4gBbAdPQSto3WbqgkBu6lrj2,none,,8d665436-b39b-44e4-8245-0e1d2e033de0,3,2025,0,False,1,True,False,10,3,31,3264.4239130434785,92,300327.0,70000.0,200.0,False,,,30.0,0.0,5275.0,4,0.002996733560419143
1500.0,Vendéglátás,2025-03-03 12:56:11,2025.03.03 4159956198 SZOTE  telbąr Kft.       -ÉRINTŐ,Kimenő,VÁSÁRLÁS KÁRTYÁVAL,3Dye4gBbAdPQSto3WbqgkBu6lrj2,none,,48b240ae-3446-4f7b-a609-835d23268e43,3,2025,0,False,1,True,False,10,3,31,3264.4239130434785,92,300327.0,70000.0,200.0,False,,,30.0,0.0,1297.25,40,0.004994555934031905
360.0,Vendéglátás,2025-03-03 15:21:07,2025.03.03 4159956198 F LEGYH ZI P KS G 71     -ÉRINTŐ,Kimenő,VÁSÁRLÁS KÁRTYÁVAL,3Dye4gBbAdPQSto3WbqgkBu6lrj2,none,,ca2484d7-915c-482f-9dc8-8e7fa116c1a9,3,2025,0,False,1,True,False,10,3,31,3264.4239130434785,92,300327.0,70000.0,200.0,False,,,30.0,0.0,1297.25,40,0.0011986934241676572
1280.0,Bevásárlás,2025-03-03 17:50:50,2025.03.03 4159956198 SPAR PARTNER 6960300     -ÉRINTŐ,Kimenő,VÁSÁRLÁS KÁRTYÁVAL,3Dye4gBbAdPQSto3WbqgkBu6lrj2,none,,d96ce87d-dadf-4f55-8e8f-3bca511445c0,3,2025,0,False,1,True,False,10,3,31,3264.4239130434785,92,300327.0,70000.0,200.0,False,,,30.0,0.0,1504.9130434782608,23,0.004262021063707226
1080.0,Vendéglátás,2025-03-03 20:06:13,2025.03.03 4159956198 DTK                      -ÉRINTŐ,Kimenő,VÁSÁRLÁS KÁRTYÁVAL,3Dye4gBbAdPQSto3WbqgkBu6lrj2,none,,5bdaf08a-fea0-4e9a-8fbe-15f046511476,3,2025,0,False,1,True,False,10,3,31,3264.4239130434785,92,300327.0,70000.0,200.0,False,,,30.0,0.0,1297.25,40,0.0035960802725029718
440.0,Vendéglátás,2025-03-03 21:07:28,2025.03.03 4159956198 DTK                      -ÉRINTŐ,Kimenő,VÁSÁRLÁS KÁRTYÁVAL,3Dye4gBbAdPQSto3WbqgkBu6lrj2,none,,e1aa8080-fb43-461e-8806-953298312004,3,2025,0,False,1,True,False,10,3,31,3264.4239130434785,92,300327.0,70000.0,200.0,False,,,30.0,0.0,1297.25,40,0.001465069740649359
1590.0,Vendéglátás,2025-03-03 21:35:08,2025.03.03 4159956198 KFC SZEGED KÁRÁSZ        -ÉRINTŐ,Kimenő,VÁSÁRLÁS KÁRTYÁVAL,3Dye4gBbAdPQSto3WbqgkBu6lrj2,none,,a2d49abd-825a-46d2-a2da-232f154986d0,3,2025,0,False,1,True,False,10,3,31,3264.4239130434785,92,300327.0,70000.0,200.0,False,,,30.0,0.0,1297.25,40,0.005294229290073819
1500.0,Vendéglátás,2025-03-04 13:18:05,2025.03.04 4159956198 SZOTE  telbąr Kft.       -GOOGLE,Kimenő,VÁSÁRLÁS KÁRTYÁVAL,3Dye4gBbAdPQSto3WbqgkBu6lrj2,none,,01390967-1f9e-46d4-935b-b1708a07f1e9,3,2025,1,False,1,True,False,10,4,31,3264.4239130434785,92,300327.0,70000.0,200.0,False,,,30.0,0.0,1297.25,40,0.004994555934031905
800.0,Szórakozás,2025-03-04 14:00:06,2025.03.04 4159956198 SZTE KLÉB KÖNYVTÁR       -GOOGLE,Kimenő,VÁSÁRLÁS KÁRTYÁVAL,3Dye4gBbAdPQSto3WbqgkBu6lrj2,none,,d96bde66-1c5d-498a-aa3b-3b361ce28769,3,2025,1,False,1,True,False,10,4,31,3264.4239130434785,92,300327.0,70000.0,200.0,False,,,30.0,0.0,3400.0,8,0.002663763164817016
7938.0,Szórakozás,2025-03-04 14:41:20,2025.03.04 4159956198 OTPMOBL*TIXA.HU,Kimenő,VÁSÁRLÁS KÁRTYÁVAL,3Dye4gBbAdPQSto3WbqgkBu6lrj2,none,,4e27a7a5-c019-4ac4-b513-8a5dead948c2,3,2025,1,False,1,True,False,10,4,31,3264.4239130434785,92,300327.0,70000.0,200.0,False,,,30.0,0.0,3400.0,8,0.026431190002896843
940.0,Közlekedés,2025-03-04 18:28:39,2025.03.04 4159956198 OTPMOBL*VIMPAY.MAV-STA,Kimenő,VÁSÁRLÁS KÁRTYÁVAL,3Dye4gBbAdPQSto3WbqgkBu6lrj2,none,,8fbf4052-6060-40fd-b18c-4e3c6079db0c,3,2025,1,False,1,True,False,10,4,31,3264.4239130434785,92,300327.0,70000.0,200.0,False,,,30.0,0.0,998.4285714285714,7,0.003129921718659994
2200.0,Vendéglátás,2025-03-05 11:54:21,2025.03.05 4159956198 JIA LE K°NAI BÜFÉ        -ÉRINTŐ,Kimenő,VÁSÁRLÁS KÁRTYÁVAL,3Dye4gBbAdPQSto3WbqgkBu6lrj2,none,,5527eb60-66fc-48a8-9bf3-f423311f7a50,3,2025,2,False,1,True,False,10,5,31,3264.4239130434785,92,300327.0,70000.0,200.0,False,,,30.0,0.0,1297.25,40,0.007325348703246795
2300.0,Vendéglátás,2025-03-06 11:48:50,2025.03.06 4159956198 Dagoba                   -ÉRINTŐ,Kimenő,VÁSÁRLÁS KÁRTYÁVAL,3Dye4gBbAdPQSto3WbqgkBu6lrj2,none,,e31380d5-517d-4dc3-9fe0-8b0af34d0b36,3,2025,3,False,1,False,False,10,6,31,3264.4239130434785,92,300327.0,70000.0,200.0,False,,,30.0,0.0,1297.25,40,0.0076583190988489215
760.0,Vendéglátás,2025-03-06 12:42:43,2025.03.06 4159956198 CAFÉ KANTINETTA          -ÉRINTŐ,Kimenő,VÁSÁRLÁS KÁRTYÁVAL,3Dye4gBbAdPQSto3WbqgkBu6lrj2,none,,d888f46e-d555-426f-82c4-c917bf82d3b5,3,2025,3,False,1,False,False,10,6,31,3264.4239130434785,92,300327.0,70000.0,200.0,False,,,30.0,0.0,1297.25,40,0.002530575006576165
1700.0,Vendéglátás,2025-03-07 12:00:15,2025.03.07 4159956198 BUDA DONNER              -ÉRINTŐ,Kimenő,VÁSÁRLÁS KÁRTYÁVAL,3Dye4gBbAdPQSto3WbqgkBu6lrj2,none,,a8af0eda-2bec-4c65-888c-45ad6a724841,3,2025,4,False,1,False,False,10,7,31,3264.4239130434785,92,300327.0,70000.0,200.0,False,,,30.0,0.0,1297.25,40,0.005660496725236159
300.0,Bevásárlás,2025-03-07 17:43:42,"2025.03.07 4159956198 Vendo Box Keleti pu.     -ÉRINTŐ 0,750EUR    0,",Kimenő,VÁSÁRLÁS KÁRTYÁVAL,3Dye4gBbAdPQSto3WbqgkBu6lrj2,none,,21e1140b-90d8-44ce-9a70-34a4b803b8ef,3,2025,4,False,1,False,False,10,7,31,3264.4239130434785,92,300327.0,70000.0,200.0,False,,,30.0,0.0,1504.9130434782608,23,0.000998911186806381
1049.0,Bevásárlás,2025-03-08 13:03:57,2025.03.08 4159956198 511.COOP ÜZLET           -ÉRINTŐ,Kimenő,VÁSÁRLÁS KÁRTYÁVAL,3Dye4gBbAdPQSto3WbqgkBu6lrj2,none,,026cb48d-974d-4695-a49b-beaae6e1c7dd,3,2025,5,True,1,False,False,10,8,31,3264.4239130434785,92,300327.0,70000.0,200.0,False,,,30.0,0.0,1504.9130434782608,23,0.0034928594498663122
750.0,Vendéglátás,2025-03-08 19:41:47,"2025.03.08 4159956198 KVASZ ADAM CSABA E.V     -ÉRINTŐ 1,880EUR    0,",Kimenő,VÁSÁRLÁS KÁRTYÁVAL,3Dye4gBbAdPQSto3WbqgkBu6lrj2,none,,e45f868e-af2d-41c2-9355-642ed318a67e,3,2025,5,True,1,False,False,10,8,31,3264.4239130434785,92,300327.0,70000.0,200.0,False,,,30.0,0.0,1297.25,40,0.0024972779670159526
4037.0,"Számlák, rezsi",2025-03-09 03:13:36,"2025.03.09 4159956198 Netflix.com 9,990EUR  404,0700",Kimenő,VÁSÁRLÁS KÁRTYÁVAL,3Dye4gBbAdPQSto3WbqgkBu6lrj2,none,,0518062f-a9a1-4d64-be26-15a56ca6f626,3,2025,6,True,1,False,False,10,9,31,3264.4239130434785,92,300327.0,70000.0,200.0,False,,,30.0,0.0,25517.2,5,0.013442014870457868
5499.0,Otthon,2025-03-09 18:26:03,2025.03.09 4159956198 MM WESTEND               -ÉRINTŐ,Kimenő,VÁSÁRLÁS KÁRTYÁVAL,3Dye4gBbAdPQSto3WbqgkBu6lrj2,none,,c5acf640-107b-4b5a-9c41-ea7f16f77f86,3,2025,6,True,1,False,False,10,9,31,3264.4239130434785,92,300327.0,70000.0,200.0,False,,,30.0,0.0,5499.0,1,0.018310042054160966
649.0,Vendéglátás,2025-03-09 18:37:25,2025.03.09 4159956198 TRIO Pizza Fornetti      -ÉRINTŐ,Kimenő,VÁSÁRLÁS KÁRTYÁVAL,3Dye4gBbAdPQSto3WbqgkBu6lrj2,none,,c4820cab-cbf4-4c59-a9cb-76b175cfb06b,3,2025,6,True,1,False,False,10,9,31,3264.4239130434785,92,300327.0,70000.0,200.0,False,,,30.0,0.0,1297.25,40,0.0021609778674578045
738.0,Bevásárlás,2025-03-10 12:39:10,2025.03.10 4159956198 TESCO 41420 ÖNKISZOLG    -ÉRINTŐ,Kimenő,VÁSÁRLÁS KÁRTYÁVAL,3Dye4gBbAdPQSto3WbqgkBu6lrj2,none,,7226596b-d789-4961-87a1-7b18b3de3048,3,2025,0,False,1,False,False,11,10,31,3264.4239130434785,92,300327.0,70000.0,200.0,False,,,30.0,0.0,1504.9130434782608,23,0.0024573215195436973
2561.0,Bevásárlás,2025-03-10 13:29:51,"2025.03.10 4159956198 Temu.com                 -GOOGLE 6,420EUR    0,",Kimenő,VÁSÁRLÁS KÁRTYÁVAL,3Dye4gBbAdPQSto3WbqgkBu6lrj2,none,,a8b9645d-2f87-4133-b0ef-8de7521adfe1,3,2025,0,False,1,False,False,11,10,31,3264.4239130434785,92,300327.0,70000.0,200.0,False,,,30.0,0.0,1504.9130434782608,23,0.008527371831370473
1540.0,Vendéglátás,2025-03-10 15:16:34,2025.03.10 4159956198 KFC SZEGED KÁRÁSZ        -ÉRINTŐ,Kimenő,VÁSÁRLÁS KÁRTYÁVAL,3Dye4gBbAdPQSto3WbqgkBu6lrj2,none,,b1576fef-49b4-49ab-a474-4889ce8f1e8d,3,2025,0,False,1,False,False,11,10,31,3264.4239130434785,92,300327.0,70000.0,200.0,False,,,30.0,0.0,1297.25,40,0.005127744092272756
650.0,Vendéglátás,2025-03-10 15:48:37,2025.03.10 4159956198 VANDA PÉKSÉG             -ÉRINTŐ,Kimenő,VÁSÁRLÁS KÁRTYÁVAL,3Dye4gBbAdPQSto3WbqgkBu6lrj2,none,,f5e0ce4c-de1e-422d-a4ea-098854f7f6ae,3,2025,0,False,1,False,False,11,10,31,3264.4239130434785,92,300327.0,70000.0,200.0,False,,,30.0,0.0,1297.25,40,0.0021643075714138254
15750.0,Nem kategorizált,2025-03-10 15:49:00,GIROKOZLEMENY,Bejövő,NAPKÖZBENI ÁTUTALÁS (CSOPORTOS),3Dye4gBbAdPQSto3WbqgkBu6lrj2,none,,8779c941-8717-4aea-a7fd-4a06c2e5a5b7,3,2025,0,False,1,False,False,11,10,31,3264.4239130434785,92,300327.0,70000.0,200.0,False,,,30.0,0.0,5275.0,4,0.052442837307335004
1980.0,Bevásárlás,2025-03-10 20:11:37,2025.03.10 4159956198 NEMZETI DOHÁNYBOLT       -ÉRINTŐ,Kimenő,VÁSÁRLÁS KÁRTYÁVAL,3Dye4gBbAdPQSto3WbqgkBu6lrj2,none,,b3fb449e-9e91-4e01-8462-29dc882db542,3,2025,0,False,1,False,False,11,10,31,3264.4239130434785,92,300327.0,70000.0,200.0,False,,,30.0,0.0,1504.9130434782608,23,0.006592813832922115
1373.0,Bevásárlás,2025-03-10 20:28:51,2025.03.10 4159956198 ALDI 122.SZ.             -ÉRINTŐ,Kimenő,VÁSÁRLÁS KÁRTYÁVAL,3Dye4gBbAdPQSto3WbqgkBu6lrj2,none,,cb535972-b651-48e9-ae0f-e3b1999a5ee1,3,2025,0,False,1,False,False,11,10,31,3264.4239130434785,92,300327.0,70000.0,200.0,False,,,30.0,0.0,1504.9130434782608,23,0.004571683531617204
3163.0,Szórakozás,2025-03-10 22:56:01,"2025.03.10 4159956198 WWW.WONDERGROUND.HU 7,930EUR    0,",Kimenő,VÁSÁRLÁS KÁRTYÁVAL,3Dye4gBbAdPQSto3WbqgkBu6lrj2,none,,3a5f5a3e-57b1-49f0-8150-860cce46e59b,3,2025,0,False,1,False,False,11,10,31,3264.4239130434785,92,300327.0,70000.0,200.0,False,,,30.0,0.0,3400.0,8,0.010531853612895277
850.0,Nem kategorizált,2025-03-11 09:10:31,20250311_f68e8be6-a2cf-3cfa-8f45-60a1f08b23e9,Bejövő,AZONNALI ÁTUTALÁS,3Dye4gBbAdPQSto3WbqgkBu6lrj2,none,,e1937306-013b-4ecb-8f3f-a4bd907b92b7,3,2025,1,False,1,False,False,11,11,31,3264.4239130434785,92,300327.0,70000.0,200.0,False,,,30.0,0.0,5275.0,4,0.0028302483626180797
389.0,Bevásárlás,2025-03-11 09:12:12,2025.03.11 4159956198 KÁROLYI ABC              -ÉRINTŐ,Kimenő,VÁSÁRLÁS KÁRTYÁVAL,3Dye4gBbAdPQSto3WbqgkBu6lrj2,none,,87143993-90aa-4681-81dd-76859bf4dc64,3,2025,1,False,1,False,False,11,11,31,3264.4239130434785,92,300327.0,70000.0,200.0,False,,,30.0,0.0,1504.9130434782608,23,0.001295254838892274
570.0,Vendéglátás,2025-03-11 13:29:55,2025.03.11 4159956198 Csiga PÚksÚg -Bem utca   -ÉRINTŐ,Kimenő,VÁSÁRLÁS KÁRTYÁVAL,3Dye4gBbAdPQSto3WbqgkBu6lrj2,none,,0e767021-d29d-421f-bfbb-bf5f98c929e7,3,2025,1,False,1,False,False,11,11,31,3264.4239130434785,92,300327.0,70000.0,200.0,False,,,30.0,0.0,1297.25,40,0.001897931254932124
949.0,Vendéglátás,2025-03-11 13:35:10,2025.03.11 4159956198 MAV SZEGED BUFE          -ÉRINTŐ,Kimenő,VÁSÁRLÁS KÁRTYÁVAL,3Dye4gBbAdPQSto3WbqgkBu6lrj2,none,,d8f8cfa3-4682-46ca-9392-08f68c38691d,3,2025,1,False,1,False,False,11,11,31,3264.4239130434785,92,300327.0,70000.0,200.0,False,,,30.0,0.0,1297.25,40,0.0031598890542641855
940.0,Közlekedés,2025-03-11 18:40:51,2025.03.11 4159956198 OTPMOBL*VIMPAY.MAV-STA,Kimenő,VÁSÁRLÁS KÁRTYÁVAL,3Dye4gBbAdPQSto3WbqgkBu6lrj2,none,,ef039049-f815-48f4-8b01-b80329a96624,3,2025,1,False,1,False,False,11,11,31,3264.4239130434785,92,300327.0,70000.0,200.0,False,,,30.0,0.0,998.4285714285714,7,0.003129921718659994
3600.0,Nem kategorizált,2025-03-12 10:49:00,Diákbér,Bejövő,AZONNALI ÁTUTALÁS,3Dye4gBbAdPQSto3WbqgkBu6lrj2,none,,0c1295d4-671d-4b28-b52c-d117a1fd9064,3,2025,2,False,1,False,False,11,12,31,3264.4239130434785,92,300327.0,70000.0,200.0,False,,,30.0,0.0,5275.0,4,0.011986934241676572
2600.0,Vendéglátás,2025-03-12 11:55:09,2025.03.12 4159956198 Dagoba                   -ÉRINTŐ,Kimenő,VÁSÁRLÁS KÁRTYÁVAL,3Dye4gBbAdPQSto3WbqgkBu6lrj2,none,,4ab05765-6158-458a-aad2-272e50f9d752,3,2025,2,False,1,False,False,11,12,31,3264.4239130434785,92,300327.0,70000.0,200.0,False,,,30.0,0.0,1297.25,40,0.008657230285655302
16000.0,Készpénz felvétel,2025-03-12 18:10:48,"2025.03.12 4159956198 Budapest,III.Római tér 1",Kimenő,KÉSZPÉNZFELVÉT ATM-BŐL,3Dye4gBbAdPQSto3WbqgkBu6lrj2,none,,a1b7dac4-0fc3-4861-a9cd-754e706bae49,3,2025,2,False,1,False,False,11,12,31,3264.4239130434785,92,300327.0,70000.0,200.0,False,,,30.0,0.0,16000.0,1,0.053275263296340324
7157.0,Bevásárlás,2025-03-12 19:43:20,2025.03.12 4159956198 AUCHAN SZENTENDREI UT    -ÉRINTŐ,Kimenő,VÁSÁRLÁS KÁRTYÁVAL,3Dye4gBbAdPQSto3WbqgkBu6lrj2,none,,a207eecc-4314-48c4-8690-159c5cafd5e7,3,2025,2,False,1,False,False,11,12,31,3264.4239130434785,92,300327.0,70000.0,200.0,False,,,30.0,0.0,1504.9130434782608,23,0.02383069121324423
200.0,Egyéb,2025-03-13 17:31:18,"2025.03.13 4159956198 AR CleanHome Hungary     -ÉRINTŐ 0,500EUR    0,",Kimenő,VÁSÁRLÁS KÁRTYÁVAL,3Dye4gBbAdPQSto3WbqgkBu6lrj2,none,,2e1e2676-b941-4d79-a7ae-402a6bc9ccc8,3,2025,3,False,1,False,False,11,13,31,3264.4239130434785,92,300327.0,70000.0,200.0,False,,,30.0,0.0,3150.0,3,0.000665940791204254
1920.0,Vendéglátás,2025-03-13 17:39:24,2025.03.14 4159956198 Fusion Befektetesi       -GOOGLE,Kimenő,VÁSÁRLÁS KÁRTYÁVAL,3Dye4gBbAdPQSto3WbqgkBu6lrj2,none,,b660be0a-050f-4eb7-94a1-04fa370f664c,3,2025,3,False,1,False,False,11,13,31,3264.4239130434785,92,300327.0,70000.0,200.0,False,,,30.0,0.0,1297.25,40,0.006393031595560839
1700.0,Vendéglátás,2025-03-14 12:08:04,2025.03.14 4159956198 BUDA DONNER              -ÉRINTŐ,Kimenő,VÁSÁRLÁS KÁRTYÁVAL,3Dye4gBbAdPQSto3WbqgkBu6lrj2,none,,107843c2-0206-4d53-a4e5-83272a3bb83e,3,2025,4,False,1,False,False,11,14,31,3264.4239130434785,92,300327.0,70000.0,200.0,False,,,30.0,0.0,1297.25,40,0.005660496725236159
300.0,Bevásárlás,2025-03-14 18:04:53,"2025.03.14 4159956198 Vendo Box Keleti pu.     -ÉRINTŐ 0,750EUR    0,",Kimenő,VÁSÁRLÁS KÁRTYÁVAL,3Dye4gBbAdPQSto3WbqgkBu6lrj2,none,,f4f6e114-a3c4-43e7-83db-9817213059d8,3,2025,4,False,1,False,False,11,14,31,3264.4239130434785,92,300327.0,70000.0,200.0,False,,,30.0,0.0,1504.9130434782608,23,0.000998911186806381
2000.0,Szórakozás,2025-03-15 19:31:29,2025.03.15 4159956198 HOKRISTALY 93. KKT.      -ÉRINTŐ,Kimenő,VÁSÁRLÁS KÁRTYÁVAL,3Dye4gBbAdPQSto3WbqgkBu6lrj2,none,,5ae9a177-4c7b-4c17-8d6c-27e358669de5,3,2025,5,True,1,False,False,11,15,31,3264.4239130434785,92,300327.0,70000.0,200.0,False,,,30.0,0.0,3400.0,8,0.0066594079120425404
1700.0,Szórakozás,2025-03-15 20:24:29,2025.03.15 4159956198 HOKRISTALY 93. KKT.      -ÉRINTŐ,Kimenő,VÁSÁRLÁS KÁRTYÁVAL,3Dye4gBbAdPQSto3WbqgkBu6lrj2,none,,fe500c11-a6af-4730-9d63-11ea0e18fca1,3,2025,5,True,1,False,False,11,15,31,3264.4239130434785,92,300327.0,70000.0,200.0,False,,,30.0,0.0,3400.0,8,0.005660496725236159
1900.0,Szórakozás,2025-03-15 20:51:56,2025.03.15 4159956198 HOKRISTALY 93. KKT.      -ÉRINTŐ,Kimenő,VÁSÁRLÁS KÁRTYÁVAL,3Dye4gBbAdPQSto3WbqgkBu6lrj2,none,,704d64d6-b925-4e7c-a75f-af2e9a802e8d,3,2025,5,True,1,False,False,11,15,31,3264.4239130434785,92,300327.0,70000.0,200.0,False,,,30.0,0.0,3400.0,8,0.006326437516440413
1900.0,Szórakozás,2025-03-15 22:21:45,2025.03.15 4159956198 HOKRISTALY 93. KKT.      -ÉRINTŐ,Kimenő,VÁSÁRLÁS KÁRTYÁVAL,3Dye4gBbAdPQSto3WbqgkBu6lrj2,none,,ff23fb39-8d1e-48a3-8543-e4b22407ebc5,3,2025,5,True,1,False,False,11,15,31,3264.4239130434785,92,300327.0,70000.0,200.0,False,,,30.0,0.0,3400.0,8,0.006326437516440413
1148.0,Vendéglátás,2025-03-17 10:11:07,2025.03.17 4159956198 TRIO Pizza Fornetti      -ÉRINTŐ,Kimenő,VÁSÁRLÁS KÁRTYÁVAL,3Dye4gBbAdPQSto3WbqgkBu6lrj2,none,,fa4f0d7e-c0de-4c1d-8874-65e125830051,3,2025,0,False,1,False,False,12,17,31,3264.4239130434785,92,300327.0,70000.0,200.0,False,,,30.0,0.0,1297.25,40,0.003822500141512418
940.0,Közlekedés,2025-03-17 10:14:03,2025.03.17 4159956198 OTPMOBL*VIMPAY.MAV-STA,Kimenő,VÁSÁRLÁS KÁRTYÁVAL,3Dye4gBbAdPQSto3WbqgkBu6lrj2,none,,9376f94b-d37e-4add-b86d-52688747412d,3,2025,0,False,1,False,False,12,17,31,3264.4239130434785,92,300327.0,70000.0,200.0,False,,,30.0,0.0,998.4285714285714,7,0.003129921718659994
360.0,Vendéglátás,2025-03-17 17:57:08,"2025.03.17 4159956198 NYX*AloisDallmayrAutom   -ÉRINTŐ 0,900EUR    0,",Kimenő,VÁSÁRLÁS KÁRTYÁVAL,3Dye4gBbAdPQSto3WbqgkBu6lrj2,none,,13ea6e80-c176-4935-aa13-22541694e34a,3,2025,0,False,1,False,False,12,17,31,3264.4239130434785,92,300327.0,70000.0,200.0,False,,,30.0,0.0,1297.25,40,0.0011986934241676572
1390.0,Vendéglátás,2025-03-17 20:14:03,2025.03.17 4159956198 DTK                      -ÉRINTŐ,Kimenő,VÁSÁRLÁS KÁRTYÁVAL,3Dye4gBbAdPQSto3WbqgkBu6lrj2,none,,6bf23182-0699-4d65-b6b4-dfb29f21c4ed,3,2025,0,False,1,False,False,12,17,31,3264.4239130434785,92,300327.0,70000.0,200.0,False,,,30.0,0.0,1297.25,40,0.004628288498869566
860.0,Vendéglátás,2025-03-17 20:48:43,2025.03.17 4159956198 DTK                      -ÉRINTŐ,Kimenő,VÁSÁRLÁS KÁRTYÁVAL,3Dye4gBbAdPQSto3WbqgkBu6lrj2,none,,7c8c2d39-67c8-4b48-b724-63a6861d1cbe,3,2025,0,False,1,False,False,12,17,31,3264.4239130434785,92,300327.0,70000.0,200.0,False,,,30.0,0.0,1297.25,40,0.0028635454021782923
400.0,Bevásárlás,2025-03-18 09:56:52,"2025.03.18 4159956198 Borcsok Karoly Jozsef    -ÉRINTŐ 1,000EUR    0,",Kimenő,VÁSÁRLÁS KÁRTYÁVAL,3Dye4gBbAdPQSto3WbqgkBu6lrj2,none,,45c3e555-c963-4259-a9dd-bf93f6bfba02,3,2025,1,False,1,False,False,12,18,31,3264.4239130434785,92,300327.0,70000.0,200.0,False,,,30.0,0.0,1504.9130434782608,23,0.001331881582408508
1500.0,Vendéglátás,2025-03-18 11:55:20,2025.03.18 4159956198 SZOTE  telbąr Kft.       -ÉRINTŐ,Kimenő,VÁSÁRLÁS KÁRTYÁVAL,3Dye4gBbAdPQSto3WbqgkBu6lrj2,none,,8083096b-c32a-411d-b3ea-c1033dee775e,3,2025,1,False,1,False,False,12,18,31,3264.4239130434785,92,300327.0,70000.0,200.0,False,,,30.0,0.0,1297.25,40,0.004994555934031905
940.0,Közlekedés,2025-03-18 18:35:20,2025.03.18 4159956198 OTPMOBL*VIMPAY.MAV-STA,Kimenő,VÁSÁRLÁS KÁRTYÁVAL,3Dye4gBbAdPQSto3WbqgkBu6lrj2,none,,e40c24ab-a327-40e6-ae99-9e468fe8dfba,3,2025,1,False,1,False,False,12,18,31,3264.4239130434785,92,300327.0,70000.0,200.0,False,,,30.0,0.0,998.4285714285714,7,0.003129921718659994
2600.0,Vendéglátás,2025-03-19 12:07:15,2025.03.19 4159956198 Dagoba                   -ÉRINTŐ,Kimenő,VÁSÁRLÁS KÁRTYÁVAL,3Dye4gBbAdPQSto3WbqgkBu6lrj2,none,,8665226e-26e4-45db-905f-dd6b058732ce,3,2025,2,False,1,False,False,12,19,31,3264.4239130434785,92,300327.0,70000.0,200.0,False,,,30.0,0.0,1297.25,40,0.008657230285655302
3124.0,Bevásárlás,2025-03-19 18:21:49,2025.03.19 4159956198 CBA  PR°MA ÉLELMISZE     -ÉRINTŐ,Kimenő,VÁSÁRLÁS KÁRTYÁVAL,3Dye4gBbAdPQSto3WbqgkBu6lrj2,none,,56388451-d3f7-4b09-bd78-1fd77e4826f6,3,2025,2,False,1,False,False,12,19,31,3264.4239130434785,92,300327.0,70000.0,200.0,False,,,30.0,0.0,1504.9130434782608,23,0.010401995158610448
1544.0,Bevásárlás,2025-03-20 18:43:33,2025.03.20 4159956198 CBA  PR°MA ÉLELMISZE     -ÉRINTŐ,Kimenő,VÁSÁRLÁS KÁRTYÁVAL,3Dye4gBbAdPQSto3WbqgkBu6lrj2,none,,e6474469-af8a-4281-b259-261fff2a01f4,3,2025,3,False,1,False,False,12,20,31,3264.4239130434785,92,300327.0,70000.0,200.0,False,,,30.0,0.0,1504.9130434782608,23,0.005141062908096841
2350.0,Vendéglátás,2025-03-21 12:17:33,2025.03.21 4159956198 BUDA DONNER,Kimenő,VÁSÁRLÁS KÁRTYÁVAL,3Dye4gBbAdPQSto3WbqgkBu6lrj2,none,,6b5df446-e81d-4710-a655-89612ff0504f,3,2025,4,False,1,False,False,12,21,31,3264.4239130434785,92,300327.0,70000.0,200.0,False,,,30.0,0.0,1297.25,40,0.007824804296649985
649.0,Vendéglátás,2025-03-21 18:44:37,2025.03.21 4159956198 TRIO Pizza Fornetti      -ÉRINTŐ,Kimenő,VÁSÁRLÁS KÁRTYÁVAL,3Dye4gBbAdPQSto3WbqgkBu6lrj2,none,,49239119-7d7e-4bba-8b2d-9ae1c59471bc,3,2025,4,False,1,False,False,12,21,31,3264.4239130434785,92,300327.0,70000.0,200.0,False,,,30.0,0.0,1297.25,40,0.0021609778674578045
2780.0,Vendéglátás,2025-03-22 10:51:50,2025.03.23 4159956198 Fusion Befektetesi       -GOOGLE,Kimenő,VÁSÁRLÁS KÁRTYÁVAL,3Dye4gBbAdPQSto3WbqgkBu6lrj2,none,,f6154d93-b23d-4b47-99a1-9b978271d507,3,2025,5,True,1,False,False,12,22,31,3264.4239130434785,92,300327.0,70000.0,200.0,False,,,30.0,0.0,1297.25,40,0.009256576997739132
1890.0,Közlekedés,2025-03-23 20:28:33,2025.03.23 4159956198 OTPMOBL*VIMPAY.MAV-STA,Kimenő,VÁSÁRLÁS KÁRTYÁVAL,3Dye4gBbAdPQSto3WbqgkBu6lrj2,none,,2d859e48-ead8-43ab-a400-e3c22d9a65ea,3,2025,6,True,1,False,False,12,23,31,3264.4239130434785,92,300327.0,70000.0,200.0,False,,,30.0,0.0,998.4285714285714,7,0.0062931404768802
7965.0,"Számlák, rezsi",2025-03-24 06:52:02,2025.03.24 4159956198 OTPMOBL*one,Kimenő,VÁSÁRLÁS KÁRTYÁVAL,3Dye4gBbAdPQSto3WbqgkBu6lrj2,none,,0be033c3-74fd-4233-8d92-cbe96c7e2552,3,2025,0,False,1,False,False,13,24,31,3264.4239130434785,92,300327.0,70000.0,200.0,False,,,30.0,0.0,25517.2,5,0.026521092009709417
399.0,Közlekedés,2025-03-24 07:23:06,2025.03.24 4159956198 BÉKÉSCSABA MÁV           -ÉRINTŐ,Kimenő,VÁSÁRLÁS KÁRTYÁVAL,3Dye4gBbAdPQSto3WbqgkBu6lrj2,none,,5bc55ed1-30e2-400b-94d4-11c4ad88f3a3,3,2025,0,False,1,False,False,13,24,31,3264.4239130434785,92,300327.0,70000.0,200.0,False,,,30.0,0.0,998.4285714285714,7,0.0013285518784524868
420.0,Vendéglátás,2025-03-24 07:26:20,2025.03.24 4159956198 LEGENDA BUFE             -ÉRINTŐ,Kimenő,VÁSÁRLÁS KÁRTYÁVAL,3Dye4gBbAdPQSto3WbqgkBu6lrj2,none,,95ada08b-ddac-4b53-bfdb-6134c736b30f,3,2025,0,False,1,False,False,13,24,31,3264.4239130434785,92,300327.0,70000.0,200.0,False,,,30.0,0.0,1297.25,40,0.0013984756615289336
380.0,Vendéglátás,2025-03-24 15:46:14,2025.03.24 4159956198 F LEGYH ZI P KS G 71     -ÉRINTŐ,Kimenő,VÁSÁRLÁS KÁRTYÁVAL,3Dye4gBbAdPQSto3WbqgkBu6lrj2,none,,19232844-3a81-4bdd-89d5-0c0f0f35d3e9,3,2025,0,False,1,False,False,13,24,31,3264.4239130434785,92,300327.0,70000.0,200.0,False,,,30.0,0.0,1297.25,40,0.0012652875032880826
7799.0,Szórakozás,2025-03-24 17:04:14,2025.03.24 4159956198 OTPMOBL*JEGY.ROCK1.HU,Kimenő,VÁSÁRLÁS KÁRTYÁVAL,3Dye4gBbAdPQSto3WbqgkBu6lrj2,none,,d65ac7e7-de63-49d4-82ab-3e4324d8a851,3,2025,0,False,1,False,False,13,24,31,3264.4239130434785,92,300327.0,70000.0,200.0,False,,,30.0,0.0,3400.0,8,0.025968361153009885
570.0,Vendéglátás,2025-03-24 17:35:52,2025.03.24 4159956198 Csiga PÚksÚg -Bem utca   -ÉRINTŐ,Kimenő,VÁSÁRLÁS KÁRTYÁVAL,3Dye4gBbAdPQSto3WbqgkBu6lrj2,none,,40c87250-55f9-4d35-972f-59c53babbba2,3,2025,0,False,1,False,False,13,24,31,3264.4239130434785,92,300327.0,70000.0,200.0,False,,,30.0,0.0,1297.25,40,0.001897931254932124
1398.0,Bevásárlás,2025-03-24 17:39:24,2025.03.24 4159956198 NEMZETI DOHÁNYBOLT       -ÉRINTŐ,Kimenő,VÁSÁRLÁS KÁRTYÁVAL,3Dye4gBbAdPQSto3WbqgkBu6lrj2,none,,a0b1ac02-d177-4a22-8380-c74fedc1458e,3,2025,0,False,1,False,False,13,24,31,3264.4239130434785,92,300327.0,70000.0,200.0,False,,,30.0,0.0,1504.9130434782608,23,0.004654926130517736
1500.0,"Számlák, rezsi",2025-03-24 18:46:10,"2025.03.24 4159956198 SQUARETRADE EUROPE 3,760EUR    0,",Kimenő,VÁSÁRLÁS KÁRTYÁVAL,3Dye4gBbAdPQSto3WbqgkBu6lrj2,none,,eadefc71-6ea0-4559-ab3f-3745cf4137f1,3,2025,0,False,1,False,False,13,24,31,3264.4239130434785,92,300327.0,70000.0,200.0,False,,,30.0,0.0,25517.2,5,0.004994555934031905
1028.0,Bevásárlás,2025-03-25 12:25:03,2025.03.25 4159956198 KÁROLYI ABC              -ÉRINTŐ,Kimenő,VÁSÁRLÁS KÁRTYÁVAL,3Dye4gBbAdPQSto3WbqgkBu6lrj2,none,,710e767a-e8d2-465f-aab0-289cf6f2b9d0,3,2025,1,False,1,False,False,13,25,31,3264.4239130434785,92,300327.0,70000.0,200.0,False,,,30.0,0.0,1504.9130434782608,23,0.0034229356667898657
44084.0,"Számlák, rezsi",2025-03-25 13:59:42,2025.03.25 4159956198 OTPMOBL*allianz,Kimenő,VÁSÁRLÁS KÁRTYÁVAL,3Dye4gBbAdPQSto3WbqgkBu6lrj2,none,,69b84e82-a245-45f1-8d1e-f5c24aa437be,3,2025,1,False,1,False,False,13,25,31,3264.4239130434785,92,300327.0,70000.0,200.0,False,,,30.0,0.0,25517.2,5,0.13806386351302935
738.0,Bevásárlás,2025-03-25 16:38:01,2025.03.25 4159956198 NEMZETI DOHÁNYBOLT       -ÉRINTŐ,Kimenő,VÁSÁRLÁS KÁRTYÁVAL,3Dye4gBbAdPQSto3WbqgkBu6lrj2,none,,25b7d350-db0e-45bf-be59-19438cf1e7b0,3,2025,1,False,1,False,False,13,25,31,3264.4239130434785,92,300327.0,70000.0,200.0,False,,,30.0,0.0,1504.9130434782608,23,0.0024573215195436973
940.0,Közlekedés,2025-03-25 18:33:12,2025.03.25 4159956198 OTPMOBL*VIMPAY.MAV-STA,Kimenő,VÁSÁRLÁS KÁRTYÁVAL,3Dye4gBbAdPQSto3WbqgkBu6lrj2,none,,fcefe472-b63f-4142-8aad-2afea6d0db50,3,2025,1,False,1,False,False,13,25,31,3264.4239130434785,92,300327.0,70000.0,200.0,False,,,30.0,0.0,998.4285714285714,7,0.003129921718659994
2500.0,Vendéglátás,2025-03-26 12:05:51,2025.03.26 4159956198 Dagoba                   -ÉRINTŐ,Kimenő,VÁSÁRLÁS KÁRTYÁVAL,3Dye4gBbAdPQSto3WbqgkBu6lrj2,none,,92d9b3a2-7482-4899-b646-cf72b55d9caa,3,2025,2,False,1,False,True,13,26,31,3264.4239130434785,92,300327.0,70000.0,200.0,False,,,30.0,0.0,1297.25,40,0.008324259890053176
2612.0,Bevásárlás,2025-03-26 19:54:34,2025.03.26 4159956198 AUCHAN SZENTENDREI UT    -ÉRINTŐ,Kimenő,VÁSÁRLÁS KÁRTYÁVAL,3Dye4gBbAdPQSto3WbqgkBu6lrj2,none,,b5ba8637-8e7a-4660-a886-d957249a57f8,3,2025,2,False,1,False,True,13,26,31,3264.4239130434785,92,300327.0,70000.0,200.0,False,,,30.0,0.0,1504.9130434782608,23,0.008697186733127558
1890.0,Vendéglátás,2025-03-27 11:59:29,2025.03.28 4159956198 Fusion Befektetesi       -GOOGLE,Kimenő,VÁSÁRLÁS KÁRTYÁVAL,3Dye4gBbAdPQSto3WbqgkBu6lrj2,none,,0fc79c83-f3cc-4c96-8201-01a4117b6cdb,3,2025,3,False,1,False,True,13,27,31,3264.4239130434785,92,300327.0,70000.0,200.0,False,,,30.0,0.0,1297.25,40,0.0062931404768802
649.0,Vendéglátás,2025-03-27 17:33:02,2025.03.27 4159956198 TRIO Pizza Fornetti      -ÉRINTŐ,Kimenő,VÁSÁRLÁS KÁRTYÁVAL,3Dye4gBbAdPQSto3WbqgkBu6lrj2,none,,f930b49d-cf09-4e80-9e91-0a38686ad3b3,3,2025,3,False,1,False,True,13,27,31,3264.4239130434785,92,300327.0,70000.0,200.0,False,,,30.0,0.0,1297.25,40,0.0021609778674578045
2150.0,Vendéglátás,2025-03-28 12:05:56,2025.03.28 4159956198 BUDA DONNER              -ÉRINTŐ,Kimenő,VÁSÁRLÁS KÁRTYÁVAL,3Dye4gBbAdPQSto3WbqgkBu6lrj2,none,,f90b3ecb-644d-46cb-953b-daa96d74e644,3,2025,4,False,1,False,True,13,28,31,3264.4239130434785,92,300327.0,70000.0,200.0,False,,,30.0,0.0,1297.25,40,0.007158863505445731
300.0,Bevásárlás,2025-03-28 14:42:27,"2025.03.28 4159956198 Vendo Box Keleti pu.     -ÉRINTŐ 0,750EUR    0,",Kimenő,VÁSÁRLÁS KÁRTYÁVAL,3Dye4gBbAdPQSto3WbqgkBu6lrj2,none,,c5a8c0d1-b4c1-4bef-8b3f-5b75bf5e8514,3,2025,4,False,1,False,True,13,28,31,3264.4239130434785,92,300327.0,70000.0,200.0,False,,,30.0,0.0,1504.9130434782608,23,0.000998911186806381
300.0,Bevásárlás,2025-03-28 14:43:38,"2025.03.28 4159956198 Vendo Box Keleti pu.     -ÉRINTŐ 0,750EUR    0,",Kimenő,VÁSÁRLÁS KÁRTYÁVAL,3Dye4gBbAdPQSto3WbqgkBu6lrj2,none,,405b4609-e9a2-47e3-9b52-00793ad0cd41,3,2025,4,False,1,False,True,13,28,31,3264.4239130434785,92,300327.0,70000.0,200.0,False,,,30.0,0.0,1504.9130434782608,23,0.000998911186806381
1600.0,Vendéglátás,2025-03-28 20:14:41,"2025.03.28 4159956198 KVASZ ADAM CSABA E.V     -ÉRINTŐ 3,970EUR    0,",Kimenő,VÁSÁRLÁS KÁRTYÁVAL,3Dye4gBbAdPQSto3WbqgkBu6lrj2,none,,9b476b5e-6d6c-4357-9d90-427893796941,3,2025,4,False,1,False,True,13,28,31,3264.4239130434785,92,300327.0,70000.0,200.0,False,,,30.0,0.0,1297.25,40,0.005327526329634032
1197.0,Bevásárlás,2025-03-30 14:16:54,2025.03.30 4159956198 PENNY 9550300188         -ÉRINTŐ,Kimenő,VÁSÁRLÁS KÁRTYÁVAL,3Dye4gBbAdPQSto3WbqgkBu6lrj2,none,,415468a0-b653-493c-b505-3045383bca90,3,2025,6,True,1,False,True,13,30,31,3264.4239130434785,92,300327.0,70000.0,200.0,False,,,30.0,0.0,1504.9130434782608,23,0.0039856556353574605
2600.0,Bevásárlás,2025-03-31 17:39:58,2025.03.31 4159956198 TEDi-HU 3145             -ÉRINTŐ,Kimenő,VÁSÁRLÁS KÁRTYÁVAL,3Dye4gBbAdPQSto3WbqgkBu6lrj2,none,,b9f7be25-498a-4ab1-824a-3f869a996fa8,3,2025,0,False,1,False,True,14,31,31,3264.4239130434785,92,300327.0,70000.0,200.0,False,,,30.0,0.0,1504.9130434782608,23,0.008657230285655302
1090.0,Vendéglátás,2025-03-31 17:49:43,2025.03.31 4159956198 KFC SZEGED SUNSHINE PA   -ÉRINTŐ,Kimenő,VÁSÁRLÁS KÁRTYÁVAL,3Dye4gBbAdPQSto3WbqgkBu6lrj2,none,,00b651ae-916f-449d-a2b5-a0f57d0b61f7,3,2025,0,False,1,False,True,14,31,31,3264.4239130434785,92,300327.0,70000.0,200.0,False,,,30.0,0.0,1297.25,40,0.0036293773120631844
1320.0,Vendéglátás,2025-03-31 19:35:44,2025.03.31 4159956198 BURGER KING SZEGED ÁR    -ÉRINTŐ,Kimenő,VÁSÁRLÁS KÁRTYÁVAL,3Dye4gBbAdPQSto3WbqgkBu6lrj2,none,,f1dc7691-67e6-4a9f-bba0-c3d16714cd10,3,2025,0,False,1,False,True,14,31,31,3264.4239130434785,92,300327.0,70000.0,200.0,False,,,30.0,0.0,1297.25,40,0.004395209221948077
958.0,Bevásárlás,2025-03-31 20:11:56,2025.03.31 4159956198 KÁROLYI ABC              -ÉRINTŐ,Kimenő,VÁSÁRLÁS KÁRTYÁVAL,3Dye4gBbAdPQSto3WbqgkBu6lrj2,none,,f6b07f5d-5903-4880-9bb7-c516c2085f92,3,2025,0,False,1,False,True,14,31,31,3264.4239130434785,92,300327.0,70000.0,200.0,False,,,30.0,0.0,1504.9130434782608,23,0.0031898563898683768
350.0,Egyéb,2025-04-01 07:21:00,,Kimenő,ESETI MEGBÍZÁSOK KÖLTSÉGE,3Dye4gBbAdPQSto3WbqgkBu6lrj2,none,,d3208b6b-3fe1-4687-b872-ca5a8261844c,4,2025,1,False,2,True,False,14,1,30,5835.543209876543,81,472679.0,211400.0,333.0,False,,,30.0,0.0,818.25,4,0.000740460227765566
70000.0,"Számlák, rezsi",2025-04-01 07:21:38,Varga Bence - áprilisi lakbé r,Kimenő,AZONNALI ÁTUTALÁS,3Dye4gBbAdPQSto3WbqgkBu6lrj2,none,,93aa3cab-f8f6-4c89-a6ad-8b29bcbd314d,4,2025,1,False,2,True,False,14,1,30,5835.543209876543,81,472679.0,211400.0,333.0,False,,,30.0,0.0,23568.0,4,0.13806386351302935
400.0,Nem kategorizált,2025-04-01 09:46:06,20250401_4a07ebe4-01ff-3de7-b949-a9c73d9e025e,Bejövő,AZONNALI ÁTUTALÁS,3Dye4gBbAdPQSto3WbqgkBu6lrj2,none,,c97750be-7e0d-4006-81f5-c7577d91b8e3,4,2025,1,False,2,True,False,14,1,30,5835.543209876543,81,472679.0,211400.0,333.0,False,,,30.0,0.0,45784.783672595375,4,0.0008462402603035041
1699.0,Szórakozás,2025-04-01 10:00:55,2025.04.01 4159956198 FÓKUSZ KÖNYVÁRUHÁZ       -ÉRINTŐ,Kimenő,VÁSÁRLÁS KÁRTYÁVAL,3Dye4gBbAdPQSto3WbqgkBu6lrj2,none,,5392bec1-d73c-4788-a30c-f5905e112bc2,4,2025,1,False,2,True,False,14,1,30,5835.543209876543,81,472679.0,211400.0,333.0,False,,,30.0,0.0,4741.8,10,0.0035944055056391336
6000.0,Nem kategorizált,2025-04-01 18:13:21,,Bejövő,AZONNALI ÁTUTALÁS,3Dye4gBbAdPQSto3WbqgkBu6lrj2,none,,88284eb0-e5d1-489e-8ebb-5910e9f0874c,4,2025,1,False,2,True,False,14,1,30,5835.543209876543,81,472679.0,211400.0,333.0,False,,,30.0,0.0,45784.783672595375,4,0.01269360390455256
570.0,Vendéglátás,2025-04-01 18:21:20,2025.04.01 4159956198 Csiga PÚksÚg -Bem utca   -ÉRINTŐ,Kimenő,VÁSÁRLÁS KÁRTYÁVAL,3Dye4gBbAdPQSto3WbqgkBu6lrj2,none,,aa50a82b-a27a-4a83-b708-6167b4118f51,4,2025,1,False,2,True,False,14,1,30,5835.543209876543,81,472679.0,211400.0,333.0,False,,,30.0,0.0,1276.1612903225807,31,0.0012058923709324933
940.0,Közlekedés,2025-04-01 18:24:39,2025.04.01 4159956198 OTPMOBL*VIMPAY.MAV-STA,Kimenő,VÁSÁRLÁS KÁRTYÁVAL,3Dye4gBbAdPQSto3WbqgkBu6lrj2,none,,305a1c65-b8c8-40f3-9512-cf39b43174ae,4,2025,1,False,2,True,False,14,1,30,5835.543209876543,81,472679.0,211400.0,333.0,False,,,30.0,0.0,1509.6,10,0.0019886646117132346
2190.0,Vendéglátás,2025-04-02 11:56:12,2025.04.02 4159956198 BESZEDA ÉS FIAI          -ÉRINTŐ,Kimenő,VÁSÁRLÁS KÁRTYÁVAL,3Dye4gBbAdPQSto3WbqgkBu6lrj2,none,,bbf1ed50-7321-4ef3-b20e-b74a1c65cad4,4,2025,2,False,2,True,False,14,2,30,5835.543209876543,81,472679.0,211400.0,333.0,False,,,30.0,0.0,1276.1612903225807,31,0.004633165425161684
1946.0,Bevásárlás,2025-04-02 19:04:49,2025.04.02 4159956198 AUCHAN SZENTENDREI UT    -GOOGLE,Kimenő,VÁSÁRLÁS KÁRTYÁVAL,3Dye4gBbAdPQSto3WbqgkBu6lrj2,none,,a92c53e2-dfcb-4349-aa9e-5b951b9303ee,4,2025,2,False,2,True,False,14,2,30,5835.543209876543,81,472679.0,211400.0,333.0,False,,,30.0,0.0,2102.733333333333,15,0.004116958866376547
649.0,Vendéglátás,2025-04-03 18:43:36,2025.04.03 4159956198 TRIO Pizza Fornetti      -GOOGLE,Kimenő,VÁSÁRLÁS KÁRTYÁVAL,3Dye4gBbAdPQSto3WbqgkBu6lrj2,none,,cd41ea3b-79b6-45cd-b996-f50d23af64d4,4,2025,3,False,2,True,False,14,3,30,5835.543209876543,81,472679.0,211400.0,333.0,False,,,30.0,0.0,1276.1612903225807,31,0.0013730248223424353
1650.0,Vendéglátás,2025-04-04 13:14:38,2025.04.04 4159956198 TRÓJA ÉTELBÁR            -ÉRINTŐ,Kimenő,VÁSÁRLÁS KÁRTYÁVAL,3Dye4gBbAdPQSto3WbqgkBu6lrj2,none,,6e30aaed-0448-468c-b0e7-04e669a8aaf5,4,2025,4,False,2,True,False,14,4,30,5835.543209876543,81,472679.0,211400.0,333.0,False,,,30.0,0.0,1276.1612903225807,31,0.003490741073751954
349.0,Bevásárlás,2025-04-04 13:33:46,2025.04.04 4159956198 KÁROLYI ABC              -ÉRINTŐ,Kimenő,VÁSÁRLÁS KÁRTYÁVAL,3Dye4gBbAdPQSto3WbqgkBu6lrj2,none,,11c3e10d-cf2d-44b5-b081-f66fe5fabcb8,4,2025,4,False,2,True,False,14,4,30,5835.543209876543,81,472679.0,211400.0,333.0,False,,,30.0,0.0,2102.733333333333,15,0.0007383446271148073
399.0,Közlekedés,2025-04-06 16:32:34,2025.04.06 4159956198 BÉKÉSCSABA MÁV           -ÉRINTŐ,Kimenő,VÁSÁRLÁS KÁRTYÁVAL,3Dye4gBbAdPQSto3WbqgkBu6lrj2,none,,1b2e1017-e426-4a7e-a1d9-78d9e6553379,4,2025,6,True,2,False,False,14,6,30,5835.543209876543,81,472679.0,211400.0,333.0,False,,,30.0,0.0,1509.6,10,0.0008441246596527453
1499.0,Bevásárlás,2025-04-07 10:11:27,2025.04.07 4159956198 TESCO 41420 ÖNKISZOLG    -ÉRINTŐ,Kimenő,VÁSÁRLÁS KÁRTYÁVAL,3Dye4gBbAdPQSto3WbqgkBu6lrj2,none,,4055c529-a3cc-4e89-9f8f-1db56b73a49a,4,2025,0,False,2,False,False,15,7,30,5835.543209876543,81,472679.0,211400.0,333.0,False,,,30.0,0.0,2102.733333333333,15,0.0031712853754873815
4600.0,Szórakozás,2025-04-07 13:08:47,2025.04.07 4159956198 CINEMA CITY SZEGED       -ÉRINTŐ,Kimenő,VÁSÁRLÁS KÁRTYÁVAL,3Dye4gBbAdPQSto3WbqgkBu6lrj2,none,,eb2cf588-27c4-41a2-a8de-b2010e11c799,4,2025,0,False,2,False,False,15,7,30,5835.543209876543,81,472679.0,211400.0,333.0,False,,,30.0,0.0,4741.8,10,0.009731762993490297
1600.0,Vendéglátás,2025-04-07 13:27:33,2025.04.07 4159956198 B CINEMA CITY SZEGED     -ÉRINTŐ,Kimenő,VÁSÁRLÁS KÁRTYÁVAL,3Dye4gBbAdPQSto3WbqgkBu6lrj2,none,,3f5191fc-104b-4cc2-ac38-962e51a8f644,4,2025,0,False,2,False,False,15,7,30,5835.543209876543,81,472679.0,211400.0,333.0,False,,,30.0,0.0,1276.1612903225807,31,0.0033849610412140163
890.0,Bevásárlás,2025-04-08 07:39:25,2025.04.08 4159956198 CBA  PR°MA ÉLELMISZE     -ÉRINTŐ,Kimenő,VÁSÁRLÁS KÁRTYÁVAL,3Dye4gBbAdPQSto3WbqgkBu6lrj2,none,,95c64ca7-35a3-4398-af1f-421414ad015d,4,2025,1,False,2,False,False,15,8,30,5835.543209876543,81,472679.0,211400.0,333.0,False,,,30.0,0.0,2102.733333333333,15,0.0018828845791752965
4132.0,"Számlák, rezsi",2025-04-09 05:14:30,"2025.04.09 4159956198 Netflix.com 9,990EUR  413,6200",Kimenő,VÁSÁRLÁS KÁRTYÁVAL,3Dye4gBbAdPQSto3WbqgkBu6lrj2,none,,deb08bc9-9a8d-4239-90ea-849fd169739d,4,2025,2,False,2,False,False,15,9,30,5835.543209876543,81,472679.0,211400.0,333.0,False,,,30.0,0.0,23568.0,4,0.008741661888935198
2190.0,Vendéglátás,2025-04-09 11:58:22,2025.04.09 4159956198 BESZEDA ÉS FIAI          -ÉRINTŐ,Kimenő,VÁSÁRLÁS KÁRTYÁVAL,3Dye4gBbAdPQSto3WbqgkBu6lrj2,none,,024cb7a3-6a8d-45eb-8f0e-a217acb0d946,4,2025,2,False,2,False,False,15,9,30,5835.543209876543,81,472679.0,211400.0,333.0,False,,,30.0,0.0,1276.1612903225807,31,0.004633165425161684
1990.0,Vendéglátás,2025-04-09 18:14:27,2025.04.10 4159956198 Fusion Befektetesi       -GOOGLE,Kimenő,VÁSÁRLÁS KÁRTYÁVAL,3Dye4gBbAdPQSto3WbqgkBu6lrj2,none,,db8d74e9-4148-4ebd-9854-5b11fc48a731,4,2025,2,False,2,False,False,15,9,30,5835.543209876543,81,472679.0,211400.0,333.0,False,,,30.0,0.0,1276.1612903225807,31,0.004210045295009933
1980.0,Bevásárlás,2025-04-10 11:48:12,2025.04.10 4159956198 NEMZETI DOHÁNYBOLT       -ÉRINTŐ,Kimenő,VÁSÁRLÁS KÁRTYÁVAL,3Dye4gBbAdPQSto3WbqgkBu6lrj2,none,,4c1db3c7-603b-4d20-991b-5461da8df5e6,4,2025,3,False,2,False,False,15,10,30,5835.543209876543,81,472679.0,211400.0,333.0,False,,,30.0,0.0,2102.733333333333,15,0.004188889288502345
15750.0,Nem kategorizált,2025-04-10 12:49:00,GIROKOZLEMENY,Bejövő,NAPKÖZBENI ÁTUTALÁS (CSOPORTOS),3Dye4gBbAdPQSto3WbqgkBu6lrj2,none,,8e6d885a-2492-4f07-9193-0accefdb9943,4,2025,3,False,2,False,False,15,10,30,5835.543209876543,81,472679.0,211400.0,333.0,False,,,30.0,0.0,45784.783672595375,4,0.03332071024945047
1065.0,Vendéglátás,2025-04-10 14:18:36,"2025.04.10 4159956198 Legenda Bufe             -GOOGLE 2,610EUR    0,",Kimenő,VÁSÁRLÁS KÁRTYÁVAL,3Dye4gBbAdPQSto3WbqgkBu6lrj2,none,,34a8ff50-8a26-4dad-bee3-a0d3d27fe1cd,4,2025,3,False,2,False,False,15,10,30,5835.543209876543,81,472679.0,211400.0,333.0,False,,,30.0,0.0,1276.1612903225807,31,0.0022531146930580797
211400.0,Nem kategorizált,2025-04-10 14:47:00,Munkabér utalás,Bejövő,NAPKÖZBENI ÁTUTALÁS (CSOPORTOS),3Dye4gBbAdPQSto3WbqgkBu6lrj2,none,,dc220fab-a40b-44b5-adc4-91b274468823,4,2025,3,False,2,False,False,15,10,30,5835.543209876543,81,472679.0,211400.0,333.0,False,,,30.0,0.0,45784.783672595375,4,0.13806386351302935
18640.0,"Számlák, rezsi",2025-04-10 19:07:37,2025.04.10 4159956198 OTPMOBL*NEPTUN.U-SZEGE,Kimenő,VÁSÁRLÁS KÁRTYÁVAL,3Dye4gBbAdPQSto3WbqgkBu6lrj2,none,,42b2914d-38e6-4a40-8d60-b9ff3c1e9d28,4,2025,3,False,2,False,False,15,10,30,5835.543209876543,81,472679.0,211400.0,333.0,False,,,30.0,0.0,23568.0,4,0.039434796130143286
25169.0,Szórakozás,2025-04-10 19:11:52,"2025.04.10 4159956198 WWW.BIKEWEEKSIROK.HU 61,620EUR    0,",Kimenő,VÁSÁRLÁS KÁRTYÁVAL,3Dye4gBbAdPQSto3WbqgkBu6lrj2,none,,b43f67b8-9667-42d3-965a-12b04d92e0be,4,2025,3,False,2,False,False,15,10,30,5835.543209876543,81,472679.0,211400.0,333.0,False,,,30.0,0.0,4741.8,10,0.05324755277894724
7063.0,Bevásárlás,2025-04-11 16:26:37,2025.04.11 4159956198 TESCO 41026 ÖNKISZOLG    -ÉRINTŐ,Kimenő,VÁSÁRLÁS KÁRTYÁVAL,3Dye4gBbAdPQSto3WbqgkBu6lrj2,none,,2be491f1-900a-4823-9a38-5cec7b8f09a8,4,2025,4,False,2,False,False,15,11,30,5835.543209876543,81,472679.0,211400.0,333.0,False,,,30.0,0.0,2102.733333333333,15,0.014942487396309123
350.0,Bevásárlás,2025-04-11 16:30:18,"2025.04.11 4159956198 NYX*HELLAUTOMATAUeZEME   -ÉRINTŐ 0,860EUR    0,",Kimenő,VÁSÁRLÁS KÁRTYÁVAL,3Dye4gBbAdPQSto3WbqgkBu6lrj2,none,,0b481d58-4ec7-4c5c-8e4d-901726e06ed6,4,2025,4,False,2,False,False,15,11,30,5835.543209876543,81,472679.0,211400.0,333.0,False,,,30.0,0.0,2102.733333333333,15,0.000740460227765566
1378.0,"Egészség, szépség",2025-04-11 16:42:45,2025.04.11 4159956198 DM 216 GYULA             -ÉRINTŐ,Kimenő,VÁSÁRLÁS KÁRTYÁVAL,3Dye4gBbAdPQSto3WbqgkBu6lrj2,none,,2c7d44da-ff79-4b98-806c-1a5b18316f15,4,2025,4,False,2,False,False,15,11,30,5835.543209876543,81,472679.0,211400.0,333.0,False,,,30.0,0.0,1378.0,1,0.0029152976967455717
415.0,Közlekedés,2025-04-12 11:56:30,2025.04.12 4159956198 BÉKÉSCSABA MÁV           -ÉRINTŐ,Kimenő,VÁSÁRLÁS KÁRTYÁVAL,3Dye4gBbAdPQSto3WbqgkBu6lrj2,none,,5a88988a-24af-42bc-b75a-8e3e857ac10d,4,2025,5,True,2,False,False,15,12,30,5835.543209876543,81,472679.0,211400.0,333.0,False,,,30.0,0.0,1509.6,10,0.0008779742700648855
1250.0,Bevásárlás,2025-04-12 13:17:18,2025.04.12 4159956198 TEDi-HU 3147             -ÉRINTŐ,Kimenő,VÁSÁRLÁS KÁRTYÁVAL,3Dye4gBbAdPQSto3WbqgkBu6lrj2,none,,42e742c5-2f82-45f2-a979-e691a06c8546,4,2025,5,True,2,False,False,15,12,30,5835.543209876543,81,472679.0,211400.0,333.0,False,,,30.0,0.0,2102.733333333333,15,0.0026445008134484502
1290.0,Vendéglátás,2025-04-12 15:47:07,2025.04.12 4159956198 HELOPAY*PIZZAFORTE SZEGED-ÉRINTŐ,Kimenő,VÁSÁRLÁS KÁRTYÁVAL,3Dye4gBbAdPQSto3WbqgkBu6lrj2,none,,db0a0dfc-4637-4abb-ac6c-b638c82669e1,4,2025,5,True,2,False,False,15,12,30,5835.543209876543,81,472679.0,211400.0,333.0,False,,,30.0,0.0,1276.1612903225807,31,0.0027291248394788006
1890.0,Vendéglátás,2025-04-12 15:57:18,2025.04.12 4159956198 Sherry                   -ÉRINTŐ,Kimenő,VÁSÁRLÁS KÁRTYÁVAL,3Dye4gBbAdPQSto3WbqgkBu6lrj2,none,,4fbfce3c-8e0f-45bf-9e47-20ffe0ebcaf8,4,2025,5,True,2,False,False,15,12,30,5835.543209876543,81,472679.0,211400.0,333.0,False,,,30.0,0.0,1276.1612903225807,31,0.003998485229934057
778.0,Bevásárlás,2025-04-12 17:25:26,2025.04.12 4159956198 NEMZETI DOHÁNYBOLT       -ÉRINTŐ,Kimenő,VÁSÁRLÁS KÁRTYÁVAL,3Dye4gBbAdPQSto3WbqgkBu6lrj2,none,,b582a600-f7a0-4ea5-89ae-8bbeb9d28b2e,4,2025,5,True,2,False,False,15,12,30,5835.543209876543,81,472679.0,211400.0,333.0,False,,,30.0,0.0,2102.733333333333,15,0.0016459373062903155
774.0,Közlekedés,2025-04-13 13:32:10,2025.04.13 4159956198 BÉKÉSCSABA MÁV           -ÉRINTŐ,Kimenő,VÁSÁRLÁS KÁRTYÁVAL,3Dye4gBbAdPQSto3WbqgkBu6lrj2,none,,d1e48a10-a02e-4d80-82a7-0bb23d5f82c2,4,2025,6,True,2,False,False,15,13,30,5835.543209876543,81,472679.0,211400.0,333.0,False,,,30.0,0.0,1509.6,10,0.0016374749036872805
649.0,Vendéglátás,2025-04-13 17:36:30,2025.04.13 4159956198 TRIO Pizza Fornetti      -ÉRINTŐ,Kimenő,VÁSÁRLÁS KÁRTYÁVAL,3Dye4gBbAdPQSto3WbqgkBu6lrj2,none,,c8253021-0b65-45f4-896d-60b0ce3f89cd,4,2025,6,True,2,False,False,15,13,30,5835.543209876543,81,472679.0,211400.0,333.0,False,,,30.0,0.0,1276.1612903225807,31,0.0013730248223424353
399.0,Közlekedés,2025-04-16 05:17:07,2025.04.16 4159956198 BÉKÉSCSABA MÁV           -ÉRINTŐ,Kimenő,VÁSÁRLÁS KÁRTYÁVAL,3Dye4gBbAdPQSto3WbqgkBu6lrj2,none,,7e74314c-2f99-4207-bc3b-f75cc1e21bf1,4,2025,2,False,2,False,False,16,16,30,5835.543209876543,81,472679.0,211400.0,333.0,False,,,30.0,0.0,1509.6,10,0.0008441246596527453
1520.0,Vendéglátás,2025-04-16 08:20:10,2025.04.16 4159956198 RESTI EXPRESS BUFE       -ÉRINTŐ,Kimenő,VÁSÁRLÁS KÁRTYÁVAL,3Dye4gBbAdPQSto3WbqgkBu6lrj2,none,,4ab3a368-2ab9-42a0-a73c-c58d0ff17507,4,2025,2,False,2,False,False,16,16,30,5835.543209876543,81,472679.0,211400.0,333.0,False,,,30.0,0.0,1276.1612903225807,31,0.0032157129891533156
1075.0,Bevásárlás,2025-04-16 10:25:18,2025.04.16 4159956198 261. SZ. COOP ABC        -ÉRINTŐ,Kimenő,VÁSÁRLÁS KÁRTYÁVAL,3Dye4gBbAdPQSto3WbqgkBu6lrj2,none,,422a4e17-cf50-4897-882f-a236689729bf,4,2025,2,False,2,False,False,16,16,30,5835.543209876543,81,472679.0,211400.0,333.0,False,,,30.0,0.0,2102.733333333333,15,0.0022742706995656672
2800.0,Szórakozás,2025-04-16 19:28:15,2025.04.16 4159956198 OTPMOBL*WANNABEPARTY.H,Kimenő,VÁSÁRLÁS KÁRTYÁVAL,3Dye4gBbAdPQSto3WbqgkBu6lrj2,none,,c7eace24-8e45-49f5-9444-47f392ac6d60,4,2025,2,False,2,False,False,16,16,30,5835.543209876543,81,472679.0,211400.0,333.0,False,,,30.0,0.0,4741.8,10,0.005923681822124528
333.0,Egyéb,2025-04-17 17:08:00,,Kimenő,ESETI MEGBÍZÁSOK KÖLTSÉGE,3Dye4gBbAdPQSto3WbqgkBu6lrj2,none,,3557b770-5209-4ec2-9f63-a2b887527247,4,2025,3,False,2,False,False,16,17,30,5835.543209876543,81,472679.0,211400.0,333.0,False,,,30.0,0.0,818.25,4,0.0007044950167026671
3000.0,Utalás,2025-04-17 17:08:07,Jager:P,Kimenő,AZONNALI ÁTUTALÁS,3Dye4gBbAdPQSto3WbqgkBu6lrj2,none,,6417f25b-89a4-4b25-9240-a3788322d92b,4,2025,3,False,2,False,False,16,17,30,5835.543209876543,81,472679.0,211400.0,333.0,False,,,30.0,0.0,3295.0,2,0.00634680195227628
1413.0,Bevásárlás,2025-04-17 19:45:14,2025.04.17 4159956198 BEKE CSEMEGE             -ÉRINTŐ,Kimenő,VÁSÁRLÁS KÁRTYÁVAL,3Dye4gBbAdPQSto3WbqgkBu6lrj2,none,,53159834-a308-49b0-a910-66a4ce0f59c1,4,2025,3,False,2,False,False,16,17,30,5835.543209876543,81,472679.0,211400.0,333.0,False,,,30.0,0.0,2102.733333333333,15,0.0029893437195221283
2800.0,Szórakozás,2025-04-18 12:36:07,2025.04.18 4159956198 OTPMOBL*WANNABEPARTY.H,Kimenő,VÁSÁRLÁS KÁRTYÁVAL,3Dye4gBbAdPQSto3WbqgkBu6lrj2,none,,cb688c86-d4d0-40ea-b3c7-a36f4acd8dfa,4,2025,4,False,2,False,False,16,18,30,5835.543209876543,81,472679.0,211400.0,333.0,False,,,30.0,0.0,4741.8,10,0.005923681822124528
530.0,Vendéglátás,2025-04-19 09:48:59,"2025.04.19 4159956198 NYX*AloisDallmayrAutom   -ÉRINTŐ 1,300EUR    0,",Kimenő,VÁSÁRLÁS KÁRTYÁVAL,3Dye4gBbAdPQSto3WbqgkBu6lrj2,none,,0aa0a08f-647f-4106-ab58-8e838aa60bcf,4,2025,5,True,2,False,False,16,19,30,5835.543209876543,81,472679.0,211400.0,333.0,False,,,30.0,0.0,1276.1612903225807,31,0.0011212683449021428
3190.0,Vendéglátás,2025-04-19 11:59:06,2025.04.19 4159956198 WingZ Szeged             -ÉRINTŐ,Kimenő,VÁSÁRLÁS KÁRTYÁVAL,3Dye4gBbAdPQSto3WbqgkBu6lrj2,none,,490a3617-88cc-4471-b11f-1e8d63f679e0,4,2025,5,True,2,False,False,16,19,30,5835.543209876543,81,472679.0,211400.0,333.0,False,,,30.0,0.0,1276.1612903225807,31,0.006748766075920445
2787.0,Bevásárlás,2025-04-19 16:04:52,2025.04.19 4159956198 NEMZETI DOHÁNYBOLT       -ÉRINTŐ,Kimenő,VÁSÁRLÁS KÁRTYÁVAL,3Dye4gBbAdPQSto3WbqgkBu6lrj2,none,,1336f46f-d317-4d72-9e39-ee4002b8fa34,4,2025,5,True,2,False,False,16,19,30,5835.543209876543,81,472679.0,211400.0,333.0,False,,,30.0,0.0,2102.733333333333,15,0.0058961790136646645
2257.0,Egyéb,2025-04-19 20:25:13,2025.04.19 4159956198 Bényi Trafik Szeged      -ÉRINTŐ,Kimenő,VÁSÁRLÁS KÁRTYÁVAL,3Dye4gBbAdPQSto3WbqgkBu6lrj2,none,,8bbbc77e-c6ba-41eb-8410-e75500111002,4,2025,5,True,2,False,False,16,19,30,5835.543209876543,81,472679.0,211400.0,333.0,False,,,30.0,0.0,818.25,4,0.004774910668762521
2230.0,Szórakozás,2025-04-19 22:14:02,"2025.04.19 4159956198 DtkPub                   -ÉRINTŐ 5,470EUR    0,",Kimenő,VÁSÁRLÁS KÁRTYÁVAL,3Dye4gBbAdPQSto3WbqgkBu6lrj2,none,,4fcd2dde-106f-4db8-b495-48f303c4d09b,4,2025,5,True,2,False,False,16,19,30,5835.543209876543,81,472679.0,211400.0,333.0,False,,,30.0,0.0,4741.8,10,0.004717789451192035
400.0,Szórakozás,2025-04-19 22:17:18,"2025.04.19 4159956198 DtkPub                   -ÉRINTŐ 0,980EUR    0,",Kimenő,VÁSÁRLÁS KÁRTYÁVAL,3Dye4gBbAdPQSto3WbqgkBu6lrj2,none,,6387d60c-5fab-44b9-825e-aeabde3bd305,4,2025,5,True,2,False,False,16,19,30,5835.543209876543,81,472679.0,211400.0,333.0,False,,,30.0,0.0,4741.8,10,0.0008462402603035041
1090.0,Vendéglátás,2025-04-19 23:11:10,2025.04.19 4159956198 HELOPAY*JATE KLUB        -ÉRINTŐ,Kimenő,VÁSÁRLÁS KÁRTYÁVAL,3Dye4gBbAdPQSto3WbqgkBu6lrj2,none,,b7569d67-e948-45ab-b477-9382f914b9ec,4,2025,5,True,2,False,False,16,19,30,5835.543209876543,81,472679.0,211400.0,333.0,False,,,30.0,0.0,1276.1612903225807,31,0.0023060047093270484
590.0,Vendéglátás,2025-04-20 00:58:21,2025.04.20 4159956198 HELOPAY*JATE KLUB        -ÉRINTŐ,Kimenő,VÁSÁRLÁS KÁRTYÁVAL,3Dye4gBbAdPQSto3WbqgkBu6lrj2,none,,3b8fcf2d-870a-41a9-86e4-e330ff5b45d3,4,2025,6,True,2,False,False,16,20,30,5835.543209876543,81,472679.0,211400.0,333.0,False,,,30.0,0.0,1276.1612903225807,31,0.0012482043839476685
999.0,Vendéglátás,2025-04-20 15:46:59,2025.04.20 4159956198 TRIO Pizza Fornetti      -ÉRINTŐ,Kimenő,VÁSÁRLÁS KÁRTYÁVAL,3Dye4gBbAdPQSto3WbqgkBu6lrj2,none,,13f00792-a4d1-4258-8e6c-0cfb43d84ffd,4,2025,6,True,2,False,False,16,20,30,5835.543209876543,81,472679.0,211400.0,333.0,False,,,30.0,0.0,1276.1612903225807,31,0.0021134850501080015
399.0,Közlekedés,2025-04-22 05:03:38,2025.04.22 4159956198 BÉKÉSCSABA MÁV           -ÉRINTŐ,Kimenő,VÁSÁRLÁS KÁRTYÁVAL,3Dye4gBbAdPQSto3WbqgkBu6lrj2,none,,0f6a9a8c-cf75-4406-8bf6-2118bee403c6,4,2025,1,False,2,False,False,17,22,30,5835.543209876543,81,472679.0,211400.0,333.0,False,,,30.0,0.0,1509.6,10,0.0008441246596527453
570.0,Vendéglátás,2025-04-22 10:13:22,2025.04.22 4159956198 KRISZ -BAKER KFT         -ÉRINTŐ,Kimenő,VÁSÁRLÁS KÁRTYÁVAL,3Dye4gBbAdPQSto3WbqgkBu6lrj2,none,,f28496ab-7599-46dd-aa07-9bec8007265f,4,2025,1,False,2,False,False,17,22,30,5835.543209876543,81,472679.0,211400.0,333.0,False,,,30.0,0.0,1276.1612903225807,31,0.0012058923709324933
1890.0,Közlekedés,2025-04-23 06:27:10,2025.04.23 4159956198 OTPMOBL*VIMPAY.MAV-STA,Kimenő,VÁSÁRLÁS KÁRTYÁVAL,3Dye4gBbAdPQSto3WbqgkBu6lrj2,none,,82b1d312-f44d-453d-99c3-cc08ee402487,4,2025,2,False,2,False,False,17,23,30,5835.543209876543,81,472679.0,211400.0,333.0,False,,,30.0,0.0,1509.6,10,0.003998485229934057
2440.0,Vendéglátás,2025-04-23 11:38:12,2025.04.23 4159956198 BESZEDA ÉS FIAI          -ÉRINTŐ,Kimenő,VÁSÁRLÁS KÁRTYÁVAL,3Dye4gBbAdPQSto3WbqgkBu6lrj2,none,,7454b944-feec-445a-8a64-bd02d4141c17,4,2025,2,False,2,False,False,17,23,30,5835.543209876543,81,472679.0,211400.0,333.0,False,,,30.0,0.0,1276.1612903225807,31,0.005162065587851375
8164.0,Bevásárlás,2025-04-23 19:37:52,2025.04.23 4159956198 AUCHAN SZENTENDREI UT    -GOOGLE,Kimenő,VÁSÁRLÁS KÁRTYÁVAL,3Dye4gBbAdPQSto3WbqgkBu6lrj2,none,,b1160a47-d66f-46da-85bb-2ce0b3a95d5e,4,2025,2,False,2,False,False,17,23,30,5835.543209876543,81,472679.0,211400.0,333.0,False,,,30.0,0.0,2102.733333333333,15,0.017271763712794517
1500.0,"Számlák, rezsi",2025-04-24 19:46:11,"2025.04.24 4159956198 SQUARETRADE EUROPE 3,670EUR    0,",Kimenő,VÁSÁRLÁS KÁRTYÁVAL,3Dye4gBbAdPQSto3WbqgkBu6lrj2,none,,c2225648-e06b-458b-9483-41c1bf41fd80,4,2025,3,False,2,False,False,17,24,30,5835.543209876543,81,472679.0,211400.0,333.0,False,,,30.0,0.0,23568.0,4,0.00317340097613814
6000.0,Szórakozás,2025-04-25 10:39:41,2025.04.25 4159956198 OTPMOBL*tixa.hu/csabagyo,Kimenő,VÁSÁRLÁS KÁRTYÁVAL,3Dye4gBbAdPQSto3WbqgkBu6lrj2,none,,27be4820-da45-4fe1-9736-bf13e59672e1,4,2025,4,False,2,False,True,17,25,30,5835.543209876543,81,472679.0,211400.0,333.0,False,,,30.0,0.0,4741.8,10,0.01269360390455256
1800.0,Vendéglátás,2025-04-25 12:14:43,"2025.04.25 4159956198 My Canteen Etterem Per   -ÉRINTŐ 4,410EUR    0,",Kimenő,VÁSÁRLÁS KÁRTYÁVAL,3Dye4gBbAdPQSto3WbqgkBu6lrj2,none,,6ac6f8ee-0718-432c-96eb-954ff12f2c88,4,2025,4,False,2,False,True,17,25,30,5835.543209876543,81,472679.0,211400.0,333.0,False,,,30.0,0.0,1276.1612903225807,31,0.0038080811713657684
1448.0,Bevásárlás,2025-04-26 19:14:19,2025.04.26 4159956198 BUDAI ABC                -ÉRINTŐ,Kimenő,VÁSÁRLÁS KÁRTYÁVAL,3Dye4gBbAdPQSto3WbqgkBu6lrj2,none,,80964f7d-a09d-4e59-9121-99453a7f9789,4,2025,5,True,2,False,True,17,26,30,5835.543209876543,81,472679.0,211400.0,333.0,False,,,30.0,0.0,2102.733333333333,15,0.003063389742298685
1050.0,Vendéglátás,2025-04-27 16:35:42,2025.04.27 4159956198 PIZZERIA ETTEREM         -ÉRINTŐ,Kimenő,VÁSÁRLÁS KÁRTYÁVAL,3Dye4gBbAdPQSto3WbqgkBu6lrj2,none,,284a0d18-8e35-4735-a9ba-00616bc3094c,4,2025,6,True,2,False,True,17,27,30,5835.543209876543,81,472679.0,211400.0,333.0,False,,,30.0,0.0,1276.1612903225807,31,0.002221380683296698
390.0,Vendéglátás,2025-04-27 18:29:00,"2025.04.27 4159956198 NYX*AloisDallmayrAutom   -ÉRINTŐ 0,960EUR    0,",Kimenő,VÁSÁRLÁS KÁRTYÁVAL,3Dye4gBbAdPQSto3WbqgkBu6lrj2,none,,d7316d53-6048-4fc6-a5c0-f6a2b9e51c08,4,2025,6,True,2,False,True,17,27,30,5835.543209876543,81,472679.0,211400.0,333.0,False,,,30.0,0.0,1276.1612903225807,31,0.0008250842537959165
960.0,Vendéglátás,2025-04-28 07:40:37,"2025.04.28 4159956198 Legenda Bufe             -ÉRINTŐ 2,360EUR    0,",Kimenő,VÁSÁRLÁS KÁRTYÁVAL,3Dye4gBbAdPQSto3WbqgkBu6lrj2,none,,a00b40bc-b58f-4510-aa94-e5fb715a2f96,4,2025,0,False,2,False,True,18,28,30,5835.543209876543,81,472679.0,211400.0,333.0,False,,,30.0,0.0,1276.1612903225807,31,0.00203097662472841
1700.0,Vendéglátás,2025-04-28 11:57:28,2025.04.28 4159956198 SZOTE  telbąr Kft.       -ÉRINTŐ,Kimenő,VÁSÁRLÁS KÁRTYÁVAL,3Dye4gBbAdPQSto3WbqgkBu6lrj2,none,,59136096-c06d-4051-a6c1-e8d23d191429,4,2025,0,False,2,False,True,18,28,30,5835.543209876543,81,472679.0,211400.0,333.0,False,,,30.0,0.0,1276.1612903225807,31,0.0035965211062898923
570.0,Vendéglátás,2025-04-28 17:44:14,2025.04.28 4159956198 Csiga PÚksÚg -Bem utca   -ÉRINTŐ,Kimenő,VÁSÁRLÁS KÁRTYÁVAL,3Dye4gBbAdPQSto3WbqgkBu6lrj2,none,,703e554c-5c09-4f17-97af-e24268c24122,4,2025,0,False,2,False,True,18,28,30,5835.543209876543,81,472679.0,211400.0,333.0,False,,,30.0,0.0,1276.1612903225807,31,0.0012058923709324933
549.0,Bevásárlás,2025-04-28 20:06:53,2025.04.28 4159956198 ALDI 245.SZ.             -ÉRINTŐ,Kimenő,VÁSÁRLÁS KÁRTYÁVAL,3Dye4gBbAdPQSto3WbqgkBu6lrj2,none,,1110bcb9-5afc-41e5-8fe0-bbc98be771e0,4,2025,0,False,2,False,True,18,28,30,5835.543209876543,81,472679.0,211400.0,333.0,False,,,30.0,0.0,2102.733333333333,15,0.0011614647572665594
860.0,Szórakozás,2025-04-28 20:30:03,"2025.04.28 4159956198 DtkPub                   -ÉRINTŐ 2,120EUR    0,",Kimenő,VÁSÁRLÁS KÁRTYÁVAL,3Dye4gBbAdPQSto3WbqgkBu6lrj2,none,,27dcd8d9-0a68-4c8b-b0fb-b8d92d690b87,4,2025,0,False,2,False,True,18,28,30,5835.543209876543,81,472679.0,211400.0,333.0,False,,,30.0,0.0,4741.8,10,0.0018194165596525336
860.0,Szórakozás,2025-04-28 21:18:28,"2025.04.28 4159956198 DtkPub                   -ÉRINTŐ 2,120EUR    0,",Kimenő,VÁSÁRLÁS KÁRTYÁVAL,3Dye4gBbAdPQSto3WbqgkBu6lrj2,none,,f7650c79-6bc4-4606-aec6-19cbaff9f330,4,2025,0,False,2,False,True,18,28,30,5835.543209876543,81,472679.0,211400.0,333.0,False,,,30.0,0.0,4741.8,10,0.0018194165596525336
2240.0,Vendéglátás,2025-04-29 13:01:12,2025.04.29 4159956198 MCD SZEGED 2.            -GOOGLE,Kimenő,VÁSÁRLÁS KÁRTYÁVAL,3Dye4gBbAdPQSto3WbqgkBu6lrj2,none,,622320c0-7f92-4f58-94e0-923580b2c7e0,4,2025,1,False,2,False,True,18,29,30,5835.543209876543,81,472679.0,211400.0,333.0,False,,,30.0,0.0,1276.1612903225807,31,0.004738945457699623
940.0,Közlekedés,2025-04-29 17:54:57,2025.04.29 4159956198 OTPMOBL*VIMPAY.MAV-STA,Kimenő,VÁSÁRLÁS KÁRTYÁVAL,3Dye4gBbAdPQSto3WbqgkBu6lrj2,none,,bcb158ba-1194-4488-a2f7-7efde2caf1a5,4,2025,1,False,2,False,True,18,29,30,5835.543209876543,81,472679.0,211400.0,333.0,False,,,30.0,0.0,1509.6,10,0.0019886646117132346
460.0,Vendéglátás,2025-04-29 18:08:14,2025.04.29 4159956198 Csiga PÚksÚg -Bem utca   -ÉRINTŐ,Kimenő,VÁSÁRLÁS KÁRTYÁVAL,3Dye4gBbAdPQSto3WbqgkBu6lrj2,none,,e17db319-5afd-4725-82ce-de61e34ebf8f,4,2025,1,False,2,False,True,18,29,30,5835.543209876543,81,472679.0,211400.0,333.0,False,,,30.0,0.0,1276.1612903225807,31,0.0009731762993490297
360.0,Vendéglátás,2025-04-29 18:10:57,"2025.04.29 4159956198 NYX*AloisDallmayrAutom   -ÉRINTŐ 0,890EUR    0,",Kimenő,VÁSÁRLÁS KÁRTYÁVAL,3Dye4gBbAdPQSto3WbqgkBu6lrj2,none,,4dacd580-fd67-4493-8171-c1303cb72f7e,4,2025,1,False,2,False,True,18,29,30,5835.543209876543,81,472679.0,211400.0,333.0,False,,,30.0,0.0,1276.1612903225807,31,0.0007616162342731536
699.0,Vendéglátás,2025-04-29 21:15:12,2025.04.29 4159956198 TRIO Pizza Fornetti      -GOOGLE,Kimenő,VÁSÁRLÁS KÁRTYÁVAL,3Dye4gBbAdPQSto3WbqgkBu6lrj2,none,,41c12013-458f-4cc2-9dfb-c4a9cdf5fcef,4,2025,1,False,2,False,True,18,29,30,5835.543209876543,81,472679.0,211400.0,333.0,False,,,30.0,0.0,1276.1612903225807,31,0.0014788048548803733
1890.0,Vendéglátás,2025-04-30 11:50:58,2025.04.30 4159956198 BESZEDA ÉS FIAI          -ÉRINTŐ,Kimenő,VÁSÁRLÁS KÁRTYÁVAL,3Dye4gBbAdPQSto3WbqgkBu6lrj2,none,,f9104b70-ff7b-4ab2-8772-a7b756b8e2b2,4,2025,2,False,2,False,True,18,30,30,5835.543209876543,81,472679.0,211400.0,333.0,False,,,30.0,0.0,1276.1612903225807,31,0.003998485229934057
780.0,Vendéglátás,2025-04-30 17:37:40,2025.04.30 4159956198 Princess Koki 1          -GOOGLE,Kimenő,VÁSÁRLÁS KÁRTYÁVAL,3Dye4gBbAdPQSto3WbqgkBu6lrj2,none,,c84c9afa-2d86-46ed-b0cd-21eed5afbb32,4,2025,2,False,2,False,True,18,30,30,5835.543209876543,81,472679.0,211400.0,333.0,False,,,30.0,0.0,1276.1612903225807,31,0.001650168507591833
940.0,Közlekedés,2025-04-30 18:49:57,2025.04.30 4159956198 OTPMOBL*VIMPAY.MAV-STA,Kimenő,VÁSÁRLÁS KÁRTYÁVAL,3Dye4gBbAdPQSto3WbqgkBu6lrj2,none,,c4a20764-7cdb-4045-a80f-77532d5957bd,4,2025,2,False,2,False,True,18,30,30,5835.543209876543,81,472679.0,211400.0,333.0,False,,,30.0,0.0,1509.6,10,0.0019886646117132346
8000.0,Közlekedés,2025-04-30 21:06:14,2025.04.30 4159956198 HMT PETROL               -ÉRINTŐ,Kimenő,VÁSÁRLÁS KÁRTYÁVAL,3Dye4gBbAdPQSto3WbqgkBu6lrj2,none,,a10f2b84-7b9a-4bb8-9543-cd13fdf7ac02,4,2025,2,False,2,False,True,18,30,30,5835.543209876543,81,472679.0,211400.0,333.0,False,,,30.0,0.0,1509.6,10,0.016924805206070082
333.0,Egyéb,2025-04-30 21:57:00,,Kimenő,ESETI MEGBÍZÁSOK KÖLTSÉGE,3Dye4gBbAdPQSto3WbqgkBu6lrj2,none,,fcc343a1-3b81-4c9f-b3ba-15f649640b18,4,2025,2,False,2,False,True,18,30,30,5835.543209876543,81,472679.0,211400.0,333.0,False,,,30.0,0.0,818.25,4,0.0007044950167026671
3590.0,Utalás,2025-04-30 21:57:30,Dr. Kása Gyuláné,Kimenő,ÁTUTALÁS BANKON BELÜL,3Dye4gBbAdPQSto3WbqgkBu6lrj2,none,,600d950f-e5ee-4bea-8070-e79771efd4c1,4,2025,2,False,2,False,True,18,30,30,5835.543209876543,81,472679.0,211400.0,333.0,False,,,30.0,0.0,3295.0,2,0.007595006336223949
350.0,"Számlák, rezsi",2025-05-01 08:39:00,,Kimenő,ESETI MEGBÍZÁSOK KÖLTSÉGE,3Dye4gBbAdPQSto3WbqgkBu6lrj2,none,,16402534-ff29-4463-902b-c658c2bc4ef8,5,2025,3,False,2,True,False,18,1,31,4751.127272727273,110,522624.0,177100.0,50.0,False,,,30.0,0.0,18584.75,8,0.0006696975263286799
70000.0,"Számlák, rezsi",2025-05-01 08:39:49,Varga Bence - májusi lakbér,Kimenő,AZONNALI ÁTUTALÁS,3Dye4gBbAdPQSto3WbqgkBu6lrj2,none,,06838e6e-b238-4c6b-b933-dcefd63ddb7e,5,2025,3,False,2,True,False,18,1,31,4751.127272727273,110,522624.0,177100.0,50.0,False,,,30.0,0.0,18584.75,8,0.13393950526573598
1030.0,Bevásárlás,2025-05-01 10:07:02,"2025.05.01 4159956198 Arany Kosar Non-Stop E   -ÉRINTŐ 2,550EUR    0,",Kimenő,VÁSÁRLÁS KÁRTYÁVAL,3Dye4gBbAdPQSto3WbqgkBu6lrj2,none,,8fb43a21-10e2-4db7-b3fa-5afee15183c9,5,2025,3,False,2,True,False,18,1,31,4751.127272727273,110,522624.0,177100.0,50.0,False,,,30.0,0.0,1922.896551724138,29,0.001970824148910115
1280.0,Vendéglátás,2025-05-01 14:28:39,"2025.05.01 4159956198 Zerge Ifjusagi Turaspo   -ÉRINTŐ 3,170EUR    0,",Kimenő,VÁSÁRLÁS KÁRTYÁVAL,3Dye4gBbAdPQSto3WbqgkBu6lrj2,none,,c03d0527-8109-4cae-bc7d-3370faa55ad5,5,2025,3,False,2,True,False,18,1,31,4751.127272727273,110,522624.0,177100.0,50.0,False,,,30.0,0.0,1223.0,42,0.0024491795248591723
850.0,Bevásárlás,2025-05-01 15:06:48,2025.05.01 4159956198 CZECH-HUNG. TRADING      -ÉRINTŐ,Kimenő,VÁSÁRLÁS KÁRTYÁVAL,3Dye4gBbAdPQSto3WbqgkBu6lrj2,none,,d3106cc2-aac7-4e53-bf7d-5625f9ee59d3,5,2025,3,False,2,True,False,18,1,31,4751.127272727273,110,522624.0,177100.0,50.0,False,,,30.0,0.0,1922.896551724138,29,0.001626408278226794
850.0,Bevásárlás,2025-05-01 15:59:02,2025.05.01 4159956198 CZECH-HUNG. TRADING      -ÉRINTŐ,Kimenő,VÁSÁRLÁS KÁRTYÁVAL,3Dye4gBbAdPQSto3WbqgkBu6lrj2,none,,40cd93a2-8f42-4936-81db-e627075fac8f,5,2025,3,False,2,True,False,18,1,31,4751.127272727273,110,522624.0,177100.0,50.0,False,,,30.0,0.0,1922.896551724138,29,0.001626408278226794
699.0,Vendéglátás,2025-05-02 08:17:37,2025.05.02 4159956198 TRIO Pizza Fornetti      -ÉRINTŐ,Kimenő,VÁSÁRLÁS KÁRTYÁVAL,3Dye4gBbAdPQSto3WbqgkBu6lrj2,none,,f3d80997-f630-4fc1-a7f1-ae58bd2dbca6,5,2025,4,False,2,True,False,18,2,31,4751.127272727273,110,522624.0,177100.0,50.0,False,,,30.0,0.0,1223.0,42,0.0013374816311535636
350.0,Vendéglátás,2025-05-02 08:22:04,"2025.05.02 4159956198 Vendo Box Keleti pu.     -ÉRINTŐ 0,870EUR    0,",Kimenő,VÁSÁRLÁS KÁRTYÁVAL,3Dye4gBbAdPQSto3WbqgkBu6lrj2,none,,2cfd222c-3246-4b2f-a48f-30752c7f428b,5,2025,4,False,2,True,False,18,2,31,4751.127272727273,110,522624.0,177100.0,50.0,False,,,30.0,0.0,1223.0,42,0.0006696975263286799
449.0,Bevásárlás,2025-05-02 10:00:57,2025.05.02 4159956198 COOP ÉLELMISZER          -ÉRINTŐ,Kimenő,VÁSÁRLÁS KÁRTYÁVAL,3Dye4gBbAdPQSto3WbqgkBu6lrj2,none,,c1fccabe-95f3-41dc-b69b-3fb31272561a,5,2025,4,False,2,True,False,18,2,31,4751.127272727273,110,522624.0,177100.0,50.0,False,,,30.0,0.0,1922.896551724138,29,0.0008591262552045065
650.0,Vendéglátás,2025-05-02 19:01:30,"2025.05.02 4159956198 Multiberia Vending Kft   -ÉRINTŐ 1,610EUR    0,",Kimenő,VÁSÁRLÁS KÁRTYÁVAL,3Dye4gBbAdPQSto3WbqgkBu6lrj2,none,,5b425b23-9a4f-4012-b334-162acc20c72d,5,2025,4,False,2,True,False,18,2,31,4751.127272727273,110,522624.0,177100.0,50.0,False,,,30.0,0.0,1223.0,42,0.0012437239774675483
915.0,Bevásárlás,2025-05-03 09:44:59,2025.05.03 4159956198 CBA TÓPART               -ÉRINTŐ,Kimenő,VÁSÁRLÁS KÁRTYÁVAL,3Dye4gBbAdPQSto3WbqgkBu6lrj2,none,,ab259392-3ac8-4a00-989f-c7b35a95344c,5,2025,5,True,2,True,False,18,3,31,4751.127272727273,110,522624.0,177100.0,50.0,False,,,30.0,0.0,1922.896551724138,29,0.0017507806759735488
1600.0,Vendéglátás,2025-05-03 11:53:09,"2025.05.03 4159956198 Safari Bufe              -ÉRINTŐ 3,960EUR    0,",Kimenő,VÁSÁRLÁS KÁRTYÁVAL,3Dye4gBbAdPQSto3WbqgkBu6lrj2,none,,2184ea65-a4b7-42d2-a797-a906fd0f2624,5,2025,5,True,2,True,False,18,3,31,4751.127272727273,110,522624.0,177100.0,50.0,False,,,30.0,0.0,1223.0,42,0.003061474406073965
1090.0,Vendéglátás,2025-05-03 11:54:23,"2025.05.03 4159956198 Safari Bufe              -ÉRINTŐ 2,700EUR    0,",Kimenő,VÁSÁRLÁS KÁRTYÁVAL,3Dye4gBbAdPQSto3WbqgkBu6lrj2,none,,08a30992-4f97-4baf-b368-3f7be511332f,5,2025,5,True,2,True,False,18,3,31,4751.127272727273,110,522624.0,177100.0,50.0,False,,,30.0,0.0,1223.0,42,0.0020856294391378887
6538.0,Vendéglátás,2025-05-03 12:30:58,"2025.05.03 4159956198 Safari Bufe              -ÉRINTŐ 16,170EUR    0,",Kimenő,VÁSÁRLÁS KÁRTYÁVAL,3Dye4gBbAdPQSto3WbqgkBu6lrj2,none,,222e8e65-a983-4396-906d-3ac708f99043,5,2025,5,True,2,True,False,18,3,31,4751.127272727273,110,522624.0,177100.0,50.0,False,,,30.0,0.0,1223.0,42,0.012509949791819741
6160.0,Bevásárlás,2025-05-03 14:30:47,2025.05.03 4159956198 TESCO 41026 ÖNKISZOLG    -ÉRINTŐ,Kimenő,VÁSÁRLÁS KÁRTYÁVAL,3Dye4gBbAdPQSto3WbqgkBu6lrj2,none,,f2a07663-e56f-4c95-a8af-4a46f4403add,5,2025,5,True,2,True,False,18,3,31,4751.127272727273,110,522624.0,177100.0,50.0,False,,,30.0,0.0,1922.896551724138,29,0.011786676463384766
2974.0,Szórakozás,2025-05-03 14:32:28,2025.05.03 4159956198 L°RA KÖNYVESBOLT         -ÉRINTŐ,Kimenő,VÁSÁRLÁS KÁRTYÁVAL,3Dye4gBbAdPQSto3WbqgkBu6lrj2,none,,fc5a2bdb-5efd-40ad-8631-28417541e57e,5,2025,5,True,2,True,False,18,3,31,4751.127272727273,110,522624.0,177100.0,50.0,False,,,30.0,0.0,4343.0,8,0.005690515552289983
5000.0,"Számlák, rezsi",2025-05-03 18:52:41,2025.05.03 4159956198 OTPMOBL*iCsekk Simple ap,Kimenő,VÁSÁRLÁS KÁRTYÁVAL,3Dye4gBbAdPQSto3WbqgkBu6lrj2,none,,95d9baeb-7b0c-4131-b012-6e5631d6f4fb,5,2025,5,True,2,True,False,18,3,31,4751.127272727273,110,522624.0,177100.0,50.0,False,,,30.0,0.0,18584.75,8,0.009567107518981141
5000.0,"Számlák, rezsi",2025-05-03 18:54:19,2025.05.03 4159956198 OTPMOBL*iCsekk Simple ap,Kimenő,VÁSÁRLÁS KÁRTYÁVAL,3Dye4gBbAdPQSto3WbqgkBu6lrj2,none,,cc3a5d55-e3ec-4fbb-8ae1-861f7b0cb625,5,2025,5,True,2,True,False,18,3,31,4751.127272727273,110,522624.0,177100.0,50.0,False,,,30.0,0.0,18584.75,8,0.009567107518981141
7967.0,"Egészség, szépség",2025-05-04 21:44:37,"2025.05.04 4159956198 Google Play Apps 19,700EUR    0,",Kimenő,VÁSÁRLÁS KÁRTYÁVAL,3Dye4gBbAdPQSto3WbqgkBu6lrj2,none,,58e35bbd-f3d0-45c5-9b1c-abfdc99754d3,5,2025,6,True,2,True,False,18,4,31,4751.127272727273,110,522624.0,177100.0,50.0,False,,,30.0,0.0,7967.0,1,0.015244229120744551
1550.0,Vendéglátás,2025-05-05 07:21:56,2025.05.05 4159956198 PECSENYESÜTŐ BÜFÉ        -ÉRINTŐ,Kimenő,VÁSÁRLÁS KÁRTYÁVAL,3Dye4gBbAdPQSto3WbqgkBu6lrj2,none,,1fad4b6c-17b8-4637-8ed1-b320e4d6513f,5,2025,0,False,2,True,False,19,5,31,4751.127272727273,110,522624.0,177100.0,50.0,False,,,30.0,0.0,1223.0,42,0.0029658033308841538
350.0,Vendéglátás,2025-05-05 15:58:00,"2025.05.05 4159956198 NYX*ReferenciaCafeKft    -ÉRINTŐ 0,870EUR    0,",Kimenő,VÁSÁRLÁS KÁRTYÁVAL,3Dye4gBbAdPQSto3WbqgkBu6lrj2,none,,d6ffddae-aaf6-407c-a153-f60e68914196,5,2025,0,False,2,True,False,19,5,31,4751.127272727273,110,522624.0,177100.0,50.0,False,,,30.0,0.0,1223.0,42,0.0006696975263286799
330.0,Vendéglátás,2025-05-05 17:49:37,"2025.05.05 4159956198 NYX*AloisDallmayrAutom   -ÉRINTŐ 0,820EUR    0,",Kimenő,VÁSÁRLÁS KÁRTYÁVAL,3Dye4gBbAdPQSto3WbqgkBu6lrj2,none,,aa8709fa-3ed6-4ca1-98f1-bcde04c4eb26,5,2025,0,False,2,True,False,19,5,31,4751.127272727273,110,522624.0,177100.0,50.0,False,,,30.0,0.0,1223.0,42,0.0006314290962527553
460.0,Vendéglátás,2025-05-05 17:55:34,2025.05.05 4159956198 Csiga PÚksÚg -Bem utca   -ÉRINTŐ,Kimenő,VÁSÁRLÁS KÁRTYÁVAL,3Dye4gBbAdPQSto3WbqgkBu6lrj2,none,,99995fa8-0ea3-4899-bcf3-962c048ef3dd,5,2025,0,False,2,True,False,19,5,31,4751.127272727273,110,522624.0,177100.0,50.0,False,,,30.0,0.0,1223.0,42,0.000880173891746265
860.0,Szórakozás,2025-05-05 20:11:32,"2025.05.05 4159956198 DtkPub                   -ÉRINTŐ 2,130EUR    0,",Kimenő,VÁSÁRLÁS KÁRTYÁVAL,3Dye4gBbAdPQSto3WbqgkBu6lrj2,none,,b7af6b1f-1fb1-4be9-83be-1a15d8ffcef7,5,2025,0,False,2,True,False,19,5,31,4751.127272727273,110,522624.0,177100.0,50.0,False,,,30.0,0.0,4343.0,8,0.0016455424932647564
860.0,Szórakozás,2025-05-05 20:51:21,"2025.05.05 4159956198 DtkPub                   -ÉRINTŐ 2,130EUR    0,",Kimenő,VÁSÁRLÁS KÁRTYÁVAL,3Dye4gBbAdPQSto3WbqgkBu6lrj2,none,,ec2d786d-68fb-4261-ad31-08f360af6ce5,5,2025,0,False,2,True,False,19,5,31,4751.127272727273,110,522624.0,177100.0,50.0,False,,,30.0,0.0,4343.0,8,0.0016455424932647564
460.0,Vendéglátás,2025-05-05 21:38:14,2025.05.05 4159956198 Csiga Bakery Kft         -ÉRINTŐ,Kimenő,VÁSÁRLÁS KÁRTYÁVAL,3Dye4gBbAdPQSto3WbqgkBu6lrj2,none,,6f21e540-0b96-462b-a9e9-9ddccff9156f,5,2025,0,False,2,True,False,19,5,31,4751.127272727273,110,522624.0,177100.0,50.0,False,,,30.0,0.0,1223.0,42,0.000880173891746265
570.0,Vendéglátás,2025-05-06 18:26:05,2025.05.06 4159956198 Csiga PÚksÚg -Bem utca   -ÉRINTŐ,Kimenő,VÁSÁRLÁS KÁRTYÁVAL,3Dye4gBbAdPQSto3WbqgkBu6lrj2,none,,0f3766e2-baf6-4988-860f-c62532f2894f,5,2025,1,False,2,False,False,19,6,31,4751.127272727273,110,522624.0,177100.0,50.0,False,,,30.0,0.0,1223.0,42,0.0010906502571638502
940.0,Közlekedés,2025-05-06 18:29:52,2025.05.06 4159956198 OTPMOBL*VIMPAY.MAV-STA,Kimenő,VÁSÁRLÁS KÁRTYÁVAL,3Dye4gBbAdPQSto3WbqgkBu6lrj2,none,,c54e4728-d64d-464a-9d81-dc7ca7efd30e,5,2025,1,False,2,False,False,19,6,31,4751.127272727273,110,522624.0,177100.0,50.0,False,,,30.0,0.0,1119.625,8,0.0017986162135684546
1890.0,Vendéglátás,2025-05-07 11:54:32,2025.05.07 4159956198 BESZEDA ÉS FIAI          -ÉRINTŐ,Kimenő,VÁSÁRLÁS KÁRTYÁVAL,3Dye4gBbAdPQSto3WbqgkBu6lrj2,none,,e81bc274-2ff9-458c-be85-d86411954ebb,5,2025,2,False,2,False,False,19,7,31,4751.127272727273,110,522624.0,177100.0,50.0,False,,,30.0,0.0,1223.0,42,0.003616366642174871
15750.0,Nem kategorizált,2025-05-07 14:47:00,GIROKOZLEMENY,Bejövő,NAPKÖZBENI ÁTUTALÁS (CSOPORTOS),3Dye4gBbAdPQSto3WbqgkBu6lrj2,none,,18876a52-7ebf-477a-8d0d-bc65a323e1b5,5,2025,2,False,2,False,False,19,7,31,4751.127272727273,110,522624.0,177100.0,50.0,False,,,30.0,0.0,29354.285714285714,7,0.030136388684790596
896.0,Bevásárlás,2025-05-07 18:02:51,2025.05.07 4159956198 CBA  PR°MA ÉLELMISZE     -ÉRINTŐ,Kimenő,VÁSÁRLÁS KÁRTYÁVAL,3Dye4gBbAdPQSto3WbqgkBu6lrj2,none,,9d41c264-d246-4d6a-be83-d7946e91bfcd,5,2025,2,False,2,False,False,19,7,31,4751.127272727273,110,522624.0,177100.0,50.0,False,,,30.0,0.0,1922.896551724138,29,0.0017144256674014205
23500.0,Szórakozás,2025-05-07 18:38:41,"2025.05.07 4159956198 Belvaros-Lipotvaros Sp   -ÉRINTŐ 58,090EUR    0,",Kimenő,VÁSÁRLÁS KÁRTYÁVAL,3Dye4gBbAdPQSto3WbqgkBu6lrj2,none,,79a11da2-42ee-4ec0-a34e-c733f4874c5e,5,2025,2,False,2,False,False,19,7,31,4751.127272727273,110,522624.0,177100.0,50.0,False,,,30.0,0.0,4343.0,8,0.04496540533921137
859.0,Bevásárlás,2025-05-08 07:57:58,2025.05.08 4159956198 CBA  PR°MA ÉLELMISZE     -ÉRINTŐ,Kimenő,VÁSÁRLÁS KÁRTYÁVAL,3Dye4gBbAdPQSto3WbqgkBu6lrj2,none,,7e0a4d9d-cb80-462a-8d9f-75bfd5e522e3,5,2025,3,False,2,False,False,19,8,31,4751.127272727273,110,522624.0,177100.0,50.0,False,,,30.0,0.0,1922.896551724138,29,0.00164362907176096
210.0,Bevásárlás,2025-05-08 07:59:04,2025.05.08 4159956198 Cafe+Co HU 224130        -ÉRINTŐ,Kimenő,VÁSÁRLÁS KÁRTYÁVAL,3Dye4gBbAdPQSto3WbqgkBu6lrj2,none,,63d0ae7f-767a-49fe-baa5-3d3bb109585a,5,2025,3,False,2,False,False,19,8,31,4751.127272727273,110,522624.0,177100.0,50.0,False,,,30.0,0.0,1922.896551724138,29,0.0004018185157972079
1890.0,Vendéglátás,2025-05-08 12:20:41,2025.05.08 4159956198 BESZEDA ÉS FIAI          -ÉRINTŐ,Kimenő,VÁSÁRLÁS KÁRTYÁVAL,3Dye4gBbAdPQSto3WbqgkBu6lrj2,none,,99bce3c0-2693-4ac1-b638-49f8e5bc6a63,5,2025,3,False,2,False,False,19,8,31,4751.127272727273,110,522624.0,177100.0,50.0,False,,,30.0,0.0,1223.0,42,0.003616366642174871
4104.0,"Számlák, rezsi",2025-05-09 03:32:14,"2025.05.09 4159956198 NETFLIX.COM 9,990EUR  410,8000",Kimenő,VÁSÁRLÁS KÁRTYÁVAL,3Dye4gBbAdPQSto3WbqgkBu6lrj2,none,,30fc4bdc-5734-4d1d-b6da-f2d61402c116,5,2025,4,False,2,False,False,19,9,31,4751.127272727273,110,522624.0,177100.0,50.0,False,,,30.0,0.0,18584.75,8,0.00785268185157972
2388.0,Bevásárlás,2025-05-09 08:37:28,2025.05.09 4159956198 CBA  PR°MA ÉLELMISZE     -ÉRINTŐ,Kimenő,VÁSÁRLÁS KÁRTYÁVAL,3Dye4gBbAdPQSto3WbqgkBu6lrj2,none,,0aa51a4f-a601-4c10-b7db-8335e02aed1f,5,2025,4,False,2,False,False,19,9,31,4751.127272727273,110,522624.0,177100.0,50.0,False,,,30.0,0.0,1922.896551724138,29,0.004569250551065393
210.0,Bevásárlás,2025-05-09 08:38:30,2025.05.09 4159956198 Cafe+Co HU 224130        -ÉRINTŐ,Kimenő,VÁSÁRLÁS KÁRTYÁVAL,3Dye4gBbAdPQSto3WbqgkBu6lrj2,none,,55110992-3e01-498a-83c8-7600b229cb69,5,2025,4,False,2,False,False,19,9,31,4751.127272727273,110,522624.0,177100.0,50.0,False,,,30.0,0.0,1922.896551724138,29,0.0004018185157972079
1700.0,Vendéglátás,2025-05-09 12:09:24,"2025.05.09 4159956198 My Canteen Etterem Per   -ÉRINTŐ 4,200EUR    0,",Kimenő,VÁSÁRLÁS KÁRTYÁVAL,3Dye4gBbAdPQSto3WbqgkBu6lrj2,none,,3206fc71-e9d3-432f-95cb-3360dc02cb37,5,2025,4,False,2,False,False,19,9,31,4751.127272727273,110,522624.0,177100.0,50.0,False,,,30.0,0.0,1223.0,42,0.003252816556453588
177100.0,Nem kategorizált,2025-05-09 13:47:00,Munkabér utalás,Bejövő,NAPKÖZBENI ÁTUTALÁS (CSOPORTOS),3Dye4gBbAdPQSto3WbqgkBu6lrj2,none,,3dade613-80ed-4e2d-943b-8dfae52cfb51,5,2025,4,False,2,False,False,19,9,31,4751.127272727273,110,522624.0,177100.0,50.0,False,,,30.0,0.0,29354.285714285714,7,0.13806386351302935
1000.0,Készpénz felvétel,2025-05-09 18:00:40,"2025.05.09 4159956198 Budapest,XIV.Hungária krt",Kimenő,KÉSZPÉNZFELVÉT ATM-BŐL,3Dye4gBbAdPQSto3WbqgkBu6lrj2,none,,0ee9550a-7de2-4bf7-9b85-1d1384e68df3,5,2025,4,False,2,False,False,19,9,31,4751.127272727273,110,522624.0,177100.0,50.0,False,,,30.0,0.0,1000.0,1,0.0019134215037962283
1249.0,Vendéglátás,2025-05-11 19:13:50,2025.05.11 4159956198 TRIO Pizza Fornetti      -ÉRINTŐ,Kimenő,VÁSÁRLÁS KÁRTYÁVAL,3Dye4gBbAdPQSto3WbqgkBu6lrj2,none,,7d82e7b9-6a65-45dd-8874-dda54232f59d,5,2025,6,True,2,False,False,19,11,31,4751.127272727273,110,522624.0,177100.0,50.0,False,,,30.0,0.0,1223.0,42,0.002389863458241489
550.0,Nem kategorizált,2025-05-12 09:44:07,20250512_3af1bba9-8541-3b7e-9737-958dab70fc6c,Bejövő,AZONNALI ÁTUTALÁS,3Dye4gBbAdPQSto3WbqgkBu6lrj2,none,,630f17d0-145c-43a2-a219-c084bb62404d,5,2025,0,False,2,False,False,20,12,31,4751.127272727273,110,522624.0,177100.0,50.0,False,,,30.0,0.0,29354.285714285714,7,0.0010523818270879255
679.0,Bevásárlás,2025-05-12 10:15:58,2025.05.12 4159956198 KÁROLYI ABC              -GOOGLE,Kimenő,VÁSÁRLÁS KÁRTYÁVAL,3Dye4gBbAdPQSto3WbqgkBu6lrj2,none,,d2f965c7-1bcd-40ae-9f0c-f6578779359b,5,2025,0,False,2,False,False,20,12,31,4751.127272727273,110,522624.0,177100.0,50.0,False,,,30.0,0.0,1922.896551724138,29,0.001299213201077639
2440.0,Bevásárlás,2025-05-12 17:43:41,2025.05.12 4159956198 NEMZETI DOHÁNYBOLT       -ÉRINTŐ,Kimenő,VÁSÁRLÁS KÁRTYÁVAL,3Dye4gBbAdPQSto3WbqgkBu6lrj2,none,,5958cc14-db5a-4ceb-9bed-6b647eaa596e,5,2025,0,False,2,False,False,20,12,31,4751.127272727273,110,522624.0,177100.0,50.0,False,,,30.0,0.0,1922.896551724138,29,0.004668748469262797
570.0,Vendéglátás,2025-05-12 17:55:15,2025.05.12 4159956198 Csiga PÚksÚg -Bem utca   -ÉRINTŐ,Kimenő,VÁSÁRLÁS KÁRTYÁVAL,3Dye4gBbAdPQSto3WbqgkBu6lrj2,none,,3830f015-b2be-4c46-a597-e279fc275c49,5,2025,0,False,2,False,False,20,12,31,4751.127272727273,110,522624.0,177100.0,50.0,False,,,30.0,0.0,1223.0,42,0.0010906502571638502
1777.0,Bevásárlás,2025-05-13 08:19:39,2025.05.13 4159956198 KÁROLYI ABC              -GOOGLE,Kimenő,VÁSÁRLÁS KÁRTYÁVAL,3Dye4gBbAdPQSto3WbqgkBu6lrj2,none,,accc3b82-a0b2-4f33-9fa7-6ef70c77d3e0,5,2025,1,False,2,False,False,20,13,31,4751.127272727273,110,522624.0,177100.0,50.0,False,,,30.0,0.0,1922.896551724138,29,0.0034001500122458977
460.0,Vendéglátás,2025-05-13 18:20:30,2025.05.13 4159956198 Csiga PÚksÚg -Bem utca   -ÉRINTŐ,Kimenő,VÁSÁRLÁS KÁRTYÁVAL,3Dye4gBbAdPQSto3WbqgkBu6lrj2,none,,e44d89a7-c055-483f-b2da-26d6c9972405,5,2025,1,False,2,False,False,20,13,31,4751.127272727273,110,522624.0,177100.0,50.0,False,,,30.0,0.0,1223.0,42,0.000880173891746265
940.0,Közlekedés,2025-05-13 18:22:53,2025.05.13 4159956198 OTPMOBL*VIMPAY.MAV-STA,Kimenő,VÁSÁRLÁS KÁRTYÁVAL,3Dye4gBbAdPQSto3WbqgkBu6lrj2,none,,b5b14b56-f9b4-411b-a02c-d77b8041c8d4,5,2025,1,False,2,False,False,20,13,31,4751.127272727273,110,522624.0,177100.0,50.0,False,,,30.0,0.0,1119.625,8,0.0017986162135684546
1284.0,Bevásárlás,2025-05-14 07:57:01,2025.05.14 4159956198 CBA  PR°MA ÉLELMISZE     -ÉRINTŐ,Kimenő,VÁSÁRLÁS KÁRTYÁVAL,3Dye4gBbAdPQSto3WbqgkBu6lrj2,none,,3b551062-ed1f-4407-bfb0-b8e716703926,5,2025,2,False,2,False,False,20,14,31,4751.127272727273,110,522624.0,177100.0,50.0,False,,,30.0,0.0,1922.896551724138,29,0.002456833210874357
18640.0,"Számlák, rezsi",2025-05-14 09:13:24,2025.05.14 4159956198 OTPMOBL*NEPTUN.U-SZEGE,Kimenő,VÁSÁRLÁS KÁRTYÁVAL,3Dye4gBbAdPQSto3WbqgkBu6lrj2,none,,c7274952-20d6-4e10-9de5-9dbce666622e,5,2025,2,False,2,False,False,20,14,31,4751.127272727273,110,522624.0,177100.0,50.0,False,,,30.0,0.0,18584.75,8,0.035666176830761696
1890.0,Vendéglátás,2025-05-14 11:42:29,2025.05.14 4159956198 BESZEDA ÉS FIAI          -ÉRINTŐ,Kimenő,VÁSÁRLÁS KÁRTYÁVAL,3Dye4gBbAdPQSto3WbqgkBu6lrj2,none,,c3cca82f-a9ba-4529-921f-d7862edc7ac0,5,2025,2,False,2,False,False,20,14,31,4751.127272727273,110,522624.0,177100.0,50.0,False,,,30.0,0.0,1223.0,42,0.003616366642174871
990.0,Egyéb,2025-05-14 16:47:38,2025.05.14 4159956198 A Grund                  -ÉRINTŐ,Kimenő,VÁSÁRLÁS KÁRTYÁVAL,3Dye4gBbAdPQSto3WbqgkBu6lrj2,none,,7123edc3-4eae-49e1-8c80-8e685df3f697,5,2025,2,False,2,False,False,20,14,31,4751.127272727273,110,522624.0,177100.0,50.0,False,,,30.0,0.0,1434.0,5,0.001894287288758266
545.0,Vendéglátás,2025-05-14 17:50:12,"2025.05.14 4159956198 A Grund - Grund 8 Kft    -ÉRINTŐ 1,350EUR    0,",Kimenő,VÁSÁRLÁS KÁRTYÁVAL,3Dye4gBbAdPQSto3WbqgkBu6lrj2,none,,27a6db1c-ed4f-497c-9e65-788d2796ad8d,5,2025,2,False,2,False,False,20,14,31,4751.127272727273,110,522624.0,177100.0,50.0,False,,,30.0,0.0,1223.0,42,0.0010428147195689443
1090.0,Egyéb,2025-05-14 19:36:00,2025.05.14 4159956198 A Grund                  -ÉRINTŐ,Kimenő,VÁSÁRLÁS KÁRTYÁVAL,3Dye4gBbAdPQSto3WbqgkBu6lrj2,none,,96976771-1ea9-46fe-9d80-bd18ba13c030,5,2025,2,False,2,False,False,20,14,31,4751.127272727273,110,522624.0,177100.0,50.0,False,,,30.0,0.0,1434.0,5,0.0020856294391378887
688.0,Bevásárlás,2025-05-15 12:38:08,2025.05.15 4159956198 CBA  PR°MA ÉLELMISZE     -ÉRINTŐ,Kimenő,VÁSÁRLÁS KÁRTYÁVAL,3Dye4gBbAdPQSto3WbqgkBu6lrj2,none,,26afc306-19da-4984-97ce-754612429dfb,5,2025,3,False,2,False,False,20,15,31,4751.127272727273,110,522624.0,177100.0,50.0,False,,,30.0,0.0,1922.896551724138,29,0.0013164339946118051
210.0,Bevásárlás,2025-05-15 12:39:07,2025.05.15 4159956198 Cafe+Co HU 224130        -ÉRINTŐ,Kimenő,VÁSÁRLÁS KÁRTYÁVAL,3Dye4gBbAdPQSto3WbqgkBu6lrj2,none,,c5279b45-679c-4ae6-92e1-7573f29323d1,5,2025,3,False,2,False,False,20,15,31,4751.127272727273,110,522624.0,177100.0,50.0,False,,,30.0,0.0,1922.896551724138,29,0.0004018185157972079
999.0,Vendéglátás,2025-05-15 17:32:29,2025.05.15 4159956198 TRIO Pizza Fornetti      -ÉRINTŐ,Kimenő,VÁSÁRLÁS KÁRTYÁVAL,3Dye4gBbAdPQSto3WbqgkBu6lrj2,none,,1bb38cde-4726-4206-ae95-61a4fde1922a,5,2025,3,False,2,False,False,20,15,31,4751.127272727273,110,522624.0,177100.0,50.0,False,,,30.0,0.0,1223.0,42,0.0019115080822924321
1400.0,Nem kategorizált,2025-05-16 13:02:26,20250516_6f93d774-1f4e-4f90-959a-a0c3f8653a2c,Bejövő,AZONNALI FIZETÉS,3Dye4gBbAdPQSto3WbqgkBu6lrj2,none,,453ebbac-6087-4721-913b-7c2e4d205a07,5,2025,4,False,2,False,False,20,16,31,4751.127272727273,110,522624.0,177100.0,50.0,False,,,30.0,0.0,29354.285714285714,7,0.0026787901053147195
2500.0,Bevásárlás,2025-05-17 20:51:52,2025.05.17 4159956198 CSABAGYÖNGYE KÁVÉZÓ      -ÉRINTŐ,Kimenő,VÁSÁRLÁS KÁRTYÁVAL,3Dye4gBbAdPQSto3WbqgkBu6lrj2,none,,d24761e5-ab11-4fbb-ae24-20f12ebad8f8,5,2025,5,True,2,False,False,20,17,31,4751.127272727273,110,522624.0,177100.0,50.0,False,,,30.0,0.0,1922.896551724138,29,0.0047835537594905705
1890.0,Közlekedés,2025-05-18 11:44:03,2025.05.18 4159956198 OTPMOBL*prodv2,Kimenő,VÁSÁRLÁS KÁRTYÁVAL,3Dye4gBbAdPQSto3WbqgkBu6lrj2,none,,c1b46e16-b708-4b0f-8104-33c19fb53d35,5,2025,6,True,2,False,False,20,18,31,4751.127272727273,110,522624.0,177100.0,50.0,False,,,30.0,0.0,1119.625,8,0.003616366642174871
419.0,Közlekedés,2025-05-18 14:22:50,2025.05.18 4159956198 BÉKÉSCSABA MÁV           -ÉRINTŐ,Kimenő,VÁSÁRLÁS KÁRTYÁVAL,3Dye4gBbAdPQSto3WbqgkBu6lrj2,none,,83c472eb-c624-443f-9de0-748a4e7003e1,5,2025,6,True,2,False,False,20,18,31,4751.127272727273,110,522624.0,177100.0,50.0,False,,,30.0,0.0,1119.625,8,0.0008017236100906197
1434.0,Bevásárlás,2025-05-18 17:39:02,2025.05.18 4159956198 PENNY 9550300242         -GOOGLE,Kimenő,VÁSÁRLÁS KÁRTYÁVAL,3Dye4gBbAdPQSto3WbqgkBu6lrj2,none,,bdbae0a7-e885-4c62-9fa2-12b6745ba3cc,5,2025,6,True,2,False,False,20,18,31,4751.127272727273,110,522624.0,177100.0,50.0,False,,,30.0,0.0,1922.896551724138,29,0.002743846436443791
6454.0,Bevásárlás,2025-05-19 13:47:09,2025.05.19 4159956198 TESCO 41420 ÖNKISZOLG    -ÉRINTŐ,Kimenő,VÁSÁRLÁS KÁRTYÁVAL,3Dye4gBbAdPQSto3WbqgkBu6lrj2,none,,7f68384c-fd63-4afe-8010-e3134dee4fed,5,2025,0,False,2,False,False,21,19,31,4751.127272727273,110,522624.0,177100.0,50.0,False,,,30.0,0.0,1922.896551724138,29,0.012349222385500857
380.0,Vendéglátás,2025-05-19 17:49:14,"2025.05.19 4159956198 NYX*AloisDallmayrAutom   -ÉRINTŐ 0,940EUR    0,",Kimenő,VÁSÁRLÁS KÁRTYÁVAL,3Dye4gBbAdPQSto3WbqgkBu6lrj2,none,,f22c8d39-f9d6-4f4a-a4ae-b50a5741306f,5,2025,0,False,2,False,False,21,19,31,4751.127272727273,110,522624.0,177100.0,50.0,False,,,30.0,0.0,1223.0,42,0.0007271001714425667
480.0,Vendéglátás,2025-05-19 19:53:41,2025.05.19 4159956198 Csiga PÚksÚg -Bem utca   -ÉRINTŐ,Kimenő,VÁSÁRLÁS KÁRTYÁVAL,3Dye4gBbAdPQSto3WbqgkBu6lrj2,none,,624aa5ec-f340-4acc-9e30-ca3696f8ca78,5,2025,0,False,2,False,False,21,19,31,4751.127272727273,110,522624.0,177100.0,50.0,False,,,30.0,0.0,1223.0,42,0.0009184423218221896
1500.0,Szórakozás,2025-05-19 20:24:40,"2025.05.19 4159956198 DtkPub                   -ÉRINTŐ 3,720EUR    0,",Kimenő,VÁSÁRLÁS KÁRTYÁVAL,3Dye4gBbAdPQSto3WbqgkBu6lrj2,none,,3f1a8c17-f7cd-42d5-889c-1c3761f4fca6,5,2025,0,False,2,False,False,21,19,31,4751.127272727273,110,522624.0,177100.0,50.0,False,,,30.0,0.0,4343.0,8,0.0028701322556943425
890.0,Szórakozás,2025-05-19 21:17:46,"2025.05.19 4159956198 DtkPub                   -ÉRINTŐ 2,210EUR    0,",Kimenő,VÁSÁRLÁS KÁRTYÁVAL,3Dye4gBbAdPQSto3WbqgkBu6lrj2,none,,356d2041-f437-4585-89a4-c562b481a0b6,5,2025,0,False,2,False,False,21,19,31,4751.127272727273,110,522624.0,177100.0,50.0,False,,,30.0,0.0,4343.0,8,0.0017029451383786432
860.0,Szórakozás,2025-05-19 21:42:11,"2025.05.19 4159956198 DtkPub                   -ÉRINTŐ 2,130EUR    0,",Kimenő,VÁSÁRLÁS KÁRTYÁVAL,3Dye4gBbAdPQSto3WbqgkBu6lrj2,none,,1f94a8ad-cd38-4a7a-b55c-8e75cb5ff633,5,2025,0,False,2,False,False,21,19,31,4751.127272727273,110,522624.0,177100.0,50.0,False,,,30.0,0.0,4343.0,8,0.0016455424932647564
1290.0,Egyéb,2025-05-19 23:41:41,2025.05.19 4159956198 SZEGED BORFESZTIVÁL      -ÉRINTŐ,Kimenő,VÁSÁRLÁS KÁRTYÁVAL,3Dye4gBbAdPQSto3WbqgkBu6lrj2,none,,b6c203e8-b541-4558-9a69-e704b7d461ab,5,2025,0,False,2,False,False,21,19,31,4751.127272727273,110,522624.0,177100.0,50.0,False,,,30.0,0.0,1434.0,5,0.0024683137398971346
400.0,Nem kategorizált,2025-05-20 09:51:00,20250520_6312a9ed-6ae1-4ef3-b912-0dae80460cfe,Bejövő,AZONNALI FIZETÉS,3Dye4gBbAdPQSto3WbqgkBu6lrj2,none,,9c9e8c4e-8ce2-477b-8e8d-0a40fbf8e338,5,2025,1,False,2,False,False,21,20,31,4751.127272727273,110,522624.0,177100.0,50.0,False,,,30.0,0.0,29354.285714285714,7,0.0007653686015184913
713.0,Bevásárlás,2025-05-20 09:57:40,2025.05.20 4159956198 SPAR 0608                -ÉRINTŐ,Kimenő,VÁSÁRLÁS KÁRTYÁVAL,3Dye4gBbAdPQSto3WbqgkBu6lrj2,none,,1c15bac4-21bc-476c-85e1-1c7ae51a7324,5,2025,1,False,2,False,False,21,20,31,4751.127272727273,110,522624.0,177100.0,50.0,False,,,30.0,0.0,1922.896551724138,29,0.0013642695322067108
1598.0,Bevásárlás,2025-05-20 13:37:20,2025.05.20 4159956198 KÁROLYI ABC              -ÉRINTŐ,Kimenő,VÁSÁRLÁS KÁRTYÁVAL,3Dye4gBbAdPQSto3WbqgkBu6lrj2,none,,621d141f-d2d2-46f1-8f80-8603a91d614d,5,2025,1,False,2,False,False,21,20,31,4751.127272727273,110,522624.0,177100.0,50.0,False,,,30.0,0.0,1922.896551724138,29,0.0030576475630663727
570.0,Vendéglátás,2025-05-20 17:48:56,2025.05.20 4159956198 Csiga PÚksÚg -Bem utca   -ÉRINTŐ,Kimenő,VÁSÁRLÁS KÁRTYÁVAL,3Dye4gBbAdPQSto3WbqgkBu6lrj2,none,,6f7c4a50-557f-41dc-898d-71b8795e6f25,5,2025,1,False,2,False,False,21,20,31,4751.127272727273,110,522624.0,177100.0,50.0,False,,,30.0,0.0,1223.0,42,0.0010906502571638502
380.0,Vendéglátás,2025-05-20 17:51:40,"2025.05.20 4159956198 NYX*AloisDallmayrAutom   -ÉRINTŐ 0,940EUR    0,",Kimenő,VÁSÁRLÁS KÁRTYÁVAL,3Dye4gBbAdPQSto3WbqgkBu6lrj2,none,,c859d927-ea7b-4382-a226-71ae74275386,5,2025,1,False,2,False,False,21,20,31,4751.127272727273,110,522624.0,177100.0,50.0,False,,,30.0,0.0,1223.0,42,0.0007271001714425667
659.0,Vendéglátás,2025-05-20 18:05:21,2025.05.20 4159956198 MAV SZEGED BUFE          -ÉRINTŐ,Kimenő,VÁSÁRLÁS KÁRTYÁVAL,3Dye4gBbAdPQSto3WbqgkBu6lrj2,none,,3f88738b-6c85-4f5a-9691-54ac7be4064a,5,2025,1,False,2,False,False,21,20,31,4751.127272727273,110,522624.0,177100.0,50.0,False,,,30.0,0.0,1223.0,42,0.0012609447710017145
940.0,Közlekedés,2025-05-20 18:06:51,2025.05.20 4159956198 OTPMOBL*VIMPAY.MAV-STA,Kimenő,VÁSÁRLÁS KÁRTYÁVAL,3Dye4gBbAdPQSto3WbqgkBu6lrj2,none,,b91da973-f0cf-4fcb-ac59-f0b511426a2f,5,2025,1,False,2,False,False,21,20,31,4751.127272727273,110,522624.0,177100.0,50.0,False,,,30.0,0.0,1119.625,8,0.0017986162135684546
1890.0,Vendéglátás,2025-05-21 11:45:38,2025.05.21 4159956198 BESZEDA ÉS FIAI          -ÉRINTŐ,Kimenő,VÁSÁRLÁS KÁRTYÁVAL,3Dye4gBbAdPQSto3WbqgkBu6lrj2,none,,87784fca-d008-40fb-b9d4-7d022615095e,5,2025,2,False,2,False,False,21,21,31,4751.127272727273,110,522624.0,177100.0,50.0,False,,,30.0,0.0,1223.0,42,0.003616366642174871
2043.0,Bevásárlás,2025-05-22 08:06:39,2025.05.22 4159956198 CBA  PR°MA ÉLELMISZE     -ÉRINTŐ,Kimenő,VÁSÁRLÁS KÁRTYÁVAL,3Dye4gBbAdPQSto3WbqgkBu6lrj2,none,,0112b6bd-148d-41bb-b723-eed783e34493,5,2025,3,False,2,False,False,21,22,31,4751.127272727273,110,522624.0,177100.0,50.0,False,,,30.0,0.0,1922.896551724138,29,0.0039091201322556945
1890.0,Vendéglátás,2025-05-22 12:00:16,2025.05.22 4159956198 BESZEDA ÉS FIAI          -ÉRINTŐ,Kimenő,VÁSÁRLÁS KÁRTYÁVAL,3Dye4gBbAdPQSto3WbqgkBu6lrj2,none,,031a4159-1ea4-45ee-b14d-9fffaca993fb,5,2025,3,False,2,False,False,21,22,31,4751.127272727273,110,522624.0,177100.0,50.0,False,,,30.0,0.0,1223.0,42,0.003616366642174871
699.0,Vendéglátás,2025-05-22 20:14:51,2025.05.22 4159956198 TRIO Pizza Fornetti      -ÉRINTŐ,Kimenő,VÁSÁRLÁS KÁRTYÁVAL,3Dye4gBbAdPQSto3WbqgkBu6lrj2,none,,25d6e3d7-8a1a-47e5-a250-6760c1387e11,5,2025,3,False,2,False,False,21,22,31,4751.127272727273,110,522624.0,177100.0,50.0,False,,,30.0,0.0,1223.0,42,0.0013374816311535636
940.0,Közlekedés,2025-05-22 20:19:40,2025.05.22 4159956198 OTPMOBL*VIMPAY.MAV-STA,Kimenő,VÁSÁRLÁS KÁRTYÁVAL,3Dye4gBbAdPQSto3WbqgkBu6lrj2,none,,4c209f5b-a072-412b-a2fc-9ab59ee14a30,5,2025,3,False,2,False,False,21,22,31,4751.127272727273,110,522624.0,177100.0,50.0,False,,,30.0,0.0,1119.625,8,0.0017986162135684546
44084.0,"Számlák, rezsi",2025-05-23 09:41:47,2025.05.23 4159956198 OTPMOBL*allianz,Kimenő,VÁSÁRLÁS KÁRTYÁVAL,3Dye4gBbAdPQSto3WbqgkBu6lrj2,none,,e741dadc-fdd0-4d47-9741-0772743f9944,5,2025,4,False,2,False,False,21,23,31,4751.127272727273,110,522624.0,177100.0,50.0,False,,,30.0,0.0,18584.75,8,0.08435127357335293
1850.0,Vendéglátás,2025-05-23 12:12:06,2025.05.23 4159956198 TRÓJA ÉTELBÁR            -ÉRINTŐ,Kimenő,VÁSÁRLÁS KÁRTYÁVAL,3Dye4gBbAdPQSto3WbqgkBu6lrj2,none,,b460661e-8762-42fd-96b7-a2f2950271bf,5,2025,4,False,2,False,False,21,23,31,4751.127272727273,110,522624.0,177100.0,50.0,False,,,30.0,0.0,1223.0,42,0.0035398297820230223
604.0,Bevásárlás,2025-05-23 12:40:16,2025.05.23 4159956198 KÁROLYI ABC              -ÉRINTŐ,Kimenő,VÁSÁRLÁS KÁRTYÁVAL,3Dye4gBbAdPQSto3WbqgkBu6lrj2,none,,7217c70d-f0c9-4c22-aa20-e17abb913fa3,5,2025,4,False,2,False,False,21,23,31,4751.127272727273,110,522624.0,177100.0,50.0,False,,,30.0,0.0,1922.896551724138,29,0.0011557065882929218
5720.0,Vendéglátás,2025-05-24 12:34:38,2025.05.24 4159956198 HAMBURGERBÁR             -ÉRINTŐ,Kimenő,VÁSÁRLÁS KÁRTYÁVAL,3Dye4gBbAdPQSto3WbqgkBu6lrj2,none,,4c8884f8-bbc5-4ca0-b4bb-593c1e7a4def,5,2025,5,True,2,False,False,21,24,31,4751.127272727273,110,522624.0,177100.0,50.0,False,,,30.0,0.0,1223.0,42,0.010944771001714426
6046.0,Bevásárlás,2025-05-24 19:01:20,2025.05.24 4159956198 TESCO 41026 ÖNKISZOLG    -ÉRINTŐ,Kimenő,VÁSÁRLÁS KÁRTYÁVAL,3Dye4gBbAdPQSto3WbqgkBu6lrj2,none,,d0e36ba7-2388-4391-aa4b-eb290e4a124e,5,2025,5,True,2,False,False,21,24,31,4751.127272727273,110,522624.0,177100.0,50.0,False,,,30.0,0.0,1922.896551724138,29,0.011568546411951996
1500.0,"Számlák, rezsi",2025-05-24 19:46:10,"2025.05.24 4159956198 SQUARETRADE EUROPE 3,720EUR    0,",Kimenő,VÁSÁRLÁS KÁRTYÁVAL,3Dye4gBbAdPQSto3WbqgkBu6lrj2,none,,37d45e59-307c-4ef2-819a-0a524298b9c6,5,2025,5,True,2,False,False,21,24,31,4751.127272727273,110,522624.0,177100.0,50.0,False,,,30.0,0.0,18584.75,8,0.0028701322556943425
908.0,Közlekedés,2025-05-25 14:33:45,2025.05.25 4159956198 BÉKÉSCSABA MÁV           -ÉRINTŐ,Kimenő,VÁSÁRLÁS KÁRTYÁVAL,3Dye4gBbAdPQSto3WbqgkBu6lrj2,none,,cbb364bc-3efa-42d8-9122-a87ef7dfd5eb,5,2025,6,True,2,False,False,21,25,31,4751.127272727273,110,522624.0,177100.0,50.0,False,,,30.0,0.0,1119.625,8,0.0017373867254469753
1700.0,Vendéglátás,2025-05-25 18:47:53,2025.05.25 4159956198 ADRE-VINO KFT. MOZGO 2   -ÉRINTŐ,Kimenő,VÁSÁRLÁS KÁRTYÁVAL,3Dye4gBbAdPQSto3WbqgkBu6lrj2,none,,3da52449-9c7c-4c7b-97f8-66822e4cefd1,5,2025,6,True,2,False,False,21,25,31,4751.127272727273,110,522624.0,177100.0,50.0,False,,,30.0,0.0,1223.0,42,0.003252816556453588
3050.0,Egyéb,2025-05-25 19:33:53,2025.05.25 4159956198 SZEGED BORFESZTIVÁL      -ÉRINTŐ,Kimenő,VÁSÁRLÁS KÁRTYÁVAL,3Dye4gBbAdPQSto3WbqgkBu6lrj2,none,,b738735c-7705-4db7-a609-d94d0a4d786e,5,2025,6,True,2,False,False,21,25,31,4751.127272727273,110,522624.0,177100.0,50.0,False,,,30.0,0.0,1434.0,5,0.005835935586578496
750.0,Egyéb,2025-05-25 23:01:15,2025.05.25 4159956198 SZEGED BORFESZTIVÁL      -ÉRINTŐ,Kimenő,VÁSÁRLÁS KÁRTYÁVAL,3Dye4gBbAdPQSto3WbqgkBu6lrj2,none,,8464f436-376c-4453-a880-38b04ee38b34,5,2025,6,True,2,False,False,21,25,31,4751.127272727273,110,522624.0,177100.0,50.0,False,,,30.0,0.0,1434.0,5,0.0014350661278471713
50.0,Nem kategorizált,2025-05-26 08:42:50,20250526_1d38cac5-5564-3642-9df8-a2193d2d0a5e,Bejövő,AZONNALI FIZETÉS,3Dye4gBbAdPQSto3WbqgkBu6lrj2,none,,c0f0c85e-af6e-405b-a48b-d90da5000307,5,2025,0,False,2,False,True,22,26,31,4751.127272727273,110,522624.0,177100.0,50.0,False,,,30.0,0.0,29354.285714285714,7,9.567107518981141e-05
399.0,Bevásárlás,2025-05-26 12:32:26,2025.05.26 4159956198 KÁROLYI ABC              -GOOGLE,Kimenő,VÁSÁRLÁS KÁRTYÁVAL,3Dye4gBbAdPQSto3WbqgkBu6lrj2,none,,c4e50226-7d0a-4af2-a04f-b2dfe0251e9d,5,2025,0,False,2,False,True,22,26,31,4751.127272727273,110,522624.0,177100.0,50.0,False,,,30.0,0.0,1922.896551724138,29,0.0007634551800146951
1190.0,Vendéglátás,2025-05-26 14:03:51,2025.05.26 4159956198 DOCK CAFÉ                -ÉRINTŐ,Kimenő,VÁSÁRLÁS KÁRTYÁVAL,3Dye4gBbAdPQSto3WbqgkBu6lrj2,none,,5092dd08-e7fb-4f6c-9a83-bbd0a57ad1b2,5,2025,0,False,2,False,True,22,26,31,4751.127272727273,110,522624.0,177100.0,50.0,False,,,30.0,0.0,1223.0,42,0.0022769715895175117
1980.0,Közlekedés,2025-05-26 14:40:16,2025.05.26 4159956198 MÁV-START JEGYKIADÓ      -ÉRINTŐ,Kimenő,VÁSÁRLÁS KÁRTYÁVAL,3Dye4gBbAdPQSto3WbqgkBu6lrj2,none,,6692c70d-ea20-4b45-a435-223a7a1f5d16,5,2025,0,False,2,False,True,22,26,31,4751.127272727273,110,522624.0,177100.0,50.0,False,,,30.0,0.0,1119.625,8,0.003788574577516532
1040.0,Vendéglátás,2025-05-26 15:11:58,2025.05.26 4159956198 UTASELLÁTÓ               -ÉRINTŐ,Kimenő,VÁSÁRLÁS KÁRTYÁVAL,3Dye4gBbAdPQSto3WbqgkBu6lrj2,none,,6428fe9b-f824-4511-a6d4-ea9eeb329380,5,2025,0,False,2,False,True,22,26,31,4751.127272727273,110,522624.0,177100.0,50.0,False,,,30.0,0.0,1223.0,42,0.0019899583639480774
450.0,Vendéglátás,2025-05-26 17:55:30,"2025.05.26 4159956198 NYX*AloisDallmayrAutom   -ÉRINTŐ 1,120EUR    0,",Kimenő,VÁSÁRLÁS KÁRTYÁVAL,3Dye4gBbAdPQSto3WbqgkBu6lrj2,none,,af9d1dd3-1ac6-4376-a4f2-c5c06e0d46b1,5,2025,0,False,2,False,True,22,26,31,4751.127272727273,110,522624.0,177100.0,50.0,False,,,30.0,0.0,1223.0,42,0.0008610396767083028
699.0,Vendéglátás,2025-05-26 18:38:52,2025.05.26 4159956198 TRIO Pizza Fornetti      -ÉRINTŐ,Kimenő,VÁSÁRLÁS KÁRTYÁVAL,3Dye4gBbAdPQSto3WbqgkBu6lrj2,none,,274a88c4-3c17-447d-9696-df76309d015a,5,2025,0,False,2,False,True,22,26,31,4751.127272727273,110,522624.0,177100.0,50.0,False,,,30.0,0.0,1223.0,42,0.0013374816311535636
549.0,Vendéglátás,2025-05-27 08:02:20,2025.05.27 4159956198 TRIO Pizza Fornetti      -ÉRINTŐ,Kimenő,VÁSÁRLÁS KÁRTYÁVAL,3Dye4gBbAdPQSto3WbqgkBu6lrj2,none,,604ab7ac-4485-4ed7-a0f0-62107e8de663,5,2025,1,False,2,False,True,22,27,31,4751.127272727273,110,522624.0,177100.0,50.0,False,,,30.0,0.0,1223.0,42,0.0010504684055841294
10443.0,Bevásárlás,2025-05-27 18:16:43,2025.05.27 4159956198 AUCHAN SZENTENDREI UT    -ÉRINTŐ,Kimenő,VÁSÁRLÁS KÁRTYÁVAL,3Dye4gBbAdPQSto3WbqgkBu6lrj2,none,,bbef4728-ce25-459d-9807-bcd975e6ccc0,5,2025,1,False,2,False,True,22,27,31,4751.127272727273,110,522624.0,177100.0,50.0,False,,,30.0,0.0,1922.896551724138,29,0.019981860764144013
2500.0,Vendéglátás,2025-05-28 11:52:35,2025.05.28 4159956198 Dagoba                   -GOOGLE,Kimenő,VÁSÁRLÁS KÁRTYÁVAL,3Dye4gBbAdPQSto3WbqgkBu6lrj2,none,,d7b1d3bc-53ce-4d3b-813e-2c109c6c4868,5,2025,2,False,2,False,True,22,28,31,4751.127272727273,110,522624.0,177100.0,50.0,False,,,30.0,0.0,1223.0,42,0.0047835537594905705
1336.0,Bevásárlás,2025-05-28 18:18:03,2025.05.28 4159956198 CBA  PR°MA ÉLELMISZE     -ÉRINTŐ,Kimenő,VÁSÁRLÁS KÁRTYÁVAL,3Dye4gBbAdPQSto3WbqgkBu6lrj2,none,,c2719af1-3dba-4421-87aa-ac3987df2f2d,5,2025,2,False,2,False,True,22,28,31,4751.127272727273,110,522624.0,177100.0,50.0,False,,,30.0,0.0,1922.896551724138,29,0.002556331129071761
1498.0,Otthon,2025-05-29 17:56:51,2025.05.29 4159956198 MM BUDA                  -ÉRINTŐ,Kimenő,VÁSÁRLÁS KÁRTYÁVAL,3Dye4gBbAdPQSto3WbqgkBu6lrj2,none,,a0d91984-8b1d-41c7-a04c-dc1abdd22cd0,5,2025,3,False,2,False,True,22,29,31,4751.127272727273,110,522624.0,177100.0,50.0,False,,,30.0,0.0,1498.0,1,0.0028663054126867498
3300.0,Szórakozás,2025-05-29 19:29:06,"2025.05.29 4159956198 Belvaros-Lipotvaros Sp   -ÉRINTŐ 8,180EUR    0,",Kimenő,VÁSÁRLÁS KÁRTYÁVAL,3Dye4gBbAdPQSto3WbqgkBu6lrj2,none,,55b98318-c5ea-4b75-84b0-39e4ff02dbad,5,2025,3,False,2,False,True,22,29,31,4751.127272727273,110,522624.0,177100.0,50.0,False,,,30.0,0.0,4343.0,8,0.0063142909625275535
720.0,Vendéglátás,2025-05-29 21:11:48,"2025.05.29 4159956198 NYX*AloisDallmayrAutom   -ÉRINTŐ 1,780EUR    0,",Kimenő,VÁSÁRLÁS KÁRTYÁVAL,3Dye4gBbAdPQSto3WbqgkBu6lrj2,none,,ee01dc6e-b293-4a6e-9643-99b40af9d4ed,5,2025,3,False,2,False,True,22,29,31,4751.127272727273,110,522624.0,177100.0,50.0,False,,,30.0,0.0,1223.0,42,0.0013776634827332844
500.0,Vendéglátás,2025-05-30 13:06:36,2025.05.30 4159956198 p w vendéglátó           -ÉRINTŐ,Kimenő,VÁSÁRLÁS KÁRTYÁVAL,3Dye4gBbAdPQSto3WbqgkBu6lrj2,none,,887c5bcd-7c64-4019-8486-e70656078713,5,2025,4,False,2,False,True,22,30,31,4751.127272727273,110,522624.0,177100.0,50.0,False,,,30.0,0.0,1223.0,42,0.0009567107518981141
380.0,Vendéglátás,2025-05-30 13:06:58,"2025.05.30 4159956198 NYX*AloisDallmayrAutom   -ÉRINTŐ 0,940EUR    0,",Kimenő,VÁSÁRLÁS KÁRTYÁVAL,3Dye4gBbAdPQSto3WbqgkBu6lrj2,none,,ba8b5e27-bc81-44c6-aa22-5f0113e5da60,5,2025,4,False,2,False,True,22,30,31,4751.127272727273,110,522624.0,177100.0,50.0,False,,,30.0,0.0,1223.0,42,0.0007271001714425667
299.0,Bevásárlás,2025-05-30 15:10:27,2025.05.30 4159956198 BUDAI ABC                -ÉRINTŐ,Kimenő,VÁSÁRLÁS KÁRTYÁVAL,3Dye4gBbAdPQSto3WbqgkBu6lrj2,none,,338fa987-3e0a-4b81-90bc-538d280af17d,5,2025,4,False,2,False,True,22,30,31,4751.127272727273,110,522624.0,177100.0,50.0,False,,,30.0,0.0,1922.896551724138,29,0.0005721130296350722
10230.0,Nem kategorizált,2025-05-30 23:02:54,2025.05.30 4159956198 Toth Alex e.v.           -ÉRINTŐ,Kimenő,VÁSÁRLÁS KÁRTYÁVAL,3Dye4gBbAdPQSto3WbqgkBu6lrj2,none,,920d0d35-bad5-4151-bc12-d6bead043ac9,5,2025,4,False,2,False,True,22,30,31,4751.127272727273,110,522624.0,177100.0,50.0,False,,,30.0,0.0,29354.285714285714,7,0.019574301983835415
430.0,Vendéglátás,2025-06-01 18:14:12,"2025.06.01 4159956198 NYX*AloisDallmayrAutom   -ÉRINTŐ 1,070EUR    0,",Kimenő,VÁSÁRLÁS KÁRTYÁVAL,3Dye4gBbAdPQSto3WbqgkBu6lrj2,none,,cba8426e-1a63-480b-9d1d-ca68cc9b5384,6,2025,6,True,2,True,False,22,1,30,9014.617391304348,115,1036681.0,239200.0,45.0,False,,,30.0,0.0,1149.8636363636363,44,0.00041478526181149266
699.0,Vendéglátás,2025-06-01 19:44:05,2025.06.01 4159956198 TRIO Pizza Fornetti      -ÉRINTŐ,Kimenő,VÁSÁRLÁS KÁRTYÁVAL,3Dye4gBbAdPQSto3WbqgkBu6lrj2,none,,e76a2d0d-0b2f-4e17-bf8c-00abe9844204,6,2025,6,True,2,True,False,22,1,30,9014.617391304348,115,1036681.0,239200.0,45.0,False,,,30.0,0.0,1149.8636363636363,44,0.000674267204665659
4782.0,Bevásárlás,2025-06-02 08:06:02,2025.06.02 4159956198 LIDL ÁRUHÁZ 0365.SZ.     -ÉRINTŐ,Kimenő,VÁSÁRLÁS KÁRTYÁVAL,3Dye4gBbAdPQSto3WbqgkBu6lrj2,none,,50129ead-c4eb-4d48-af38-9bc0bd46a37f,6,2025,0,False,2,True,False,23,2,30,9014.617391304348,115,1036681.0,239200.0,45.0,False,,,30.0,0.0,1809.483870967742,31,0.004612797958098972
15455.0,"Számlák, rezsi",2025-06-02 12:57:29,2025.06.02 4159956198 OTPMOBL*one,Kimenő,VÁSÁRLÁS KÁRTYÁVAL,3Dye4gBbAdPQSto3WbqgkBu6lrj2,none,,47cb62f1-5589-436f-b3cd-a605389a963b,6,2025,0,False,2,True,False,23,2,30,9014.617391304348,115,1036681.0,239200.0,45.0,False,,,30.0,0.0,41410.0,6,0.014908154003015392
1245.0,Bevásárlás,2025-06-02 18:24:30,2025.06.02 4159956198 LIDL ÁRUHÁZ 0365.SZ.     -ÉRINTŐ,Kimenő,VÁSÁRLÁS KÁRTYÁVAL,3Dye4gBbAdPQSto3WbqgkBu6lrj2,none,,0a0d1c7c-901f-41ac-be6a-f80ad369debb,6,2025,0,False,2,True,False,23,2,30,9014.617391304348,115,1036681.0,239200.0,45.0,False,,,30.0,0.0,1809.483870967742,31,0.0012009480254774611
350.0,Egyéb,2025-06-03 08:20:00,,Kimenő,ESETI MEGBÍZÁSOK KÖLTSÉGE,3Dye4gBbAdPQSto3WbqgkBu6lrj2,none,,2520b249-02cf-4521-9053-5981c15b671b,6,2025,1,False,2,True,False,23,3,30,9014.617391304348,115,1036681.0,239200.0,45.0,False,,,30.0,0.0,425.0,2,0.00033761591077679636
70000.0,"Számlák, rezsi",2025-06-03 08:20:47,Varga Bence-juniusi lakbér,Kimenő,AZONNALI FIZETÉS,3Dye4gBbAdPQSto3WbqgkBu6lrj2,none,,bbab65e9-0d88-4c2d-9e08-86a7cb11937d,6,2025,1,False,2,True,False,23,3,30,9014.617391304348,115,1036681.0,239200.0,45.0,False,,,30.0,0.0,41410.0,6,0.06752318215535927
650.0,Nem kategorizált,2025-06-03 10:09:53,20250603_70655564-a1bd-365d-a1a1-f7432f48d132,Bejövő,AZONNALI FIZETÉS,3Dye4gBbAdPQSto3WbqgkBu6lrj2,none,,e9809c8f-d21a-4c6d-9dd7-1f1b6aa74597,6,2025,1,False,2,True,False,23,3,30,9014.617391304348,115,1036681.0,239200.0,45.0,False,,,30.0,0.0,36137.5,12,0.0006270009771569074
1800.0,Vendéglátás,2025-06-03 12:20:45,2025.06.03 4159956198 SZOTE  telbąr Kft.       -ÉRINTŐ,Kimenő,VÁSÁRLÁS KÁRTYÁVAL,3Dye4gBbAdPQSto3WbqgkBu6lrj2,none,,6355bbb3-2b27-4a57-a1d0-c74f1a5d5117,6,2025,1,False,2,True,False,23,3,30,9014.617391304348,115,1036681.0,239200.0,45.0,False,,,30.0,0.0,1149.8636363636363,44,0.001736310398280667
229.0,Vendéglátás,2025-06-03 16:20:45,2025.06.03 4159956198 CAFETIK1                 -ÉRINTŐ,Kimenő,VÁSÁRLÁS KÁRTYÁVAL,3Dye4gBbAdPQSto3WbqgkBu6lrj2,none,,e7f329c1-2483-4f15-a32a-8711fca739e6,6,2025,1,False,2,True,False,23,3,30,9014.617391304348,115,1036681.0,239200.0,45.0,False,,,30.0,0.0,1149.8636363636363,44,0.00022089726733681817
860.0,Szórakozás,2025-06-03 19:56:23,"2025.06.03 4159956198 DtkPub                   -ÉRINTŐ 2,130EUR    0,",Kimenő,VÁSÁRLÁS KÁRTYÁVAL,3Dye4gBbAdPQSto3WbqgkBu6lrj2,none,,882a512c-4030-471f-b8b5-44a5a68ad82f,6,2025,1,False,2,True,False,23,3,30,9014.617391304348,115,1036681.0,239200.0,45.0,False,,,30.0,0.0,2418.0,9,0.0008295705236229853
860.0,Szórakozás,2025-06-03 20:37:53,"2025.06.03 4159956198 DtkPub                   -ÉRINTŐ 2,130EUR    0,",Kimenő,VÁSÁRLÁS KÁRTYÁVAL,3Dye4gBbAdPQSto3WbqgkBu6lrj2,none,,7783b449-27f7-4132-ba9d-ba19840daa31,6,2025,1,False,2,True,False,23,3,30,9014.617391304348,115,1036681.0,239200.0,45.0,False,,,30.0,0.0,2418.0,9,0.0008295705236229853
1890.0,Vendéglátás,2025-06-03 21:40:13,2025.06.03 4159956198 MCD SZEGED 1.            -ÉRINTŐ,Kimenő,VÁSÁRLÁS KÁRTYÁVAL,3Dye4gBbAdPQSto3WbqgkBu6lrj2,none,,3990dc40-f90a-4850-bdd0-566f71aaedc2,6,2025,1,False,2,True,False,23,3,30,9014.617391304348,115,1036681.0,239200.0,45.0,False,,,30.0,0.0,1149.8636363636363,44,0.0018231259181947003
1199.0,Bevásárlás,2025-06-04 11:51:57,2025.06.04 4159956198 KÁROLYI ABC              -ÉRINTŐ,Kimenő,VÁSÁRLÁS KÁRTYÁVAL,3Dye4gBbAdPQSto3WbqgkBu6lrj2,none,,0c56d27d-7c94-4ece-8601-56dc4425ac47,6,2025,2,False,2,True,False,23,4,30,9014.617391304348,115,1036681.0,239200.0,45.0,False,,,30.0,0.0,1809.483870967742,31,0.001156575648632511
460.0,Vendéglátás,2025-06-04 18:14:32,2025.06.04 4159956198 Csiga PÚksÚg -Bem utca   -ÉRINTŐ,Kimenő,VÁSÁRLÁS KÁRTYÁVAL,3Dye4gBbAdPQSto3WbqgkBu6lrj2,none,,daad79ec-aad4-48de-9a74-05e2f46914f4,6,2025,2,False,2,True,False,23,4,30,9014.617391304348,115,1036681.0,239200.0,45.0,False,,,30.0,0.0,1149.8636363636363,44,0.00044372376844950377
380.0,Vendéglátás,2025-06-04 18:18:26,"2025.06.04 4159956198 NYX*AloisDallmayrAutom   -ÉRINTŐ 0,940EUR    0,",Kimenő,VÁSÁRLÁS KÁRTYÁVAL,3Dye4gBbAdPQSto3WbqgkBu6lrj2,none,,91e206fe-841d-4895-82d7-7886fdde50dd,6,2025,2,False,2,True,False,23,4,30,9014.617391304348,115,1036681.0,239200.0,45.0,False,,,30.0,0.0,1149.8636363636363,44,0.00036655441741480747
485.0,Bevásárlás,2025-06-05 07:47:35,2025.06.05 4159956198 CBA  PR°MA ÉLELMISZE     -ÉRINTŐ,Kimenő,VÁSÁRLÁS KÁRTYÁVAL,3Dye4gBbAdPQSto3WbqgkBu6lrj2,none,,91c81457-2c73-4b6f-9835-196ba86b41a6,6,2025,3,False,2,True,False,23,5,30,9014.617391304348,115,1036681.0,239200.0,45.0,False,,,30.0,0.0,1809.483870967742,31,0.00046783919064784636
290.0,Bevásárlás,2025-06-05 07:49:30,2025.06.05 4159956198 Cafe+Co HU 224130        -ÉRINTŐ,Kimenő,VÁSÁRLÁS KÁRTYÁVAL,3Dye4gBbAdPQSto3WbqgkBu6lrj2,none,,ef9afe6c-82d7-452f-b8c3-9c63b5c08b13,6,2025,3,False,2,True,False,23,5,30,9014.617391304348,115,1036681.0,239200.0,45.0,False,,,30.0,0.0,1809.483870967742,31,0.0002797388975007741
1890.0,Vendéglátás,2025-06-05 11:51:24,2025.06.05 4159956198 BESZEDA ÉS FIAI          -ÉRINTŐ,Kimenő,VÁSÁRLÁS KÁRTYÁVAL,3Dye4gBbAdPQSto3WbqgkBu6lrj2,none,,e3d2ad78-8b6c-4a55-b384-2d6cbf60628d,6,2025,3,False,2,True,False,23,5,30,9014.617391304348,115,1036681.0,239200.0,45.0,False,,,30.0,0.0,1149.8636363636363,44,0.0018231259181947003
998.0,Bevásárlás,2025-06-05 18:23:29,2025.06.05 4159956198 CBA  PR°MA ÉLELMISZE     -ÉRINTŐ,Kimenő,VÁSÁRLÁS KÁRTYÁVAL,3Dye4gBbAdPQSto3WbqgkBu6lrj2,none,,94e5cc8d-b0f2-44bb-b20a-da9c19e35ed7,6,2025,3,False,2,True,False,23,5,30,9014.617391304348,115,1036681.0,239200.0,45.0,False,,,30.0,0.0,1809.483870967742,31,0.0009626876541578365
1790.0,Vendéglátás,2025-06-06 11:41:14,2025.06.06 4159956198 HELOPAY*GNOCCO CORVIN SET-ÉRINTŐ,Kimenő,VÁSÁRLÁS KÁRTYÁVAL,3Dye4gBbAdPQSto3WbqgkBu6lrj2,none,,0dfbcb1e-2d5e-4d87-8677-f894909ea08a,6,2025,4,False,2,False,False,23,6,30,9014.617391304348,115,1036681.0,239200.0,45.0,False,,,30.0,0.0,1149.8636363636363,44,0.00172666422940133
350.0,Vendéglátás,2025-06-06 18:59:17,"2025.06.06 4159956198 NYX*AloisDallmayrAutom   -ÉRINTŐ 0,870EUR    0,",Kimenő,VÁSÁRLÁS KÁRTYÁVAL,3Dye4gBbAdPQSto3WbqgkBu6lrj2,none,,b0eaed8c-f5bf-48b8-81d1-8fd6118b3792,6,2025,4,False,2,False,False,23,6,30,9014.617391304348,115,1036681.0,239200.0,45.0,False,,,30.0,0.0,1149.8636363636363,44,0.00033761591077679636
10000.0,Közlekedés,2025-06-07 13:32:03,2025.06.07 4159956198 HMT PETROL               -ÉRINTŐ,Kimenő,VÁSÁRLÁS KÁRTYÁVAL,3Dye4gBbAdPQSto3WbqgkBu6lrj2,none,,8f67910b-cbfd-4184-acd1-91bc9fcc7ad8,6,2025,5,True,2,False,False,23,7,30,9014.617391304348,115,1036681.0,239200.0,45.0,False,,,30.0,0.0,1900.625,8,0.009646168879337037
790.0,Vendéglátás,2025-06-07 20:05:27,"2025.06.07 4159956198 HIDFO                    -ÉRINTŐ 1,960EUR    0,",Kimenő,VÁSÁRLÁS KÁRTYÁVAL,3Dye4gBbAdPQSto3WbqgkBu6lrj2,none,,5cd15d96-c9d1-4b5f-9527-223f19e616bb,6,2025,5,True,2,False,False,23,7,30,9014.617391304348,115,1036681.0,239200.0,45.0,False,,,30.0,0.0,1149.8636363636363,44,0.0007620473414676261
689.0,Bevásárlás,2025-06-08 13:17:28,2025.06.08 4159956198 BEKE CSEMEGE             -ÉRINTŐ,Kimenő,VÁSÁRLÁS KÁRTYÁVAL,3Dye4gBbAdPQSto3WbqgkBu6lrj2,none,,dc809e4f-ae02-4a78-aa27-513b2d5dc5b4,6,2025,6,True,2,False,False,23,8,30,9014.617391304348,115,1036681.0,239200.0,45.0,False,,,30.0,0.0,1809.483870967742,31,0.0006646210357863219
3000.0,Bevásárlás,2025-06-08 17:58:21,2025.06.08 4159956198 GYULAI PÁLINKAFESZTIVÁL  -ÉRINTŐ,Kimenő,VÁSÁRLÁS KÁRTYÁVAL,3Dye4gBbAdPQSto3WbqgkBu6lrj2,none,,69eb5829-ed2c-4721-a9e0-7afa69f0dd63,6,2025,6,True,2,False,False,23,8,30,9014.617391304348,115,1036681.0,239200.0,45.0,False,,,30.0,0.0,1809.483870967742,31,0.0028938506638011116
3000.0,Vendéglátás,2025-06-08 18:43:12,"2025.06.08 4159956198 BARTOK LAJOS GYULA       -ÉRINTŐ 7,440EUR    0,",Kimenő,VÁSÁRLÁS KÁRTYÁVAL,3Dye4gBbAdPQSto3WbqgkBu6lrj2,none,,e17d09ff-afba-4bb5-a980-272823edf610,6,2025,6,True,2,False,False,23,8,30,9014.617391304348,115,1036681.0,239200.0,45.0,False,,,30.0,0.0,1149.8636363636363,44,0.0028938506638011116
700.0,Bevásárlás,2025-06-08 20:58:36,2025.06.08 4159956198 PANYOLAI SZILVÓRIUM      -ÉRINTŐ,Kimenő,VÁSÁRLÁS KÁRTYÁVAL,3Dye4gBbAdPQSto3WbqgkBu6lrj2,none,,d31e2a0a-a4cf-403e-be51-b980e47cac2c,6,2025,6,True,2,False,False,23,8,30,9014.617391304348,115,1036681.0,239200.0,45.0,False,,,30.0,0.0,1809.483870967742,31,0.0006752318215535927
1400.0,Vendéglátás,2025-06-08 21:04:13,"2025.06.08 4159956198 APODIS KFT.              -ÉRINTŐ 3,470EUR    0,",Kimenő,VÁSÁRLÁS KÁRTYÁVAL,3Dye4gBbAdPQSto3WbqgkBu6lrj2,none,,dc868bdc-514c-4ba8-ac57-070187b95db0,6,2025,6,True,2,False,False,23,8,30,9014.617391304348,115,1036681.0,239200.0,45.0,False,,,30.0,0.0,1149.8636363636363,44,0.0013504636431071854
1400.0,Vendéglátás,2025-06-08 22:31:24,"2025.06.08 4159956198 APODIS KFT.              -ÉRINTŐ 3,470EUR    0,",Kimenő,VÁSÁRLÁS KÁRTYÁVAL,3Dye4gBbAdPQSto3WbqgkBu6lrj2,none,,83ff6be0-1b01-49c8-ae09-2d930008f774,6,2025,6,True,2,False,False,23,8,30,9014.617391304348,115,1036681.0,239200.0,45.0,False,,,30.0,0.0,1149.8636363636363,44,0.0013504636431071854
4081.0,"Számlák, rezsi",2025-06-09 03:12:03,"2025.06.09 4159956198 Netflix.com 9,990EUR  408,4700",Kimenő,VÁSÁRLÁS KÁRTYÁVAL,3Dye4gBbAdPQSto3WbqgkBu6lrj2,none,,9ea462db-f81a-4ae6-ba09-572c6e4b53a9,6,2025,0,False,2,False,False,24,9,30,9014.617391304348,115,1036681.0,239200.0,45.0,False,,,30.0,0.0,41410.0,6,0.003936601519657445
1790.0,Vendéglátás,2025-06-10 11:48:26,2025.06.10 4159956198 HELOPAY*GNOCCO CORVIN SET-ÉRINTŐ,Kimenő,VÁSÁRLÁS KÁRTYÁVAL,3Dye4gBbAdPQSto3WbqgkBu6lrj2,none,,3b73e00e-0667-4dc8-8666-c36a8e66a1c7,6,2025,1,False,2,False,False,24,10,30,9014.617391304348,115,1036681.0,239200.0,45.0,False,,,30.0,0.0,1149.8636363636363,44,0.00172666422940133
15750.0,Nem kategorizált,2025-06-10 12:59:00,GIROKOZLEMENY,Bejövő,NAPKÖZBENI ÁTUTALÁS (CSOPORTOS),3Dye4gBbAdPQSto3WbqgkBu6lrj2,none,,5a7578c6-34bd-470d-8eba-0cc82106b39b,6,2025,1,False,2,False,False,24,10,30,9014.617391304348,115,1036681.0,239200.0,45.0,False,,,30.0,0.0,36137.5,12,0.015192715984955835
239200.0,Nem kategorizált,2025-06-10 15:47:00,Munkabér utalás,Bejövő,NAPKÖZBENI ÁTUTALÁS (CSOPORTOS),3Dye4gBbAdPQSto3WbqgkBu6lrj2,none,,deb5f835-2e48-4e6b-82f0-eccc6f9361e5,6,2025,1,False,2,False,False,24,10,30,9014.617391304348,115,1036681.0,239200.0,45.0,False,,,30.0,0.0,36137.5,12,0.13806386351302935
699.0,Vendéglátás,2025-06-10 17:29:28,2025.06.10 4159956198 TRIO Pizza Fornetti      -ÉRINTŐ,Kimenő,VÁSÁRLÁS KÁRTYÁVAL,3Dye4gBbAdPQSto3WbqgkBu6lrj2,none,,8cb13ada-6a5f-4b71-b848-cf776f3c00eb,6,2025,1,False,2,False,False,24,10,30,9014.617391304348,115,1036681.0,239200.0,45.0,False,,,30.0,0.0,1149.8636363636363,44,0.000674267204665659
102241.0,"Szállás, utazás",2025-06-10 18:11:53,"2025.06.10 4159956198 Booking.com Hotel 251,850EUR  405,9600",Kimenő,VÁSÁRLÁS KÁRTYÁVAL,3Dye4gBbAdPQSto3WbqgkBu6lrj2,none,,f12ef56b-652d-424f-9bcc-9d99e419fd92,6,2025,1,False,2,False,False,24,10,30,9014.617391304348,115,1036681.0,239200.0,45.0,False,,,30.0,0.0,45784.783672595375,1,0.0986233952392298
25000.0,Nem kategorizált,2025-06-10 18:20:26,Zoli nyaralós pénz,Bejövő,AZONNALI FIZETÉS,3Dye4gBbAdPQSto3WbqgkBu6lrj2,none,,4482d927-01c1-4c71-ab93-e4ffc2ebf391,6,2025,1,False,2,False,False,24,10,30,9014.617391304348,115,1036681.0,239200.0,45.0,False,,,30.0,0.0,36137.5,12,0.024115422198342597
25000.0,Nem kategorizált,2025-06-10 18:32:41,Szállásfoglalás,Bejövő,AZONNALI FIZETÉS,3Dye4gBbAdPQSto3WbqgkBu6lrj2,none,,7f0755b0-591f-42fc-8a96-80529d54adfe,6,2025,1,False,2,False,False,24,10,30,9014.617391304348,115,1036681.0,239200.0,45.0,False,,,30.0,0.0,36137.5,12,0.024115422198342597
1104.0,Bevásárlás,2025-06-10 18:46:08,2025.06.10 4159956198 CBA  PR°MA ÉLELMISZE     -ÉRINTŐ,Kimenő,VÁSÁRLÁS KÁRTYÁVAL,3Dye4gBbAdPQSto3WbqgkBu6lrj2,none,,83ac7ba5-0a9e-4fb5-a81b-be4fe590ff3c,6,2025,1,False,2,False,False,24,10,30,9014.617391304348,115,1036681.0,239200.0,45.0,False,,,30.0,0.0,1809.483870967742,31,0.001064937044278809
1636.0,Bevásárlás,2025-06-11 09:17:27,2025.06.11 4159956198 CBA  PR°MA ÉLELMISZE     -ÉRINTŐ,Kimenő,VÁSÁRLÁS KÁRTYÁVAL,3Dye4gBbAdPQSto3WbqgkBu6lrj2,none,,145610ae-36e9-4ea9-a7e0-1f21573b93f5,6,2025,2,False,2,False,False,24,11,30,9014.617391304348,115,1036681.0,239200.0,45.0,False,,,30.0,0.0,1809.483870967742,31,0.0015781132286595393
1590.0,Vendéglátás,2025-06-11 18:20:56,"2025.06.11 4159956198 Cooltour Bar             -ÉRINTŐ 3,960EUR    0,",Kimenő,VÁSÁRLÁS KÁRTYÁVAL,3Dye4gBbAdPQSto3WbqgkBu6lrj2,none,,dac85e6a-2ed9-4de1-8596-ac529ed11012,6,2025,2,False,2,False,False,24,11,30,9014.617391304348,115,1036681.0,239200.0,45.0,False,,,30.0,0.0,1149.8636363636363,44,0.0015337408518145892
1590.0,Vendéglátás,2025-06-11 18:52:02,"2025.06.11 4159956198 Cooltour Bar             -ÉRINTŐ 3,960EUR    0,",Kimenő,VÁSÁRLÁS KÁRTYÁVAL,3Dye4gBbAdPQSto3WbqgkBu6lrj2,none,,58103063-0b3f-4935-8ac3-e172d9744814,6,2025,2,False,2,False,False,24,11,30,9014.617391304348,115,1036681.0,239200.0,45.0,False,,,30.0,0.0,1149.8636363636363,44,0.0015337408518145892
617.0,Közlekedés,2025-06-12 18:08:06,2025.06.12 4159956198 OTPMOBL*VIMPAY.MAV-STA,Kimenő,VÁSÁRLÁS KÁRTYÁVAL,3Dye4gBbAdPQSto3WbqgkBu6lrj2,none,,7af72cbd-55ee-441f-8bf3-1f0ff8e06576,6,2025,3,False,2,False,False,24,12,30,9014.617391304348,115,1036681.0,239200.0,45.0,False,,,30.0,0.0,1900.625,8,0.0005951686198550953
699.0,Vendéglátás,2025-06-12 18:09:04,2025.06.12 4159956198 TRIO Pizza Fornetti      -ÉRINTŐ,Kimenő,VÁSÁRLÁS KÁRTYÁVAL,3Dye4gBbAdPQSto3WbqgkBu6lrj2,none,,166970d1-75a7-4d2d-96eb-a6d2d43d0f8c,6,2025,3,False,2,False,False,24,12,30,9014.617391304348,115,1036681.0,239200.0,45.0,False,,,30.0,0.0,1149.8636363636363,44,0.000674267204665659
200.0,Nem kategorizált,2025-06-13 07:19:00,20250613_f4169b6a-9cfa-3923-bba5-7ad5529c1cb8,Bejövő,AZONNALI FIZETÉS,3Dye4gBbAdPQSto3WbqgkBu6lrj2,none,,27d66f12-09bd-453d-99c2-de1743c52661,6,2025,4,False,2,False,False,24,13,30,9014.617391304348,115,1036681.0,239200.0,45.0,False,,,30.0,0.0,36137.5,12,0.00019292337758674077
25000.0,Nem kategorizált,2025-06-13 08:06:02,,Bejövő,AZONNALI FIZETÉS,3Dye4gBbAdPQSto3WbqgkBu6lrj2,none,,a657f126-491d-49f4-8a0a-ae02bb85f598,6,2025,4,False,2,False,False,24,13,30,9014.617391304348,115,1036681.0,239200.0,45.0,False,,,30.0,0.0,36137.5,12,0.024115422198342597
5988.0,Bevásárlás,2025-06-13 08:06:46,2025.06.13 4159956198 TESCO 41420 ÖNKISZOLG    -ÉRINTŐ,Kimenő,VÁSÁRLÁS KÁRTYÁVAL,3Dye4gBbAdPQSto3WbqgkBu6lrj2,none,,0d4ec6b1-5601-4e43-bb34-e368c602982f,6,2025,4,False,2,False,False,24,13,30,9014.617391304348,115,1036681.0,239200.0,45.0,False,,,30.0,0.0,1809.483870967742,31,0.005776125924947018
300.0,Bevásárlás,2025-06-13 08:09:02,2025.06.13 4159956198 HELL AUTOMATA UZEMELTE   -ÉRINTŐ,Kimenő,VÁSÁRLÁS KÁRTYÁVAL,3Dye4gBbAdPQSto3WbqgkBu6lrj2,none,,b9b8fc8d-bae7-4d29-b5a8-17834158de0d,6,2025,4,False,2,False,False,24,13,30,9014.617391304348,115,1036681.0,239200.0,45.0,False,,,30.0,0.0,1809.483870967742,31,0.0002893850663801111
2440.0,Vendéglátás,2025-06-13 12:20:17,2025.06.13 4159956198 BURGER KING SZEGED DRI   -ÉRINTŐ,Kimenő,VÁSÁRLÁS KÁRTYÁVAL,3Dye4gBbAdPQSto3WbqgkBu6lrj2,none,,bd5a524b-14c4-4b53-ac05-a0897e4596bb,6,2025,4,False,2,False,False,24,13,30,9014.617391304348,115,1036681.0,239200.0,45.0,False,,,30.0,0.0,1149.8636363636363,44,0.002353665206558237
7000.0,Nem kategorizált,2025-06-13 16:17:32,,Bejövő,AZONNALI FIZETÉS,3Dye4gBbAdPQSto3WbqgkBu6lrj2,none,,c1e6e174-e992-4320-9f3c-420052d5840d,6,2025,4,False,2,False,False,24,13,30,9014.617391304348,115,1036681.0,239200.0,45.0,False,,,30.0,0.0,36137.5,12,0.006752318215535927
2990.0,Vendéglátás,2025-06-13 17:08:43,2025.06.13 4159956198 MARGARÉTA PIZZÉRIA       -ÉRINTŐ,Kimenő,VÁSÁRLÁS KÁRTYÁVAL,3Dye4gBbAdPQSto3WbqgkBu6lrj2,none,,fba3a6be-ad69-4e6d-9f44-5b22024bf7ab,6,2025,4,False,2,False,False,24,13,30,9014.617391304348,115,1036681.0,239200.0,45.0,False,,,30.0,0.0,1149.8636363636363,44,0.0028842044949217746
120.0,Vendéglátás,2025-06-13 17:49:31,2025.06.13 4159956198 MARGARÉTA PIZZÉRIA       -ÉRINTŐ,Kimenő,VÁSÁRLÁS KÁRTYÁVAL,3Dye4gBbAdPQSto3WbqgkBu6lrj2,none,,718f1646-74ed-4ba7-8bad-0bf06441e4b0,6,2025,4,False,2,False,False,24,13,30,9014.617391304348,115,1036681.0,239200.0,45.0,False,,,30.0,0.0,1149.8636363636363,44,0.00011575402655204446
770.0,Szórakozás,2025-06-13 18:17:34,"2025.06.13 4159956198 DtkPub                   -ÉRINTŐ 1,920EUR    0,",Kimenő,VÁSÁRLÁS KÁRTYÁVAL,3Dye4gBbAdPQSto3WbqgkBu6lrj2,none,,6042678a-30d5-4ed0-b331-d5d6ed2059ef,6,2025,4,False,2,False,False,24,13,30,9014.617391304348,115,1036681.0,239200.0,45.0,False,,,30.0,0.0,2418.0,9,0.000742755003708952
1650.0,Szórakozás,2025-06-13 19:00:37,"2025.06.13 4159956198 DtkPub                   -ÉRINTŐ 4,120EUR    0,",Kimenő,VÁSÁRLÁS KÁRTYÁVAL,3Dye4gBbAdPQSto3WbqgkBu6lrj2,none,,f7a29609-9f1b-448d-bf99-49c7622e7765,6,2025,4,False,2,False,False,24,13,30,9014.617391304348,115,1036681.0,239200.0,45.0,False,,,30.0,0.0,2418.0,9,0.0015916178650906114
1190.0,Szórakozás,2025-06-13 19:54:30,"2025.06.13 4159956198 DtkPub                   -ÉRINTŐ 2,970EUR    0,",Kimenő,VÁSÁRLÁS KÁRTYÁVAL,3Dye4gBbAdPQSto3WbqgkBu6lrj2,none,,13af7b5e-488e-43b9-923a-fd8319ffa41a,6,2025,4,False,2,False,False,24,13,30,9014.617391304348,115,1036681.0,239200.0,45.0,False,,,30.0,0.0,2418.0,9,0.0011478940966411074
640.0,Szórakozás,2025-06-13 20:31:17,"2025.06.13 4159956198 DtkPub                   -ÉRINTŐ 1,600EUR    0,",Kimenő,VÁSÁRLÁS KÁRTYÁVAL,3Dye4gBbAdPQSto3WbqgkBu6lrj2,none,,6f09bdad-3f03-4c24-a2b7-7628286c14cc,6,2025,4,False,2,False,False,24,13,30,9014.617391304348,115,1036681.0,239200.0,45.0,False,,,30.0,0.0,2418.0,9,0.0006173548082775704
2990.0,Szórakozás,2025-06-13 20:48:19,"2025.06.13 4159956198 DtkPub                   -ÉRINTŐ 7,460EUR    0,",Kimenő,VÁSÁRLÁS KÁRTYÁVAL,3Dye4gBbAdPQSto3WbqgkBu6lrj2,none,,04bf1593-07ca-46a7-b5bd-b9eed178fd87,6,2025,4,False,2,False,False,24,13,30,9014.617391304348,115,1036681.0,239200.0,45.0,False,,,30.0,0.0,2418.0,9,0.0028842044949217746
45.0,Bevásárlás,2025-06-14 15:00:47,2025.06.14 4159956198 TESCO 41420 ÖNKISZOLG    -ÉRINTŐ,Kimenő,VÁSÁRLÁS KÁRTYÁVAL,3Dye4gBbAdPQSto3WbqgkBu6lrj2,none,,50b3e032-9e7c-4b55-a7b2-b06d0f182742,6,2025,5,True,2,False,False,24,14,30,9014.617391304348,115,1036681.0,239200.0,45.0,False,,,30.0,0.0,1809.483870967742,31,4.3407759957016675e-05
1690.0,Vendéglátás,2025-06-14 19:08:50,2025.06.14 4159956198 TRÓJA ÉTELBÁR            -ÉRINTŐ,Kimenő,VÁSÁRLÁS KÁRTYÁVAL,3Dye4gBbAdPQSto3WbqgkBu6lrj2,none,,fc46d233-3eff-4a83-839a-039d9b025e90,6,2025,5,True,2,False,False,24,14,30,9014.617391304348,115,1036681.0,239200.0,45.0,False,,,30.0,0.0,1149.8636363636363,44,0.0016302025406079595
1590.0,Vendéglátás,2025-06-14 19:21:58,2025.06.14 4159956198 TAKA COFFEE BAR          -ÉRINTŐ,Kimenő,VÁSÁRLÁS KÁRTYÁVAL,3Dye4gBbAdPQSto3WbqgkBu6lrj2,none,,4b878211-bf1a-473d-8c1f-03f3d779472f,6,2025,5,True,2,False,False,24,14,30,9014.617391304348,115,1036681.0,239200.0,45.0,False,,,30.0,0.0,1149.8636363636363,44,0.0015337408518145892
600.0,Vendéglátás,2025-06-14 20:00:19,2025.06.14 4159956198 TAKA COFFEE BAR          -ÉRINTŐ,Kimenő,VÁSÁRLÁS KÁRTYÁVAL,3Dye4gBbAdPQSto3WbqgkBu6lrj2,none,,1b1ea0bf-b584-4404-aa65-ddc1d62ca34c,6,2025,5,True,2,False,False,24,14,30,9014.617391304348,115,1036681.0,239200.0,45.0,False,,,30.0,0.0,1149.8636363636363,44,0.0005787701327602222
600.0,Vendéglátás,2025-06-14 20:24:20,2025.06.14 4159956198 TAKA COFFEE BAR          -ÉRINTŐ,Kimenő,VÁSÁRLÁS KÁRTYÁVAL,3Dye4gBbAdPQSto3WbqgkBu6lrj2,none,,7d789d13-3110-404a-8723-91912e2e6d20,6,2025,5,True,2,False,False,24,14,30,9014.617391304348,115,1036681.0,239200.0,45.0,False,,,30.0,0.0,1149.8636363636363,44,0.0005787701327602222
600.0,Vendéglátás,2025-06-14 21:59:21,2025.06.14 4159956198 TAKA COFFEE BAR          -ÉRINTŐ,Kimenő,VÁSÁRLÁS KÁRTYÁVAL,3Dye4gBbAdPQSto3WbqgkBu6lrj2,none,,a04f8ec6-2b0e-4be7-8ee7-aa2883a59733,6,2025,5,True,2,False,False,24,14,30,9014.617391304348,115,1036681.0,239200.0,45.0,False,,,30.0,0.0,1149.8636363636363,44,0.0005787701327602222
1234.0,Közlekedés,2025-06-15 05:28:12,2025.06.15 4159956198 OTPMOBL*VIMPAY.MAV-STA,Kimenő,VÁSÁRLÁS KÁRTYÁVAL,3Dye4gBbAdPQSto3WbqgkBu6lrj2,none,,d580b520-1389-4101-802d-f6a2dfee0758,6,2025,6,True,2,False,False,24,15,30,9014.617391304348,115,1036681.0,239200.0,45.0,False,,,30.0,0.0,1900.625,8,0.0011903372397101906
1008.0,Bevásárlás,2025-06-15 09:39:11,2025.06.15 4159956198 COOP HONI JOKER 10.      -ÉRINTŐ,Kimenő,VÁSÁRLÁS KÁRTYÁVAL,3Dye4gBbAdPQSto3WbqgkBu6lrj2,none,,92442088-d12a-4e0a-9607-91d6374f4ea9,6,2025,6,True,2,False,False,24,15,30,9014.617391304348,115,1036681.0,239200.0,45.0,False,,,30.0,0.0,1809.483870967742,31,0.0009723338230371735
460.0,Vendéglátás,2025-06-15 09:47:09,"2025.06.15 4159956198 NYX*AloisDallmayrAutom   -ÉRINTŐ 1,140EUR    0,",Kimenő,VÁSÁRLÁS KÁRTYÁVAL,3Dye4gBbAdPQSto3WbqgkBu6lrj2,none,,032f91c1-5c62-4595-ade4-7ec4b2f33ea9,6,2025,6,True,2,False,False,24,15,30,9014.617391304348,115,1036681.0,239200.0,45.0,False,,,30.0,0.0,1149.8636363636363,44,0.00044372376844950377
1690.0,Vendéglátás,2025-06-15 18:28:22,2025.06.15 4159956198 MCD NYUGATI              -ÉRINTŐ,Kimenő,VÁSÁRLÁS KÁRTYÁVAL,3Dye4gBbAdPQSto3WbqgkBu6lrj2,none,,546ba685-4da5-40a7-8cee-7400dc516414,6,2025,6,True,2,False,False,24,15,30,9014.617391304348,115,1036681.0,239200.0,45.0,False,,,30.0,0.0,1149.8636363636363,44,0.0016302025406079595
617.0,Közlekedés,2025-06-15 18:34:03,2025.06.15 4159956198 OTPMOBL*MÁVSzemelyszall.,Kimenő,VÁSÁRLÁS KÁRTYÁVAL,3Dye4gBbAdPQSto3WbqgkBu6lrj2,none,,cac46915-58d0-4fa6-9af8-4646e624c26e,6,2025,6,True,2,False,False,24,15,30,9014.617391304348,115,1036681.0,239200.0,45.0,False,,,30.0,0.0,1900.625,8,0.0005951686198550953
99.0,Bevásárlás,2025-06-15 21:59:49,2025.06.15 4159956198 TESCO 41420 ÖNKISZOLG    -ÉRINTŐ,Kimenő,VÁSÁRLÁS KÁRTYÁVAL,3Dye4gBbAdPQSto3WbqgkBu6lrj2,none,,dbb17b63-eead-44f5-b584-5fd563b06d87,6,2025,6,True,2,False,False,24,15,30,9014.617391304348,115,1036681.0,239200.0,45.0,False,,,30.0,0.0,1809.483870967742,31,9.549707190543668e-05
550.0,Vendéglátás,2025-06-16 10:27:39,2025.06.16 4159956198 Csiga PÚksÚg -Bem utca   -ÉRINTŐ,Kimenő,VÁSÁRLÁS KÁRTYÁVAL,3Dye4gBbAdPQSto3WbqgkBu6lrj2,none,,c10ef898-40a8-4ac5-9826-80e3c35836c0,6,2025,0,False,2,False,False,25,16,30,9014.617391304348,115,1036681.0,239200.0,45.0,False,,,30.0,0.0,1149.8636363636363,44,0.000530539288363537
570.0,Vendéglátás,2025-06-16 10:28:08,2025.06.16 4159956198 Csiga PÚksÚg -Bem utca   -ÉRINTŐ,Kimenő,VÁSÁRLÁS KÁRTYÁVAL,3Dye4gBbAdPQSto3WbqgkBu6lrj2,none,,c592ad24-4aeb-4d1f-80a1-4d8540e5cb10,6,2025,0,False,2,False,False,25,16,30,9014.617391304348,115,1036681.0,239200.0,45.0,False,,,30.0,0.0,1149.8636363636363,44,0.0005498316261222111
449.0,Bevásárlás,2025-06-16 13:48:49,2025.06.16 4159956198 CBA  PR°MA ÉLELMISZE     -ÉRINTŐ,Kimenő,VÁSÁRLÁS KÁRTYÁVAL,3Dye4gBbAdPQSto3WbqgkBu6lrj2,none,,29ad3684-ceff-47f4-9752-a312deee2b47,6,2025,0,False,2,False,False,25,16,30,9014.617391304348,115,1036681.0,239200.0,45.0,False,,,30.0,0.0,1809.483870967742,31,0.000433112982682233
150000.0,"Számlák, rezsi",2025-06-16 13:52:49,"2025.06.16 4159956198 Budapest,III.Római tér 1",Kimenő,KÉSZPÉNZFELVÉT ATM-BŐL,3Dye4gBbAdPQSto3WbqgkBu6lrj2,none,,440a7c3c-5965-4576-bdfd-612b0c3222b1,6,2025,0,False,2,False,False,25,16,30,9014.617391304348,115,1036681.0,239200.0,45.0,False,,,30.0,0.0,41410.0,6,0.13806386351302935
699.0,Vendéglátás,2025-06-16 17:33:27,2025.06.16 4159956198 TRIO Pizza Fornetti      -ÉRINTŐ,Kimenő,VÁSÁRLÁS KÁRTYÁVAL,3Dye4gBbAdPQSto3WbqgkBu6lrj2,none,,a728c9be-55cc-491e-b6ba-8d33d5bd1a2d,6,2025,0,False,2,False,False,25,16,30,9014.617391304348,115,1036681.0,239200.0,45.0,False,,,30.0,0.0,1149.8636363636363,44,0.000674267204665659
1450.0,Vendéglátás,2025-06-17 12:22:13,2025.06.17 4159956198 MAKKOS BISZTRO           -ÉRINTŐ,Kimenő,VÁSÁRLÁS KÁRTYÁVAL,3Dye4gBbAdPQSto3WbqgkBu6lrj2,none,,3e0fa02f-722b-423f-8a85-5d1f41f0205f,6,2025,1,False,2,False,False,25,17,30,9014.617391304348,115,1036681.0,239200.0,45.0,False,,,30.0,0.0,1149.8636363636363,44,0.0013986944875038706
2794.0,Bevásárlás,2025-06-17 16:55:17,2025.06.17 4159956198 TESCO 41420 ÖNKISZOLG    -ÉRINTŐ,Kimenő,VÁSÁRLÁS KÁRTYÁVAL,3Dye4gBbAdPQSto3WbqgkBu6lrj2,none,,9b7c8e57-d7a2-43c3-9e14-148107ee04e4,6,2025,1,False,2,False,False,25,17,30,9014.617391304348,115,1036681.0,239200.0,45.0,False,,,30.0,0.0,1809.483870967742,31,0.0026951395848867684
1331.0,Bevásárlás,2025-06-18 12:32:48,2025.06.18 4159956198 TESCO 41420 ÖNKISZOLG    -ÉRINTŐ,Kimenő,VÁSÁRLÁS KÁRTYÁVAL,3Dye4gBbAdPQSto3WbqgkBu6lrj2,none,,f63a61c0-f308-44a4-9b3a-30a393a6a6eb,6,2025,2,False,2,False,False,25,18,30,9014.617391304348,115,1036681.0,239200.0,45.0,False,,,30.0,0.0,1809.483870967742,31,0.0012839050778397597
1450.0,Vendéglátás,2025-06-18 12:53:13,2025.06.18 4159956198 MAKKOS BISZTRO           -ÉRINTŐ,Kimenő,VÁSÁRLÁS KÁRTYÁVAL,3Dye4gBbAdPQSto3WbqgkBu6lrj2,none,,029dde16-6aed-47d5-b61d-11ab95c846d2,6,2025,2,False,2,False,False,25,18,30,9014.617391304348,115,1036681.0,239200.0,45.0,False,,,30.0,0.0,1149.8636363636363,44,0.0013986944875038706
6323.0,Bevásárlás,2025-06-18 18:55:30,2025.06.18 4159956198 TESCO 41420 ÖNKISZOLG    -ÉRINTŐ,Kimenő,VÁSÁRLÁS KÁRTYÁVAL,3Dye4gBbAdPQSto3WbqgkBu6lrj2,none,,d8f7c7ae-d061-48cc-977e-f4bae8b52e07,6,2025,2,False,2,False,False,25,18,30,9014.617391304348,115,1036681.0,239200.0,45.0,False,,,30.0,0.0,1809.483870967742,31,0.0060992725824048095
349.0,Bevásárlás,2025-06-21 16:56:27,2025.06.21 4159956198 Sani Bt. Burek Csemeg    -ÉRINTŐ,Kimenő,VÁSÁRLÁS KÁRTYÁVAL,3Dye4gBbAdPQSto3WbqgkBu6lrj2,none,,a91ef1f0-568f-441e-a6ac-05ff24235e87,6,2025,5,True,2,False,False,25,21,30,9014.617391304348,115,1036681.0,239200.0,45.0,False,,,30.0,0.0,1809.483870967742,31,0.0003366512938888626
2768.0,Bevásárlás,2025-06-22 18:40:20,2025.06.22 4159956198 NEMZETI DOHÁNYBOLT       -ÉRINTŐ,Kimenő,VÁSÁRLÁS KÁRTYÁVAL,3Dye4gBbAdPQSto3WbqgkBu6lrj2,none,,e85bd9ec-09ad-497e-ade2-3e7232781776,6,2025,6,True,2,False,False,25,22,30,9014.617391304348,115,1036681.0,239200.0,45.0,False,,,30.0,0.0,1809.483870967742,31,0.0026700595458004923
1890.0,Közlekedés,2025-06-23 07:50:55,2025.06.23 4159956198 OTPMOBL*MÁVSzemelyszall.,Kimenő,VÁSÁRLÁS KÁRTYÁVAL,3Dye4gBbAdPQSto3WbqgkBu6lrj2,none,,86487210-6b68-4fec-9584-4f6013fb3a7e,6,2025,0,False,2,False,False,26,23,30,9014.617391304348,115,1036681.0,239200.0,45.0,False,,,30.0,0.0,1900.625,8,0.0018231259181947003
420.0,Vendéglátás,2025-06-23 09:19:11,2025.06.23 4159956198 LEGENDA BUFE             -ÉRINTŐ,Kimenő,VÁSÁRLÁS KÁRTYÁVAL,3Dye4gBbAdPQSto3WbqgkBu6lrj2,none,,2b3e6a61-ef35-48d7-8fed-f6dca9d3911c,6,2025,0,False,2,False,False,26,23,30,9014.617391304348,115,1036681.0,239200.0,45.0,False,,,30.0,0.0,1149.8636363636363,44,0.0004051390929321556
419.0,Közlekedés,2025-06-23 09:21:49,2025.06.23 4159956198 BÉKÉSCSABA MÁV           -ÉRINTŐ,Kimenő,VÁSÁRLÁS KÁRTYÁVAL,3Dye4gBbAdPQSto3WbqgkBu6lrj2,none,,fe46c500-b62a-439f-b410-d4ebd9d21c85,6,2025,0,False,2,False,False,26,23,30,9014.617391304348,115,1036681.0,239200.0,45.0,False,,,30.0,0.0,1900.625,8,0.0004041744760442219
10902.0,Szórakozás,2025-06-23 12:27:42,2025.06.23 4159956198 FÓKUSZ KÖNYVÁRUHÁZ       -ÉRINTŐ,Kimenő,VÁSÁRLÁS KÁRTYÁVAL,3Dye4gBbAdPQSto3WbqgkBu6lrj2,none,,4979b28c-fd0e-452f-afa5-e0f388d4a768,6,2025,0,False,2,False,False,26,23,30,9014.617391304348,115,1036681.0,239200.0,45.0,False,,,30.0,0.0,2418.0,9,0.010516253312253239
570.0,Vendéglátás,2025-06-23 12:46:14,2025.06.23 4159956198 Csiga PÚksÚg -Bem utca   -ÉRINTŐ,Kimenő,VÁSÁRLÁS KÁRTYÁVAL,3Dye4gBbAdPQSto3WbqgkBu6lrj2,none,,900c775e-5b3c-49d2-9e6d-d470c9237f64,6,2025,0,False,2,False,False,26,23,30,9014.617391304348,115,1036681.0,239200.0,45.0,False,,,30.0,0.0,1149.8636363636363,44,0.0005498316261222111
410.0,Vendéglátás,2025-06-23 12:49:06,"2025.06.23 4159956198 NYX*AloisDallmayrAutom   -ÉRINTŐ 1,020EUR    0,",Kimenő,VÁSÁRLÁS KÁRTYÁVAL,3Dye4gBbAdPQSto3WbqgkBu6lrj2,none,,b2de6a52-c4c9-47bf-bae8-5bcd1a0e4ce4,6,2025,0,False,2,False,False,26,23,30,9014.617391304348,115,1036681.0,239200.0,45.0,False,,,30.0,0.0,1149.8636363636363,44,0.0003954929240528186
550.0,Vendéglátás,2025-06-23 16:25:04,2025.06.23 4159956198 TRIO Pizza Fornetti      -ÉRINTŐ,Kimenő,VÁSÁRLÁS KÁRTYÁVAL,3Dye4gBbAdPQSto3WbqgkBu6lrj2,none,,e7f7bf74-2003-4aa7-a7a3-aff1c5f04045,6,2025,0,False,2,False,False,26,23,30,9014.617391304348,115,1036681.0,239200.0,45.0,False,,,30.0,0.0,1149.8636363636363,44,0.000530539288363537
1049.0,Vendéglátás,2025-06-23 18:15:55,2025.06.23 4159956198 TRIO Pizza Fornetti      -ÉRINTŐ,Kimenő,VÁSÁRLÁS KÁRTYÁVAL,3Dye4gBbAdPQSto3WbqgkBu6lrj2,none,,d671f5f5-b7bf-482f-be08-351038b6ac08,6,2025,0,False,2,False,False,26,23,30,9014.617391304348,115,1036681.0,239200.0,45.0,False,,,30.0,0.0,1149.8636363636363,44,0.0010118831154424554
789.0,Bevásárlás,2025-06-24 07:47:33,2025.06.24 4159956198 KÁROLYI ABC              -ÉRINTŐ,Kimenő,VÁSÁRLÁS KÁRTYÁVAL,3Dye4gBbAdPQSto3WbqgkBu6lrj2,none,,cdc2502a-9371-4b31-a560-8ff81e4795b4,6,2025,1,False,2,False,False,26,24,30,9014.617391304348,115,1036681.0,239200.0,45.0,False,,,30.0,0.0,1809.483870967742,31,0.0007610827245796923
7424.0,"Számlák, rezsi",2025-06-24 07:52:32,2025.06.24 4159956198 OTPMOBL*one,Kimenő,VÁSÁRLÁS KÁRTYÁVAL,3Dye4gBbAdPQSto3WbqgkBu6lrj2,none,,b6bcd91f-0e90-42c6-b895-9f6ce59cee09,6,2025,1,False,2,False,False,26,24,30,9014.617391304348,115,1036681.0,239200.0,45.0,False,,,30.0,0.0,41410.0,6,0.007161315776019817
570.0,Vendéglátás,2025-06-24 12:04:20,2025.06.24 4159956198 Csiga PÚksÚg -Bem utca   -ÉRINTŐ,Kimenő,VÁSÁRLÁS KÁRTYÁVAL,3Dye4gBbAdPQSto3WbqgkBu6lrj2,none,,682490b7-41fe-43ab-aaa5-af5823c62d1c,6,2025,1,False,2,False,False,26,24,30,9014.617391304348,115,1036681.0,239200.0,45.0,False,,,30.0,0.0,1149.8636363636363,44,0.0005498316261222111
410.0,Vendéglátás,2025-06-24 12:07:02,"2025.06.24 4159956198 NYX*AloisDallmayrAutom   -ÉRINTŐ 1,020EUR    0,",Kimenő,VÁSÁRLÁS KÁRTYÁVAL,3Dye4gBbAdPQSto3WbqgkBu6lrj2,none,,bf9e97ba-a776-485a-a75a-8e453c418251,6,2025,1,False,2,False,False,26,24,30,9014.617391304348,115,1036681.0,239200.0,45.0,False,,,30.0,0.0,1149.8636363636363,44,0.0003954929240528186
285.0,Közlekedés,2025-06-24 12:37:46,2025.06.24 4159956198 OTPMOBL*MÁVSzemelyszall.,Kimenő,VÁSÁRLÁS KÁRTYÁVAL,3Dye4gBbAdPQSto3WbqgkBu6lrj2,none,,100ed74a-a2b8-4909-b81e-65108fa2d78e,6,2025,1,False,2,False,False,26,24,30,9014.617391304348,115,1036681.0,239200.0,45.0,False,,,30.0,0.0,1900.625,8,0.00027491581306110556
143.0,Közlekedés,2025-06-24 16:28:46,2025.06.24 4159956198 OTPMOBL*MÁVSzemelyszall.,Bejövő,ÁRUVISSZAVÉT ELLENÉRTÉKE,3Dye4gBbAdPQSto3WbqgkBu6lrj2,none,,f24997e7-afcc-4008-8cbb-b43631c80fbe,6,2025,1,False,2,False,False,26,24,30,9014.617391304348,115,1036681.0,239200.0,45.0,False,,,30.0,0.0,1900.625,8,0.00013794021497451966
100.0,Nem kategorizált,2025-06-24 17:19:55,20250624_d93d2e82-b08a-4a73-9912-2229ef958a02,Bejövő,AZONNALI FIZETÉS,3Dye4gBbAdPQSto3WbqgkBu6lrj2,none,,c318f917-961c-41c7-9f0a-1ea09c341ae7,6,2025,1,False,2,False,False,26,24,30,9014.617391304348,115,1036681.0,239200.0,45.0,False,,,30.0,0.0,36137.5,12,9.646168879337039e-05
750.0,Nem kategorizált,2025-06-24 17:30:20,20250624_0ec5440a-1fd0-49ab-83fa-b03573c33ecf,Bejövő,AZONNALI FIZETÉS,3Dye4gBbAdPQSto3WbqgkBu6lrj2,none,,5d903ae0-ae59-437d-bec6-00be64072c67,6,2025,1,False,2,False,False,26,24,30,9014.617391304348,115,1036681.0,239200.0,45.0,False,,,30.0,0.0,36137.5,12,0.0007234626659502779
438.0,Bevásárlás,2025-06-24 18:01:09,2025.06.24 4159956198 AUCHAN SZENTENDREI UT    -ÉRINTŐ,Kimenő,VÁSÁRLÁS KÁRTYÁVAL,3Dye4gBbAdPQSto3WbqgkBu6lrj2,none,,26516a7f-6adb-4ea6-88b9-710045b2bbb9,6,2025,1,False,2,False,False,26,24,30,9014.617391304348,115,1036681.0,239200.0,45.0,False,,,30.0,0.0,1809.483870967742,31,0.00042250219691496226
25000.0,Nem kategorizált,2025-06-24 19:22:45,oké,Bejövő,AZONNALI FIZETÉS,3Dye4gBbAdPQSto3WbqgkBu6lrj2,none,,221416d5-3605-4982-85e7-1f818d408488,6,2025,1,False,2,False,False,26,24,30,9014.617391304348,115,1036681.0,239200.0,45.0,False,,,30.0,0.0,36137.5,12,0.024115422198342597
1500.0,"Számlák, rezsi",2025-06-24 19:46:12,"2025.06.24 4159956198 SQUARETRADE EUROPE 3,710EUR    0,",Kimenő,VÁSÁRLÁS KÁRTYÁVAL,3Dye4gBbAdPQSto3WbqgkBu6lrj2,none,,85cea348-e4f9-4a78-b723-0cd0a8d80b54,6,2025,1,False,2,False,False,26,24,30,9014.617391304348,115,1036681.0,239200.0,45.0,False,,,30.0,0.0,41410.0,6,0.0014469253319005558
500.0,Egyéb,2025-06-24 20:33:00,,Kimenő,ESETI MEGBÍZÁSOK KÖLTSÉGE,3Dye4gBbAdPQSto3WbqgkBu6lrj2,none,,df76a469-6964-4048-a810-30e701cc836c,6,2025,1,False,2,False,False,26,24,30,9014.617391304348,115,1036681.0,239200.0,45.0,False,,,30.0,0.0,425.0,2,0.0004823084439668519
100000.0,Utalás,2025-06-24 20:33:01,Varga Bence - júliusi lakbér,Kimenő,AZONNALI FIZETÉS,3Dye4gBbAdPQSto3WbqgkBu6lrj2,none,,02a0a553-c67f-4343-a0b8-268bd0f4acfa,6,2025,1,False,2,False,False,26,24,30,9014.617391304348,115,1036681.0,239200.0,45.0,False,,,30.0,0.0,45784.783672595375,1,0.09646168879337039
2094.0,Bevásárlás,2025-06-25 09:04:55,2025.06.25 4159956198 LIDL ÁRUHÁZ 0255.SZ.     -ÉRINTŐ,Kimenő,VÁSÁRLÁS KÁRTYÁVAL,3Dye4gBbAdPQSto3WbqgkBu6lrj2,none,,c037ffd1-01d1-4156-8e52-3baf22b1e89b,6,2025,2,False,2,False,True,26,25,30,9014.617391304348,115,1036681.0,239200.0,45.0,False,,,30.0,0.0,1809.483870967742,31,0.002019907763333176
70000.0,Nem kategorizált,2025-06-26 00:51:26,Sent via Wise,Bejövő,AZONNALI FIZETÉS,3Dye4gBbAdPQSto3WbqgkBu6lrj2,none,,371dadc1-6b42-4081-828a-66dffad948b4,6,2025,3,False,2,False,True,26,26,30,9014.617391304348,115,1036681.0,239200.0,45.0,False,,,30.0,0.0,36137.5,12,0.06752318215535927
1900.0,Szórakozás,2025-06-26 10:54:35,"2025.06.26 4159956198 Prime Video 4,740EUR    0,",Kimenő,VÁSÁRLÁS KÁRTYÁVAL,3Dye4gBbAdPQSto3WbqgkBu6lrj2,none,,6bc4ae5e-d7c5-483c-9069-89ac6925e387,6,2025,3,False,2,False,True,26,26,30,9014.617391304348,115,1036681.0,239200.0,45.0,False,,,30.0,0.0,2418.0,9,0.0018327720870740373
1890.0,Vendéglátás,2025-06-26 12:07:34,2025.06.26 4159956198 BESZEDA ÉS FIAI          -ÉRINTŐ,Kimenő,VÁSÁRLÁS KÁRTYÁVAL,3Dye4gBbAdPQSto3WbqgkBu6lrj2,none,,6b5c532f-8cb1-43f8-b715-6ee73132e9d8,6,2025,3,False,2,False,True,26,26,30,9014.617391304348,115,1036681.0,239200.0,45.0,False,,,30.0,0.0,1149.8636363636363,44,0.0018231259181947003
1590.0,Vendéglátás,2025-06-27 12:24:52,"2025.06.27 4159956198 GYROS NEPPER             -ÉRINTŐ 3,970EUR    0,",Kimenő,VÁSÁRLÁS KÁRTYÁVAL,3Dye4gBbAdPQSto3WbqgkBu6lrj2,none,,3f3f6205-1277-4adf-81ca-ac93da9a99a9,6,2025,4,False,2,False,True,26,27,30,9014.617391304348,115,1036681.0,239200.0,45.0,False,,,30.0,0.0,1149.8636363636363,44,0.0015337408518145892
808.0,Bevásárlás,2025-06-27 12:43:07,2025.06.27 4159956198 CBA PR°MA ÉLELMISZER     -ÉRINTŐ,Kimenő,VÁSÁRLÁS KÁRTYÁVAL,3Dye4gBbAdPQSto3WbqgkBu6lrj2,none,,5c4cd886-0f18-42a6-9d91-5d5a9acf415b,6,2025,4,False,2,False,True,26,27,30,9014.617391304348,115,1036681.0,239200.0,45.0,False,,,30.0,0.0,1809.483870967742,31,0.0007794104454504326
5504.0,Bevásárlás,2025-06-27 16:12:01,2025.06.27 4159956198 LIDL ÁRUHÁZ 0255.SZ.     -ÉRINTŐ,Kimenő,VÁSÁRLÁS KÁRTYÁVAL,3Dye4gBbAdPQSto3WbqgkBu6lrj2,none,,4fd2ee38-01c2-4ad0-b4cb-6d9ddaa4db64,6,2025,4,False,2,False,True,26,27,30,9014.617391304348,115,1036681.0,239200.0,45.0,False,,,30.0,0.0,1809.483870967742,31,0.0053092513511871055
877.0,Bevásárlás,2025-06-28 09:45:46,2025.06.28 4159956198 CBA PR°MA ÉLELMISZER     -ÉRINTŐ,Kimenő,VÁSÁRLÁS KÁRTYÁVAL,3Dye4gBbAdPQSto3WbqgkBu6lrj2,none,,bc759a4d-fe3e-4827-82c0-75645d337c68,6,2025,5,True,2,False,True,26,28,30,9014.617391304348,115,1036681.0,239200.0,45.0,False,,,30.0,0.0,1809.483870967742,31,0.0008459690107178583
7044.0,Bevásárlás,2025-06-28 10:12:11,2025.06.28 4159956198 LIDL ÁRUHÁZ 0255.SZ.     -ÉRINTŐ,Kimenő,VÁSÁRLÁS KÁRTYÁVAL,3Dye4gBbAdPQSto3WbqgkBu6lrj2,none,,14bb2b6d-8e3e-43f5-a927-d6bc960d9bb2,6,2025,5,True,2,False,True,26,28,30,9014.617391304348,115,1036681.0,239200.0,45.0,False,,,30.0,0.0,1809.483870967742,31,0.006794761358605009
300.0,Bevásárlás,2025-06-28 12:06:04,"2025.06.28 4159956198 Vendo Box Keleti pu.     -ÉRINTŐ 0,750EUR    0,",Kimenő,VÁSÁRLÁS KÁRTYÁVAL,3Dye4gBbAdPQSto3WbqgkBu6lrj2,none,,d3f9e215-2d80-41cc-a242-373aa73415ac,6,2025,5,True,2,False,True,26,28,30,9014.617391304348,115,1036681.0,239200.0,45.0,False,,,30.0,0.0,1809.483870967742,31,0.0002893850663801111
2760.0,Vendéglátás,2025-06-28 13:27:33,2025.06.29 4159956198 Fusion Befektetesi       -GOOGLE,Kimenő,VÁSÁRLÁS KÁRTYÁVAL,3Dye4gBbAdPQSto3WbqgkBu6lrj2,none,,37b0f779-c13c-4a62-aa76-aefc2d08f0b7,6,2025,5,True,2,False,True,26,28,30,9014.617391304348,115,1036681.0,239200.0,45.0,False,,,30.0,0.0,1149.8636363636363,44,0.0026623426106970227
658.0,Bevásárlás,2025-06-28 14:33:04,2025.06.28 4159956198 TESCO 41014 ÖNKISZOLG    -ÉRINTŐ,Kimenő,VÁSÁRLÁS KÁRTYÁVAL,3Dye4gBbAdPQSto3WbqgkBu6lrj2,none,,5e1d95d9-b864-4cb3-a2a2-33b440414968,6,2025,5,True,2,False,True,26,28,30,9014.617391304348,115,1036681.0,239200.0,45.0,False,,,30.0,0.0,1809.483870967742,31,0.0006347179122603771
7825.0,Ruházat,2025-06-28 17:08:48,"2025.06.28 4159956198 SHEIN.COM                -GOOGLE 19,590EUR    0,",Kimenő,VÁSÁRLÁS KÁRTYÁVAL,3Dye4gBbAdPQSto3WbqgkBu6lrj2,none,,b3fa9fd3-3029-47bd-8bb3-9482d3f34dda,6,2025,5,True,2,False,True,26,28,30,9014.617391304348,115,1036681.0,239200.0,45.0,False,,,30.0,0.0,7825.0,1,0.007548127148081232
649.0,Bevásárlás,2025-07-01 19:19:10,2025.07.01 4159956198 CBA PR°MA ÉLELMISZER     -ÉRINTŐ,Kimenő,VÁSÁRLÁS KÁRTYÁVAL,3Dye4gBbAdPQSto3WbqgkBu6lrj2,none,,2dce4fe5-1b1b-4107-a928-45fe9cb6e45b,7,2025,1,False,3,True,False,27,1,31,6151.7625,80,492141.0,223100.0,50.0,False,,,30.0,0.0,2497.181818181818,22,0.001318727762978496
1890.0,Vendéglátás,2025-07-02 11:41:05,2025.07.02 4159956198 BESZEDA ÉS FIAI          -ÉRINTŐ,Kimenő,VÁSÁRLÁS KÁRTYÁVAL,3Dye4gBbAdPQSto3WbqgkBu6lrj2,none,,3bc0f0d7-5e87-4bac-8608-014e09d3c093,7,2025,2,False,3,True,False,27,2,31,6151.7625,80,492141.0,223100.0,50.0,False,,,30.0,0.0,2318.68,25,0.0038403628228495493
1049.0,Vendéglátás,2025-07-02 19:34:28,2025.07.02 4159956198 TRIO Pizza Fornetti      -ÉRINTŐ,Kimenő,VÁSÁRLÁS KÁRTYÁVAL,3Dye4gBbAdPQSto3WbqgkBu6lrj2,none,,ceb73a43-35ad-4c1b-b486-47a05b4c96a6,7,2025,2,False,3,True,False,27,2,31,6151.7625,80,492141.0,223100.0,50.0,False,,,30.0,0.0,2318.68,25,0.002131502963581575
750.0,Vendéglátás,2025-07-03 08:54:04,2025.07.03 4159956198 LEGENDA BUFE             -ÉRINTŐ,Kimenő,VÁSÁRLÁS KÁRTYÁVAL,3Dye4gBbAdPQSto3WbqgkBu6lrj2,none,,38f409b9-25d7-4892-87ab-7b3f056004df,7,2025,3,False,3,True,False,27,3,31,6151.7625,80,492141.0,223100.0,50.0,False,,,30.0,0.0,2318.68,25,0.0015239535011307736
10007.0,Közlekedés,2025-07-03 10:37:11,2025.07.03 4159956198 ORLEN SZEGED             -ÉRINTŐ,Kimenő,VÁSÁRLÁS KÁRTYÁVAL,3Dye4gBbAdPQSto3WbqgkBu6lrj2,none,,5e8ab936-e5f7-438f-bca4-cfd048592b25,7,2025,3,False,3,True,False,27,3,31,6151.7625,80,492141.0,223100.0,50.0,False,,,30.0,0.0,3241.3333333333335,12,0.020333603581087534
600.0,Nem kategorizált,2025-07-03 11:21:44,20250703_0c665e36-40b3-333c-b624-cc148a8ce23c,Bejövő,AZONNALI FIZETÉS,3Dye4gBbAdPQSto3WbqgkBu6lrj2,none,,d282a0ca-0c05-4a88-9200-29d4626434bb,7,2025,3,False,3,True,False,27,3,31,6151.7625,80,492141.0,223100.0,50.0,False,,,30.0,0.0,34119.28571428572,7,0.0012191628009046189
1128.0,Bevásárlás,2025-07-03 12:31:40,2025.07.03 4159956198 KÁROLYI ABC              -ÉRINTŐ,Kimenő,VÁSÁRLÁS KÁRTYÁVAL,3Dye4gBbAdPQSto3WbqgkBu6lrj2,none,,ae2e4c3d-0ba5-4078-a594-fe6c86f9d2b0,7,2025,3,False,3,True,False,27,3,31,6151.7625,80,492141.0,223100.0,50.0,False,,,30.0,0.0,2497.181818181818,22,0.002292026065700683
50.0,Nem kategorizált,2025-07-03 12:39:42,20250703_f430d370-5cfa-3d1e-bddc-7d8ace7f5895,Bejövő,AZONNALI FIZETÉS,3Dye4gBbAdPQSto3WbqgkBu6lrj2,none,,a3654fb5-4257-4aa9-8df2-2adf37c436ef,7,2025,3,False,3,True,False,27,3,31,6151.7625,80,492141.0,223100.0,50.0,False,,,30.0,0.0,34119.28571428572,7,0.0001015969000753849
800.0,Vendéglátás,2025-07-04 17:55:56,2025.07.04 4159956198 Gofrizo                  -ÉRINTŐ,Kimenő,VÁSÁRLÁS KÁRTYÁVAL,3Dye4gBbAdPQSto3WbqgkBu6lrj2,none,,7dbca753-f996-43c1-805b-cb8009852d72,7,2025,4,False,3,True,False,27,4,31,6151.7625,80,492141.0,223100.0,50.0,False,,,30.0,0.0,2318.68,25,0.0016255504012061585
7060.0,Vendéglátás,2025-07-04 21:07:09,2025.07.04 4159956198 HAMBURGERBÁR             -ÉRINTŐ,Kimenő,VÁSÁRLÁS KÁRTYÁVAL,3Dye4gBbAdPQSto3WbqgkBu6lrj2,none,,ee8a6d74-1d90-48a9-91eb-ad26a5509ac3,7,2025,4,False,3,True,False,27,4,31,6151.7625,80,492141.0,223100.0,50.0,False,,,30.0,0.0,2318.68,25,0.014345482290644349
250.0,Bevásárlás,2025-07-04 23:01:34,"2025.07.04 4159956198 Vendo Box Gyula          -ÉRINTŐ 0,630EUR    0,",Kimenő,VÁSÁRLÁS KÁRTYÁVAL,3Dye4gBbAdPQSto3WbqgkBu6lrj2,none,,107d1a54-8db8-49f1-a2d1-929c862276f0,7,2025,4,False,3,True,False,27,4,31,6151.7625,80,492141.0,223100.0,50.0,False,,,30.0,0.0,2497.181818181818,22,0.0005079845003769245
300.0,Bevásárlás,2025-07-04 23:02:33,"2025.07.04 4159956198 Vendo Box Gyula          -ÉRINTŐ 0,750EUR    0,",Kimenő,VÁSÁRLÁS KÁRTYÁVAL,3Dye4gBbAdPQSto3WbqgkBu6lrj2,none,,63268d87-246d-4de2-879b-1bd5c3cf9461,7,2025,4,False,3,True,False,27,4,31,6151.7625,80,492141.0,223100.0,50.0,False,,,30.0,0.0,2497.181818181818,22,0.0006095814004523094
3935.0,Nem kategorizált,2025-07-05 00:23:15,Alexre,Bejövő,AZONNALI FIZETÉS,3Dye4gBbAdPQSto3WbqgkBu6lrj2,none,,0bc44834-4d7e-4c1f-93ca-1298362a750d,7,2025,5,True,3,True,False,27,5,31,6151.7625,80,492141.0,223100.0,50.0,False,,,30.0,0.0,34119.28571428572,7,0.007995676035932792
5000.0,Közlekedés,2025-07-05 09:31:46,2025.07.05 4159956198 HMT PETROL               -ÉRINTŐ,Kimenő,VÁSÁRLÁS KÁRTYÁVAL,3Dye4gBbAdPQSto3WbqgkBu6lrj2,none,,6990fef3-f2c0-4bfb-8f90-96ab0c832837,7,2025,5,True,3,True,False,27,5,31,6151.7625,80,492141.0,223100.0,50.0,False,,,30.0,0.0,3241.3333333333335,12,0.01015969000753849
333.0,Egyéb,2025-07-05 13:44:00,,Kimenő,ESETI MEGBÍZÁSOK KÖLTSÉGE,3Dye4gBbAdPQSto3WbqgkBu6lrj2,none,,0bb846b7-6efa-48b4-af29-bc776c22f67b,7,2025,5,True,3,True,False,27,5,31,6151.7625,80,492141.0,223100.0,50.0,False,,,30.0,0.0,1910.8333333333333,6,0.0006766353545020634
5000.0,Utalás,2025-07-05 13:44:18,Piara^^,Kimenő,AZONNALI FIZETÉS,3Dye4gBbAdPQSto3WbqgkBu6lrj2,none,,3558ebbc-c80a-4aca-be5a-0269e79d5f56,7,2025,5,True,3,True,False,27,5,31,6151.7625,80,492141.0,223100.0,50.0,False,,,30.0,0.0,28100.0,2,0.01015969000753849
1990.0,Vendéglátás,2025-07-06 13:59:29,2025.07.06 4159956198 WoWoui Lion              -ÉRINTŐ,Kimenő,VÁSÁRLÁS KÁRTYÁVAL,3Dye4gBbAdPQSto3WbqgkBu6lrj2,none,,ae3747e5-6dbd-433c-bd66-7c297e00a32d,7,2025,6,True,3,False,False,27,6,31,6151.7625,80,492141.0,223100.0,50.0,False,,,30.0,0.0,2318.68,25,0.004043556623000319
6564.0,Bevásárlás,2025-07-06 17:39:45,2025.07.06 4159956198 LIDL ÁRUHÁZ 0121.SZ.     -ÉRINTŐ,Kimenő,VÁSÁRLÁS KÁRTYÁVAL,3Dye4gBbAdPQSto3WbqgkBu6lrj2,none,,eb64e166-ed8f-4d46-99e2-059640681808,7,2025,6,True,3,False,False,27,6,31,6151.7625,80,492141.0,223100.0,50.0,False,,,30.0,0.0,2497.181818181818,22,0.01333764104189653
509.0,Bevásárlás,2025-07-06 18:21:06,2025.07.06 4159956198 NEMZETI DOHÁNYBOLT       -ÉRINTŐ,Kimenő,VÁSÁRLÁS KÁRTYÁVAL,3Dye4gBbAdPQSto3WbqgkBu6lrj2,none,,b2474596-a646-4898-8960-09517da4477c,7,2025,6,True,3,False,False,27,6,31,6151.7625,80,492141.0,223100.0,50.0,False,,,30.0,0.0,2497.181818181818,22,0.0010342564427674183
409.0,Közlekedés,2025-07-07 14:12:16,2025.07.07 4159956198 BÉKÉSCSABA MÁV           -ÉRINTŐ,Kimenő,VÁSÁRLÁS KÁRTYÁVAL,3Dye4gBbAdPQSto3WbqgkBu6lrj2,none,,3753102a-9377-422d-a47d-e3b8b379dfda,7,2025,0,False,3,False,False,28,7,31,6151.7625,80,492141.0,223100.0,50.0,False,,,30.0,0.0,3241.3333333333335,12,0.0008310626426166485
399.0,Egyéb,2025-07-07 14:26:13,2025.07.07 4159956198 www.sameday.hu/taxapre,Kimenő,VÁSÁRLÁS KÁRTYÁVAL,3Dye4gBbAdPQSto3WbqgkBu6lrj2,none,,f87298c2-ebd3-42e3-8f36-db5efe7921b8,7,2025,0,False,3,False,False,28,7,31,6151.7625,80,492141.0,223100.0,50.0,False,,,30.0,0.0,1910.8333333333333,6,0.0008107432626015715
350.0,Bevásárlás,2025-07-07 17:14:26,"2025.07.07 4159956198 Vendo Box Keleti pu.     -ÉRINTŐ 0,880EUR    0,",Kimenő,VÁSÁRLÁS KÁRTYÁVAL,3Dye4gBbAdPQSto3WbqgkBu6lrj2,none,,f67fe0f4-603b-45e6-a787-d357d9ce094f,7,2025,0,False,3,False,False,28,7,31,6151.7625,80,492141.0,223100.0,50.0,False,,,30.0,0.0,2497.181818181818,22,0.0007111783005276943
1890.0,Vendéglátás,2025-07-08 11:54:18,2025.07.08 4159956198 BESZEDA ÉS FIAI          -ÉRINTŐ,Kimenő,VÁSÁRLÁS KÁRTYÁVAL,3Dye4gBbAdPQSto3WbqgkBu6lrj2,none,,8ae69792-0d8a-4bc3-bf03-1e75a1386a41,7,2025,1,False,3,False,False,28,8,31,6151.7625,80,492141.0,223100.0,50.0,False,,,30.0,0.0,2318.68,25,0.0038403628228495493
520.0,Vendéglátás,2025-07-08 17:10:28,2025.07.08 4159956198 Princess Bakery          -ÉRINTŐ,Kimenő,VÁSÁRLÁS KÁRTYÁVAL,3Dye4gBbAdPQSto3WbqgkBu6lrj2,none,,ed64ff4c-b98d-4e18-87d3-9f40a7c7453d,7,2025,1,False,3,False,False,28,8,31,6151.7625,80,492141.0,223100.0,50.0,False,,,30.0,0.0,2318.68,25,0.001056607760784003
10000.0,Nem kategorizált,2025-07-08 17:37:45,köszi,Bejövő,AZONNALI FIZETÉS,3Dye4gBbAdPQSto3WbqgkBu6lrj2,none,,8fb1fa79-583f-4c8a-9beb-8ba2a1975d1a,7,2025,1,False,3,False,False,28,8,31,6151.7625,80,492141.0,223100.0,50.0,False,,,30.0,0.0,34119.28571428572,7,0.02031938001507698
738.0,Bevásárlás,2025-07-08 17:42:55,2025.07.08 4159956198 SPAR PARTNER             -ÉRINTŐ,Kimenő,VÁSÁRLÁS KÁRTYÁVAL,3Dye4gBbAdPQSto3WbqgkBu6lrj2,none,,12333ce6-3505-4c0e-855b-599ce5f77d37,7,2025,1,False,3,False,False,28,8,31,6151.7625,80,492141.0,223100.0,50.0,False,,,30.0,0.0,2497.181818181818,22,0.0014995702451126812
22042.0,"Számlák, rezsi",2025-07-08 19:09:32,2025.07.08 4159956198 OTPMOBL*allianz,Kimenő,VÁSÁRLÁS KÁRTYÁVAL,3Dye4gBbAdPQSto3WbqgkBu6lrj2,none,,6f3b693b-a1b2-4b93-9390-d57d87a51d5c,7,2025,1,False,3,False,False,28,8,31,6151.7625,80,492141.0,223100.0,50.0,False,,,30.0,0.0,9196.666666666666,3,0.04478797742923268
4048.0,"Számlák, rezsi",2025-07-09 03:42:24,"2025.07.09 4159956198 Netflix.com 9,990EUR  405,1900",Kimenő,VÁSÁRLÁS KÁRTYÁVAL,3Dye4gBbAdPQSto3WbqgkBu6lrj2,none,,952161e6-eea2-41eb-9cc7-4fd4a8109bb8,7,2025,2,False,3,False,False,28,9,31,6151.7625,80,492141.0,223100.0,50.0,False,,,30.0,0.0,9196.666666666666,3,0.008225285030103162
1890.0,Vendéglátás,2025-07-09 12:09:05,2025.07.09 4159956198 BESZEDA ÉS FIAI          -ÉRINTŐ,Kimenő,VÁSÁRLÁS KÁRTYÁVAL,3Dye4gBbAdPQSto3WbqgkBu6lrj2,none,,fa05de8a-e770-49a0-acaa-b3636db6b4af,7,2025,2,False,3,False,False,28,9,31,6151.7625,80,492141.0,223100.0,50.0,False,,,30.0,0.0,2318.68,25,0.0038403628228495493
3655.0,Bevásárlás,2025-07-09 19:01:49,2025.07.09 4159956198 LIDL ÁRUHÁZ 0255.SZ.     -ÉRINTŐ,Kimenő,VÁSÁRLÁS KÁRTYÁVAL,3Dye4gBbAdPQSto3WbqgkBu6lrj2,none,,e5d48c5a-6c4a-4a73-bfa9-1582af7b2e01,7,2025,2,False,3,False,False,28,9,31,6151.7625,80,492141.0,223100.0,50.0,False,,,30.0,0.0,2497.181818181818,22,0.007426733395510636
2250.0,Vendéglátás,2025-07-10 11:58:33,2025.07.10 4159956198 JIA LE K°NAI BÜFÉ        -ÉRINTŐ,Kimenő,VÁSÁRLÁS KÁRTYÁVAL,3Dye4gBbAdPQSto3WbqgkBu6lrj2,none,,5c8e24ce-8c54-4ac8-af9b-f151f410dcac,7,2025,3,False,3,False,False,28,10,31,6151.7625,80,492141.0,223100.0,50.0,False,,,30.0,0.0,2318.68,25,0.0045718605033923205
223100.0,Nem kategorizált,2025-07-10 15:47:00,Munkabér utalás,Bejövő,NAPKÖZBENI ÁTUTALÁS (CSOPORTOS),3Dye4gBbAdPQSto3WbqgkBu6lrj2,none,,eb4deec5-abcc-43eb-b718-0009ae442513,7,2025,3,False,3,False,False,28,10,31,6151.7625,80,492141.0,223100.0,50.0,False,,,30.0,0.0,34119.28571428572,7,0.13806386351302935
2468.0,Közlekedés,2025-07-10 20:40:53,2025.07.10 4159956198 OTPMOBL*MÁVSzemelyszall.,Kimenő,VÁSÁRLÁS KÁRTYÁVAL,3Dye4gBbAdPQSto3WbqgkBu6lrj2,none,,7f5dfe6a-d58d-4f70-b863-faa8c67d9105,7,2025,3,False,3,False,False,28,10,31,6151.7625,80,492141.0,223100.0,50.0,False,,,30.0,0.0,3241.3333333333335,12,0.005014822987720998
940.0,Közlekedés,2025-07-11 11:42:50,2025.07.11 4159956198 SIMPLEP*MÁVSzemelyszall.,Kimenő,VÁSÁRLÁS KÁRTYÁVAL,3Dye4gBbAdPQSto3WbqgkBu6lrj2,none,,1b669dfa-c03e-41f6-b46b-08978c94e8f3,7,2025,4,False,3,False,False,28,11,31,6151.7625,80,492141.0,223100.0,50.0,False,,,30.0,0.0,3241.3333333333335,12,0.001910021721417236
890.0,Bevásárlás,2025-07-11 11:48:44,2025.07.11 4159956198 KEMENES CUKRÁSZDA        -ÉRINTŐ,Kimenő,VÁSÁRLÁS KÁRTYÁVAL,3Dye4gBbAdPQSto3WbqgkBu6lrj2,none,,a4e49ce6-fef9-4bb1-a9d1-80cdbc7ac342,7,2025,4,False,3,False,False,28,11,31,6151.7625,80,492141.0,223100.0,50.0,False,,,30.0,0.0,2497.181818181818,22,0.0018084248213418512
5500.0,Közlekedés,2025-07-11 14:55:32,2025.07.11 4159956198 HMT PETROL               -ÉRINTŐ,Kimenő,VÁSÁRLÁS KÁRTYÁVAL,3Dye4gBbAdPQSto3WbqgkBu6lrj2,none,,c5138e13-3b4e-4699-a5b6-bd6d9e222aa1,7,2025,4,False,3,False,False,28,11,31,6151.7625,80,492141.0,223100.0,50.0,False,,,30.0,0.0,3241.3333333333335,12,0.011175659008292338
10006.0,Közlekedés,2025-07-12 11:10:22,2025.07.12 4159956198 OIL! GYULA               -ÉRINTŐ,Kimenő,VÁSÁRLÁS KÁRTYÁVAL,3Dye4gBbAdPQSto3WbqgkBu6lrj2,none,,905e7070-7e40-4a4e-a1e0-54a02d040dd5,7,2025,5,True,3,False,False,28,12,31,6151.7625,80,492141.0,223100.0,50.0,False,,,30.0,0.0,3241.3333333333335,12,0.020331571643086025
500.0,Nem kategorizált,2025-07-12 12:47:57,20250712_86f587ec-3569-3ba5-81c3-672cad6ac540,Bejövő,AZONNALI FIZETÉS,3Dye4gBbAdPQSto3WbqgkBu6lrj2,none,,e7237519-e244-4cef-aed5-555ada93e19e,7,2025,5,True,3,False,False,28,12,31,6151.7625,80,492141.0,223100.0,50.0,False,,,30.0,0.0,34119.28571428572,7,0.001015969000753849
2214.0,Bevásárlás,2025-07-12 19:49:04,2025.07.12 4159956198 NEMZETI DOHÁNYBOLT       -ÉRINTŐ,Kimenő,VÁSÁRLÁS KÁRTYÁVAL,3Dye4gBbAdPQSto3WbqgkBu6lrj2,none,,a6402d3a-cc82-4b9c-bb2d-9be607b166ec,7,2025,5,True,3,False,False,28,12,31,6151.7625,80,492141.0,223100.0,50.0,False,,,30.0,0.0,2497.181818181818,22,0.0044987107353380434
4500.0,Egyéb,2025-07-13 11:57:23,2025.07.13 4159956198 FLAMINGO SHOP            -ÉRINTŐ,Kimenő,VÁSÁRLÁS KÁRTYÁVAL,3Dye4gBbAdPQSto3WbqgkBu6lrj2,none,,d683f73b-c52b-4615-8031-2679093194ce,7,2025,6,True,3,False,False,28,13,31,6151.7625,80,492141.0,223100.0,50.0,False,,,30.0,0.0,1910.8333333333333,6,0.009143721006784641
1600.0,Egyéb,2025-07-13 11:59:12,2025.07.13 4159956198 FLAMINGO SHOP            -ÉRINTŐ,Kimenő,VÁSÁRLÁS KÁRTYÁVAL,3Dye4gBbAdPQSto3WbqgkBu6lrj2,none,,eaef831c-8cb8-4f51-8978-09b3b1a5ecf1,7,2025,6,True,3,False,False,28,13,31,6151.7625,80,492141.0,223100.0,50.0,False,,,30.0,0.0,1910.8333333333333,6,0.003251100802412317
2149.0,Bevásárlás,2025-07-13 12:53:33,"2025.07.13 4159956198 Deli Market              -GOOGLE 5,380EUR    0,",Kimenő,VÁSÁRLÁS KÁRTYÁVAL,3Dye4gBbAdPQSto3WbqgkBu6lrj2,none,,e26c8d7e-a90e-43f0-88d8-ef429ce25c86,7,2025,6,True,3,False,False,28,13,31,6151.7625,80,492141.0,223100.0,50.0,False,,,30.0,0.0,2497.181818181818,22,0.004366634765240043
4300.0,Egyéb,2025-07-13 13:59:14,2025.07.13 4159956198 FLAMINGO SHOP            -GOOGLE,Kimenő,VÁSÁRLÁS KÁRTYÁVAL,3Dye4gBbAdPQSto3WbqgkBu6lrj2,none,,725ec8e1-c97f-4cde-b51a-712a0fdcbc85,7,2025,6,True,3,False,False,28,13,31,6151.7625,80,492141.0,223100.0,50.0,False,,,30.0,0.0,1910.8333333333333,6,0.0087373334064831
5277.0,Bevásárlás,2025-07-13 18:21:09,2025.07.13 4159956198 TESCO 44070 EX.ÖNKISZOLG -GOOGLE,Kimenő,VÁSÁRLÁS KÁRTYÁVAL,3Dye4gBbAdPQSto3WbqgkBu6lrj2,none,,ebc8830a-b042-47bf-934a-4be4c847f989,7,2025,6,True,3,False,False,28,13,31,6151.7625,80,492141.0,223100.0,50.0,False,,,30.0,0.0,2497.181818181818,22,0.010722536833956122
1590.0,Bevásárlás,2025-07-14 13:14:13,2025.07.14 4159956198 Tuti-Biztos Profit kft   -GOOGLE,Kimenő,VÁSÁRLÁS KÁRTYÁVAL,3Dye4gBbAdPQSto3WbqgkBu6lrj2,none,,2183e796-8bcb-4bb9-97c9-ff5202d4d4f2,7,2025,0,False,3,False,False,29,14,31,6151.7625,80,492141.0,223100.0,50.0,False,,,30.0,0.0,2497.181818181818,22,0.00323078142239724
2850.0,"Szállás, utazás",2025-07-14 13:32:56,2025.07.14 4159956198 HOTEL MAGISTERN          -GOOGLE,Kimenő,VÁSÁRLÁS KÁRTYÁVAL,3Dye4gBbAdPQSto3WbqgkBu6lrj2,none,,f654aae0-25b1-4854-b9a3-ea8f32269931,7,2025,0,False,3,False,False,29,14,31,6151.7625,80,492141.0,223100.0,50.0,False,,,30.0,0.0,2850.0,1,0.005791023304296939
1399.0,Vendéglátás,2025-07-14 14:07:54,"2025.07.14 4159956198 MOJITO LEMON KFT.        -GOOGLE 3,500EUR    0,",Kimenő,VÁSÁRLÁS KÁRTYÁVAL,3Dye4gBbAdPQSto3WbqgkBu6lrj2,none,,e5e06d44-56ec-4e84-baf7-c6240fb77d3d,7,2025,0,False,3,False,False,29,14,31,6151.7625,80,492141.0,223100.0,50.0,False,,,30.0,0.0,2318.68,25,0.0028426812641092693
1499.0,Vendéglátás,2025-07-14 18:06:24,"2025.07.14 4159956198 MOJITO LEMON KFT.        -GOOGLE 3,750EUR    0,",Kimenő,VÁSÁRLÁS KÁRTYÁVAL,3Dye4gBbAdPQSto3WbqgkBu6lrj2,none,,4859574f-d6e2-4975-85f3-0d2d3d907075,7,2025,0,False,3,False,False,29,14,31,6151.7625,80,492141.0,223100.0,50.0,False,,,30.0,0.0,2318.68,25,0.003045875064260039
1320.0,Vendéglátás,2025-07-15 11:15:35,"2025.07.15 4159956198 Gore-V                   -ÉRINTŐ 3,300EUR    0,",Kimenő,VÁSÁRLÁS KÁRTYÁVAL,3Dye4gBbAdPQSto3WbqgkBu6lrj2,none,,86f0fa7a-5585-496d-85c0-5cab450c966d,7,2025,1,False,3,False,False,29,15,31,6151.7625,80,492141.0,223100.0,50.0,False,,,30.0,0.0,2318.68,25,0.0026821581619901613
6700.0,Vendéglátás,2025-07-15 13:29:28,2025.07.15 4159956198 Steg Pizzeria Etterem    -GOOGLE,Kimenő,VÁSÁRLÁS KÁRTYÁVAL,3Dye4gBbAdPQSto3WbqgkBu6lrj2,none,,d3c4e59c-c97c-46d8-852c-6841ba3ddd30,7,2025,1,False,3,False,False,29,15,31,6151.7625,80,492141.0,223100.0,50.0,False,,,30.0,0.0,2318.68,25,0.013613984610101576
1500.0,Szórakozás,2025-07-15 13:36:58,2025.07.15 4159956198 AJANDEKBOLT              -GOOGLE,Kimenő,VÁSÁRLÁS KÁRTYÁVAL,3Dye4gBbAdPQSto3WbqgkBu6lrj2,none,,f8fcbf0b-d090-484d-af51-ebb928639134,7,2025,1,False,3,False,False,29,15,31,6151.7625,80,492141.0,223100.0,50.0,False,,,30.0,0.0,1700.0,2,0.003047907002261547
1307.0,Bevásárlás,2025-07-15 13:49:22,2025.07.15 4159956198 COOP 410.SZ.FORRÁS CO    -ÉRINTŐ,Kimenő,VÁSÁRLÁS KÁRTYÁVAL,3Dye4gBbAdPQSto3WbqgkBu6lrj2,none,,3fce9450-4f62-4df9-b969-f72d717f2c57,7,2025,1,False,3,False,False,29,15,31,6151.7625,80,492141.0,223100.0,50.0,False,,,30.0,0.0,2497.181818181818,22,0.0026557429679705613
2950.0,Vendéglátás,2025-07-15 18:31:25,2025.07.15 4159956198 Bala-Beach Kft           -GOOGLE,Kimenő,VÁSÁRLÁS KÁRTYÁVAL,3Dye4gBbAdPQSto3WbqgkBu6lrj2,none,,60da8144-addb-4f19-b146-9ecab7540a09,7,2025,1,False,3,False,False,29,15,31,6151.7625,80,492141.0,223100.0,50.0,False,,,30.0,0.0,2318.68,25,0.005994217104447709
3850.0,Vendéglátás,2025-07-15 19:54:06,2025.07.15 4159956198 Bala-Beach Kft           -ÉRINTŐ,Kimenő,VÁSÁRLÁS KÁRTYÁVAL,3Dye4gBbAdPQSto3WbqgkBu6lrj2,none,,2b976800-00e9-45ed-a5fd-d878e10e7ea5,7,2025,1,False,3,False,False,29,15,31,6151.7625,80,492141.0,223100.0,50.0,False,,,30.0,0.0,2318.68,25,0.007822961305804637
1640.0,Vendéglátás,2025-07-16 10:51:53,2025.07.16 4159956198 MCD BETHLEN              -ÉRINTŐ,Kimenő,VÁSÁRLÁS KÁRTYÁVAL,3Dye4gBbAdPQSto3WbqgkBu6lrj2,none,,a622845c-cb32-494f-9d30-a199f2b7696d,7,2025,2,False,3,False,False,29,16,31,6151.7625,80,492141.0,223100.0,50.0,False,,,30.0,0.0,2318.68,25,0.0033323783224726245
333.0,Egyéb,2025-07-16 18:35:00,,Kimenő,ESETI MEGBÍZÁSOK KÖLTSÉGE,3Dye4gBbAdPQSto3WbqgkBu6lrj2,none,,8ac6e5f5-b90d-4678-9100-f4e41d0ed77a,7,2025,2,False,3,False,False,29,16,31,6151.7625,80,492141.0,223100.0,50.0,False,,,30.0,0.0,1910.8333333333333,6,0.0006766353545020634
51200.0,Utalás,2025-07-16 18:35:26,Szállás pénz,Kimenő,AZONNALI FIZETÉS,3Dye4gBbAdPQSto3WbqgkBu6lrj2,none,,28734e6d-3b88-4573-9236-3d2d51e25a4e,7,2025,2,False,3,False,False,29,16,31,6151.7625,80,492141.0,223100.0,50.0,False,,,30.0,0.0,28100.0,2,0.10403522567719414
749.0,Közlekedés,2025-07-18 15:23:03,2025.07.18 4159956198 MOL 53268                -ÉRINTŐ,Kimenő,VÁSÁRLÁS KÁRTYÁVAL,3Dye4gBbAdPQSto3WbqgkBu6lrj2,none,,07020c92-936a-40ff-83a4-be148585dde9,7,2025,4,False,3,False,False,29,18,31,6151.7625,80,492141.0,223100.0,50.0,False,,,30.0,0.0,3241.3333333333335,12,0.0015219215631292657
229.0,Közlekedés,2025-07-18 15:42:03,2025.07.18 4159956198 MOL 53268                -ÉRINTŐ,Kimenő,VÁSÁRLÁS KÁRTYÁVAL,3Dye4gBbAdPQSto3WbqgkBu6lrj2,none,,30c7dc47-c050-4525-a007-68246c1313ee,7,2025,4,False,3,False,False,29,18,31,6151.7625,80,492141.0,223100.0,50.0,False,,,30.0,0.0,3241.3333333333335,12,0.00046531380234526284
4990.0,Bevásárlás,2025-07-20 20:07:28,2025.07.20 4159956198 TESCO 41460 ÖNKISZOLG    -ÉRINTŐ,Kimenő,VÁSÁRLÁS KÁRTYÁVAL,3Dye4gBbAdPQSto3WbqgkBu6lrj2,none,,cddb36b4-871a-45f7-a0d2-747187fc2fd2,7,2025,6,True,3,False,False,29,20,31,6151.7625,80,492141.0,223100.0,50.0,False,,,30.0,0.0,2497.181818181818,22,0.010139370627523413
650.0,Nem kategorizált,2025-07-21 10:50:46,20250721_f9254eb1-fd0a-4a17-ae2e-2ccea3f2276a,Bejövő,AZONNALI FIZETÉS,3Dye4gBbAdPQSto3WbqgkBu6lrj2,none,,ccf31672-42dd-4966-8d30-925be38fbe8d,7,2025,0,False,3,False,False,30,21,31,6151.7625,80,492141.0,223100.0,50.0,False,,,30.0,0.0,34119.28571428572,7,0.0013207597009800038
2140.0,Vendéglátás,2025-07-21 20:28:27,2025.07.21 4159956198 B&J - Bodizs Istvan e    -ÉRINTŐ,Kimenő,VÁSÁRLÁS KÁRTYÁVAL,3Dye4gBbAdPQSto3WbqgkBu6lrj2,none,,1ccc4ad6-9173-4f2e-ad1b-66e312f01aa9,7,2025,0,False,3,False,False,30,21,31,6151.7625,80,492141.0,223100.0,50.0,False,,,30.0,0.0,2318.68,25,0.004348347323226474
1348.0,Közlekedés,2025-07-22 18:03:17,2025.07.22 4159956198 BÉKÉSCSABA MÁV           -ÉRINTŐ,Kimenő,VÁSÁRLÁS KÁRTYÁVAL,3Dye4gBbAdPQSto3WbqgkBu6lrj2,none,,2a40a184-0c91-4f5e-81c6-b56145f759d7,7,2025,1,False,3,False,False,30,22,31,6151.7625,80,492141.0,223100.0,50.0,False,,,30.0,0.0,3241.3333333333335,12,0.002739052426032377
1890.0,Közlekedés,2025-07-23 06:01:24,2025.07.23 4159956198 SIMPLEP*MÁVSzemelyszall.,Kimenő,VÁSÁRLÁS KÁRTYÁVAL,3Dye4gBbAdPQSto3WbqgkBu6lrj2,none,,911df2c2-0fd0-4846-9521-d4a61a5b69f9,7,2025,2,False,3,False,False,30,23,31,6151.7625,80,492141.0,223100.0,50.0,False,,,30.0,0.0,3241.3333333333335,12,0.0038403628228495493
8711.0,Bevásárlás,2025-07-23 11:27:33,2025.07.23 4159956198 ZSAKAI KFT.              -ÉRINTŐ,Kimenő,VÁSÁRLÁS KÁRTYÁVAL,3Dye4gBbAdPQSto3WbqgkBu6lrj2,none,,46a83108-10c1-42f5-85e8-03b5c851421f,7,2025,2,False,3,False,False,30,23,31,6151.7625,80,492141.0,223100.0,50.0,False,,,30.0,0.0,2497.181818181818,22,0.017700211931133556
4000.0,Vendéglátás,2025-07-23 14:47:06,2025.07.23 4159956198 Vincze  gnes e.v.        -ÉRINTŐ,Kimenő,VÁSÁRLÁS KÁRTYÁVAL,3Dye4gBbAdPQSto3WbqgkBu6lrj2,none,,2af87bf2-92b8-4c82-9b17-d90887521a52,7,2025,2,False,3,False,False,30,23,31,6151.7625,80,492141.0,223100.0,50.0,False,,,30.0,0.0,2318.68,25,0.008127752006030792
350.0,Közlekedés,2025-07-24 07:15:45,2025.07.24 4159956198 SPÓROIL SIROK            -ÉRINTŐ,Kimenő,VÁSÁRLÁS KÁRTYÁVAL,3Dye4gBbAdPQSto3WbqgkBu6lrj2,none,,7b4e9201-56f0-4d04-ad03-7ce150f328b5,7,2025,3,False,3,False,False,30,24,31,6151.7625,80,492141.0,223100.0,50.0,False,,,30.0,0.0,3241.3333333333335,12,0.0007111783005276943
480.0,Bevásárlás,2025-07-24 07:25:47,2025.07.24 4159956198 LAKOTELEPI ABC           -ÉRINTŐ,Kimenő,VÁSÁRLÁS KÁRTYÁVAL,3Dye4gBbAdPQSto3WbqgkBu6lrj2,none,,55fbda46-d7bd-4b64-a01e-a36b6975f6e6,7,2025,3,False,3,False,False,30,24,31,6151.7625,80,492141.0,223100.0,50.0,False,,,30.0,0.0,2497.181818181818,22,0.000975330240723695
499.0,Bevásárlás,2025-07-24 08:08:13,2025.07.24 4159956198 583.COOP ÜZLET           -ÉRINTŐ,Kimenő,VÁSÁRLÁS KÁRTYÁVAL,3Dye4gBbAdPQSto3WbqgkBu6lrj2,none,,3c37e82b-e73c-4d55-8043-9db3952a7615,7,2025,3,False,3,False,False,30,24,31,6151.7625,80,492141.0,223100.0,50.0,False,,,30.0,0.0,2497.181818181818,22,0.0010139370627523412
1600.0,Bevásárlás,2025-07-24 12:47:06,2025.07.24 4159956198 FZS FOOD CARS            -ÉRINTŐ,Kimenő,VÁSÁRLÁS KÁRTYÁVAL,3Dye4gBbAdPQSto3WbqgkBu6lrj2,none,,76954f8e-18ac-4bda-97b6-a9aa3d1aa0ca,7,2025,3,False,3,False,False,30,24,31,6151.7625,80,492141.0,223100.0,50.0,False,,,30.0,0.0,2497.181818181818,22,0.003251100802412317
4000.0,Vendéglátás,2025-07-24 15:54:59,2025.07.24 4159956198 Vincze  gnes e.v.        -ÉRINTŐ,Kimenő,VÁSÁRLÁS KÁRTYÁVAL,3Dye4gBbAdPQSto3WbqgkBu6lrj2,none,,a95c73c5-6434-4c8b-b471-390a7b96a7de,7,2025,3,False,3,False,False,30,24,31,6151.7625,80,492141.0,223100.0,50.0,False,,,30.0,0.0,2318.68,25,0.008127752006030792
1500.0,"Számlák, rezsi",2025-07-24 19:46:12,"2025.07.24 4159956198 SQUARETRADE EUROPE 3,760EUR    0,",Kimenő,VÁSÁRLÁS KÁRTYÁVAL,3Dye4gBbAdPQSto3WbqgkBu6lrj2,none,,abbf5b92-a171-4c88-a1d3-b08246f14d36,7,2025,3,False,3,False,False,30,24,31,6151.7625,80,492141.0,223100.0,50.0,False,,,30.0,0.0,9196.666666666666,3,0.003047907002261547
1500.0,Vendéglátás,2025-07-24 21:12:46,"2025.07.24 4159956198 Gasthaus-Rendezveny Kf   -ÉRINTŐ 3,770EUR    0,",Kimenő,VÁSÁRLÁS KÁRTYÁVAL,3Dye4gBbAdPQSto3WbqgkBu6lrj2,none,,fb64393a-d17a-429c-a6de-7a36f183fd76,7,2025,3,False,3,False,False,30,24,31,6151.7625,80,492141.0,223100.0,50.0,False,,,30.0,0.0,2318.68,25,0.003047907002261547
1500.0,Vendéglátás,2025-07-24 21:37:58,"2025.07.24 4159956198 Gasthaus-Rendezveny Kf   -ÉRINTŐ 3,770EUR    0,",Kimenő,VÁSÁRLÁS KÁRTYÁVAL,3Dye4gBbAdPQSto3WbqgkBu6lrj2,none,,f3844c55-1a28-48f6-91f9-17d719774919,7,2025,3,False,3,False,False,30,24,31,6151.7625,80,492141.0,223100.0,50.0,False,,,30.0,0.0,2318.68,25,0.003047907002261547
1190.0,Vendéglátás,2025-07-25 22:33:27,"2025.07.25 4159956198 Lukis Burger             -ÉRINTŐ 3,000EUR    0,",Kimenő,VÁSÁRLÁS KÁRTYÁVAL,3Dye4gBbAdPQSto3WbqgkBu6lrj2,none,,d46c278a-4723-4ee5-82e1-4777ae0621aa,7,2025,4,False,3,False,False,30,25,31,6151.7625,80,492141.0,223100.0,50.0,False,,,30.0,0.0,2318.68,25,0.0024180062217941606
1900.0,Szórakozás,2025-07-26 11:23:34,"2025.07.26 4159956198 Prime Video 4,790EUR    0,",Kimenő,VÁSÁRLÁS KÁRTYÁVAL,3Dye4gBbAdPQSto3WbqgkBu6lrj2,none,,e55f2cc9-14b9-452f-b124-0c80f10676ff,7,2025,5,True,3,False,True,30,26,31,6151.7625,80,492141.0,223100.0,50.0,False,,,30.0,0.0,1700.0,2,0.0038606822028646264
2190.0,Vendéglátás,2025-07-30 12:01:04,2025.07.30 4159956198 BESZEDA ÉS FIAI          -ÉRINTŐ,Kimenő,VÁSÁRLÁS KÁRTYÁVAL,3Dye4gBbAdPQSto3WbqgkBu6lrj2,none,,c8582995-389f-4b2f-afeb-57cec31b64cd,7,2025,2,False,3,False,True,31,30,31,6151.7625,80,492141.0,223100.0,50.0,False,,,30.0,0.0,2318.68,25,0.004449944223301859
9990.0,Bevásárlás,2025-07-30 16:29:00,2025.07.30 4159956198 OKOSJÁTÉK BOLT           -ÉRINTŐ,Kimenő,VÁSÁRLÁS KÁRTYÁVAL,3Dye4gBbAdPQSto3WbqgkBu6lrj2,none,,8cd6ff53-a59d-4d13-9daf-b5d21629fc5a,7,2025,2,False,3,False,True,31,30,31,6151.7625,80,492141.0,223100.0,50.0,False,,,30.0,0.0,2497.181818181818,22,0.020299060635061903
1098.0,Bevásárlás,2025-07-30 18:13:10,2025.07.30 4159956198 CBA PR°MA CENTENÁRIU     -ÉRINTŐ,Kimenő,VÁSÁRLÁS KÁRTYÁVAL,3Dye4gBbAdPQSto3WbqgkBu6lrj2,none,,84c43225-01f5-4b89-8c14-78bb315c83d9,7,2025,2,False,3,False,True,31,30,31,6151.7625,80,492141.0,223100.0,50.0,False,,,30.0,0.0,2497.181818181818,22,0.0022310679256554522
2000.0,Vendéglátás,2025-07-31 12:45:59,2025.07.31 4159956198 FINOMFALATOK KONYHAJA    -ÉRINTŐ,Kimenő,VÁSÁRLÁS KÁRTYÁVAL,3Dye4gBbAdPQSto3WbqgkBu6lrj2,none,,829c1a95-d9c7-4eff-a670-2ab14809be3c,7,2025,3,False,3,False,True,31,31,31,6151.7625,80,492141.0,223100.0,50.0,False,,,30.0,0.0,2318.68,25,0.004063876003015396
1800.0,Vendéglátás,2025-08-01 12:17:45,2025.08.01 4159956198 FINOMFALATOK KONYHAJA    -ÉRINTŐ,Kimenő,VÁSÁRLÁS KÁRTYÁVAL,3Dye4gBbAdPQSto3WbqgkBu6lrj2,none,,d79a1333-8811-48a6-b0da-2214b1f4419c,8,2025,4,False,3,True,False,31,1,31,6663.523255813953,86,573063.0,205850.0,18.0,False,,,30.0,0.0,1348.5,36,0.0031410159092455803
379.0,Bevásárlás,2025-08-01 18:57:20,2025.08.01 4159956198 CBA PR°MA CENTENÁRIU     -ÉRINTŐ,Kimenő,VÁSÁRLÁS KÁRTYÁVAL,3Dye4gBbAdPQSto3WbqgkBu6lrj2,none,,5cc7cb65-e252-4cff-b6c6-674d364db271,8,2025,4,False,3,True,False,31,1,31,6663.523255813953,86,573063.0,205850.0,18.0,False,,,30.0,0.0,1857.7777777777778,18,0.0006613583497800416
500.0,Egyéb,2025-08-02 09:08:00,,Kimenő,ESETI MEGBÍZÁSOK KÖLTSÉGE,3Dye4gBbAdPQSto3WbqgkBu6lrj2,none,,64806d87-c6bd-499c-86aa-b40b60b77fda,8,2025,5,True,3,True,False,31,2,31,6663.523255813953,86,573063.0,205850.0,18.0,False,,,30.0,0.0,500.0,1,0.0008725044192348834
100000.0,Utalás,2025-08-02 09:08:55,Varga Bence - lakbér - Augusztus,Kimenő,AZONNALI FIZETÉS,3Dye4gBbAdPQSto3WbqgkBu6lrj2,none,,9f808b05-580d-46ce-b3d7-f11bf0804782,8,2025,5,True,3,True,False,31,2,31,6663.523255813953,86,573063.0,205850.0,18.0,False,,,30.0,0.0,45784.783672595375,2,0.13806386351302935
1250.0,Vendéglátás,2025-08-02 14:24:30,"2025.08.02 4159956198 IceNGo                   -ÉRINTŐ 3,130EUR    0,",Kimenő,VÁSÁRLÁS KÁRTYÁVAL,3Dye4gBbAdPQSto3WbqgkBu6lrj2,none,,068ddd2e-eba0-4988-b6d2-0ebcabf4a03f,8,2025,5,True,3,True,False,31,2,31,6663.523255813953,86,573063.0,205850.0,18.0,False,,,30.0,0.0,1348.5,36,0.0021812610480872086
1290.0,Vendéglátás,2025-08-02 14:27:49,"2025.08.02 4159956198 Island Bisztro Kft.      -ÉRINTŐ 3,230EUR    0,",Kimenő,VÁSÁRLÁS KÁRTYÁVAL,3Dye4gBbAdPQSto3WbqgkBu6lrj2,none,,61655d54-7d92-4f90-b07a-7c9e590563ed,8,2025,5,True,3,True,False,31,2,31,6663.523255813953,86,573063.0,205850.0,18.0,False,,,30.0,0.0,1348.5,36,0.0022510614016259993
1590.0,Vendéglátás,2025-08-02 15:38:54,2025.08.02 4159956198 MCD MARGIT HID           -ÉRINTŐ,Kimenő,VÁSÁRLÁS KÁRTYÁVAL,3Dye4gBbAdPQSto3WbqgkBu6lrj2,none,,605e04a6-927d-4e70-9aac-9ef2ae85383b,8,2025,5,True,3,True,False,31,2,31,6663.523255813953,86,573063.0,205850.0,18.0,False,,,30.0,0.0,1348.5,36,0.0027745640531669294
780.0,Vendéglátás,2025-08-02 15:57:03,2025.08.02 4159956198 MCD MARGIT HID           -ÉRINTŐ,Kimenő,VÁSÁRLÁS KÁRTYÁVAL,3Dye4gBbAdPQSto3WbqgkBu6lrj2,none,,35e3e176-ec3f-43f7-9773-9d3283137a7c,8,2025,5,True,3,True,False,31,2,31,6663.523255813953,86,573063.0,205850.0,18.0,False,,,30.0,0.0,1348.5,36,0.001361106894006418
928.0,Bevásárlás,2025-08-02 16:20:23,2025.08.02 4159956198 PR°MA CSEMEGE - SCO      -ÉRINTŐ,Kimenő,VÁSÁRLÁS KÁRTYÁVAL,3Dye4gBbAdPQSto3WbqgkBu6lrj2,none,,4570a4df-9b48-4c1e-8080-e10b3ea1d609,8,2025,5,True,3,True,False,31,2,31,6663.523255813953,86,573063.0,205850.0,18.0,False,,,30.0,0.0,1857.7777777777778,18,0.0016193682020999437
890.0,Vendéglátás,2025-08-02 21:22:48,"2025.08.02 4159956198 Paulaner Sorkert Mozi    -ÉRINTŐ 2,230EUR    0,",Kimenő,VÁSÁRLÁS KÁRTYÁVAL,3Dye4gBbAdPQSto3WbqgkBu6lrj2,none,,bb35e078-a2b8-4653-8a05-0c3bf9e0f303,8,2025,5,True,3,True,False,31,2,31,6663.523255813953,86,573063.0,205850.0,18.0,False,,,30.0,0.0,1348.5,36,0.0015530578662380926
264.0,Vendéglátás,2025-08-03 11:20:22,2025.08.03 4159956198 Keleti TSB Fornetti al   -ÉRINTŐ,Kimenő,VÁSÁRLÁS KÁRTYÁVAL,3Dye4gBbAdPQSto3WbqgkBu6lrj2,none,,6e217ad2-a5c4-4504-86f2-9adbe1ec7168,8,2025,6,True,3,True,False,31,3,31,6663.523255813953,86,573063.0,205850.0,18.0,False,,,30.0,0.0,1348.5,36,0.0004606823333560184
1315.0,Otthon,2025-08-03 12:43:27,2025.08.03 4159956198 IKEA ORS VEZER UGYFE     -ÉRINTŐ,Kimenő,VÁSÁRLÁS KÁRTYÁVAL,3Dye4gBbAdPQSto3WbqgkBu6lrj2,none,,317fac5f-3e77-4d74-b5e3-a18b80b485ce,8,2025,6,True,3,True,False,31,3,31,6663.523255813953,86,573063.0,205850.0,18.0,False,,,30.0,0.0,2300.4285714285716,7,0.0022946866225877433
1000.0,Vendéglátás,2025-08-03 12:53:57,2025.08.03 4159956198 IKEA ORS VEZER ETTER     -ÉRINTŐ,Kimenő,VÁSÁRLÁS KÁRTYÁVAL,3Dye4gBbAdPQSto3WbqgkBu6lrj2,none,,01a84086-0343-4931-9484-19949f535237,8,2025,6,True,3,True,False,31,3,31,6663.523255813953,86,573063.0,205850.0,18.0,False,,,30.0,0.0,1348.5,36,0.0017450088384697669
605.0,Otthon,2025-08-03 12:57:47,2025.08.03 4159956198 IKEA ORS VEZER BEV       -ÉRINTŐ,Kimenő,VÁSÁRLÁS KÁRTYÁVAL,3Dye4gBbAdPQSto3WbqgkBu6lrj2,none,,42b7bc4a-6c56-4572-994c-d6b0dc92f92d,8,2025,6,True,3,True,False,31,3,31,6663.523255813953,86,573063.0,205850.0,18.0,False,,,30.0,0.0,2300.4285714285716,7,0.001055730347274209
795.0,Otthon,2025-08-03 12:59:19,2025.08.03 4159956198 IKEA ORS VEZER BEV       -ÉRINTŐ,Kimenő,VÁSÁRLÁS KÁRTYÁVAL,3Dye4gBbAdPQSto3WbqgkBu6lrj2,none,,fa74e227-6c63-4512-a3f4-bbd5b79d4c87,8,2025,6,True,3,True,False,31,3,31,6663.523255813953,86,573063.0,205850.0,18.0,False,,,30.0,0.0,2300.4285714285716,7,0.0013872820265834647
1190.0,Otthon,2025-08-03 13:36:05,2025.08.03 4159956198 IKEA ORS VEZER BEV       -ÉRINTŐ,Kimenő,VÁSÁRLÁS KÁRTYÁVAL,3Dye4gBbAdPQSto3WbqgkBu6lrj2,none,,410f0e77-6f53-4eb4-ae9a-58bfd3ae0a7a,8,2025,6,True,3,True,False,31,3,31,6663.523255813953,86,573063.0,205850.0,18.0,False,,,30.0,0.0,2300.4285714285716,7,0.0020765605177790226
1098.0,Bevásárlás,2025-08-03 14:46:42,2025.08.03 4159956198 SPAR 0190                -ÉRINTŐ,Kimenő,VÁSÁRLÁS KÁRTYÁVAL,3Dye4gBbAdPQSto3WbqgkBu6lrj2,none,,f37b5bbb-c044-4d8f-924c-8973b7f2ec2c,8,2025,6,True,3,True,False,31,3,31,6663.523255813953,86,573063.0,205850.0,18.0,False,,,30.0,0.0,1857.7777777777778,18,0.001916019704639804
1848.0,Vendéglátás,2025-08-03 15:53:37,2025.08.03 4159956198 Azsian Food              -ÉRINTŐ,Kimenő,VÁSÁRLÁS KÁRTYÁVAL,3Dye4gBbAdPQSto3WbqgkBu6lrj2,none,,3121a9ff-73f0-4141-a3c5-7457f2c1b433,8,2025,6,True,3,True,False,31,3,31,6663.523255813953,86,573063.0,205850.0,18.0,False,,,30.0,0.0,1348.5,36,0.0032247763334921293
858.0,Bevásárlás,2025-08-03 16:02:40,2025.08.03 4159956198 SPAR 0190                -ÉRINTŐ,Kimenő,VÁSÁRLÁS KÁRTYÁVAL,3Dye4gBbAdPQSto3WbqgkBu6lrj2,none,,6d85d6df-6a19-49b3-b97a-37bf6385dbaf,8,2025,6,True,3,True,False,31,3,31,6663.523255813953,86,573063.0,205850.0,18.0,False,,,30.0,0.0,1857.7777777777778,18,0.00149721758340706
1800.0,Vendéglátás,2025-08-04 13:00:32,2025.08.04 4159956198 DÖNER KEBAB EXPRESS      -ÉRINTŐ,Kimenő,VÁSÁRLÁS KÁRTYÁVAL,3Dye4gBbAdPQSto3WbqgkBu6lrj2,none,,1fa1c25a-6f07-4e96-aa76-30202db2cced,8,2025,0,False,3,True,False,32,4,31,6663.523255813953,86,573063.0,205850.0,18.0,False,,,30.0,0.0,1348.5,36,0.0031410159092455803
4128.0,Bevásárlás,2025-08-04 20:17:03,2025.08.04 4159956198 LIDL ÁRUHÁZ 0255.SZ.     -ÉRINTŐ,Kimenő,VÁSÁRLÁS KÁRTYÁVAL,3Dye4gBbAdPQSto3WbqgkBu6lrj2,none,,8a2233b1-96bc-483a-ae57-a6081b793282,8,2025,0,False,3,True,False,32,4,31,6663.523255813953,86,573063.0,205850.0,18.0,False,,,30.0,0.0,1857.7777777777778,18,0.007203396485203198
379.0,Vendéglátás,2025-08-05 09:09:52,2025.08.05 4159956198 FORNETTI KLINIK K        -ÉRINTŐ,Kimenő,VÁSÁRLÁS KÁRTYÁVAL,3Dye4gBbAdPQSto3WbqgkBu6lrj2,none,,cd912563-e3b7-4dda-a1f3-90a87ba6cd29,8,2025,1,False,3,True,False,32,5,31,6663.523255813953,86,573063.0,205850.0,18.0,False,,,30.0,0.0,1348.5,36,0.0006613583497800416
1890.0,Vendéglátás,2025-08-05 11:59:15,2025.08.05 4159956198 BESZEDA ÉS FIAI          -ÉRINTŐ,Kimenő,VÁSÁRLÁS KÁRTYÁVAL,3Dye4gBbAdPQSto3WbqgkBu6lrj2,none,,5933acb7-0e6a-4a4b-80c4-e0a34219af93,8,2025,1,False,3,True,False,32,5,31,6663.523255813953,86,573063.0,205850.0,18.0,False,,,30.0,0.0,1348.5,36,0.0032980667047078594
499.0,Vendéglátás,2025-08-06 08:29:07,2025.08.06 4159956198 FORNETTI KLINIK K        -ÉRINTŐ,Kimenő,VÁSÁRLÁS KÁRTYÁVAL,3Dye4gBbAdPQSto3WbqgkBu6lrj2,none,,3e5afff7-ec44-4009-877d-35514876665a,8,2025,2,False,3,False,False,32,6,31,6663.523255813953,86,573063.0,205850.0,18.0,False,,,30.0,0.0,1348.5,36,0.0008707594103964136
1790.0,Vendéglátás,2025-08-06 11:54:15,2025.08.06 4159956198 HELOPAY*GNOCCO CORVIN SET-ÉRINTŐ,Kimenő,VÁSÁRLÁS KÁRTYÁVAL,3Dye4gBbAdPQSto3WbqgkBu6lrj2,none,,c836feff-007d-4f3e-8981-9259c4683eeb,8,2025,2,False,3,False,False,32,6,31,6663.523255813953,86,573063.0,205850.0,18.0,False,,,30.0,0.0,1348.5,36,0.0031235658208608828
749.0,Vendéglátás,2025-08-06 15:43:03,2025.08.06 4159956198 TRIO Pizza Fornetti      -ÉRINTŐ,Kimenő,VÁSÁRLÁS KÁRTYÁVAL,3Dye4gBbAdPQSto3WbqgkBu6lrj2,none,,d3603f46-0e79-4878-9aa3-9158a2e4261e,8,2025,2,False,3,False,False,32,6,31,6663.523255813953,86,573063.0,205850.0,18.0,False,,,30.0,0.0,1348.5,36,0.0013070116200138554
2999.0,Otthon,2025-08-07 13:28:47,2025.08.07 4159956198 MM BÉKÉSCSABA            -ÉRINTŐ,Kimenő,VÁSÁRLÁS KÁRTYÁVAL,3Dye4gBbAdPQSto3WbqgkBu6lrj2,none,,04d20263-9b10-4f69-893b-0c04d14eeefe,8,2025,3,False,3,False,False,32,7,31,6663.523255813953,86,573063.0,205850.0,18.0,False,,,30.0,0.0,2300.4285714285716,7,0.005233281506570831
5420.0,Vendéglátás,2025-08-07 13:34:49,2025.08.07 4159956198 BURGER KING BÉKÉSCSA     -ÉRINTŐ,Kimenő,VÁSÁRLÁS KÁRTYÁVAL,3Dye4gBbAdPQSto3WbqgkBu6lrj2,none,,c323622f-864f-4861-a038-2cb27f7f66a1,8,2025,3,False,3,False,False,32,7,31,6663.523255813953,86,573063.0,205850.0,18.0,False,,,30.0,0.0,1348.5,36,0.009457947904506136
200.0,Közlekedés,2025-08-07 14:04:42,2025.08.07 4159956198 CSABA CENTER             -ÉRINTŐ,Kimenő,VÁSÁRLÁS KÁRTYÁVAL,3Dye4gBbAdPQSto3WbqgkBu6lrj2,none,,db03589a-ccb0-4247-ba5a-e0eee3165ec2,8,2025,3,False,3,False,False,32,7,31,6663.523255813953,86,573063.0,205850.0,18.0,False,,,30.0,0.0,3061.5,8,0.00034900176769395337
2896.0,Bevásárlás,2025-08-08 15:07:26,2025.08.08 4159956198 PENNY 9550300188         -ÉRINTŐ,Kimenő,VÁSÁRLÁS KÁRTYÁVAL,3Dye4gBbAdPQSto3WbqgkBu6lrj2,none,,546b0e22-a1c0-44d4-ac37-c752608cdb5c,8,2025,4,False,3,False,False,32,8,31,6663.523255813953,86,573063.0,205850.0,18.0,False,,,30.0,0.0,1857.7777777777778,18,0.005053545596208445
205850.0,Nem kategorizált,2025-08-08 17:16:00,Munkabér utalás,Bejövő,NAPKÖZBENI ÁTUTALÁS (CSOPORTOS),3Dye4gBbAdPQSto3WbqgkBu6lrj2,none,,bfafff5b-8089-4fbb-ba49-1ff2478db816,8,2025,4,False,3,False,False,32,8,31,6663.523255813953,86,573063.0,205850.0,18.0,False,,,30.0,0.0,45784.783672595375,2,0.13806386351302935
250.0,Közlekedés,2025-08-08 19:27:33,2025.08.08 4159956198 VOLANBUSZ_AUTOBUSZ       -ÉRINTŐ,Kimenő,VÁSÁRLÁS KÁRTYÁVAL,3Dye4gBbAdPQSto3WbqgkBu6lrj2,none,,d6989b2f-7013-467d-83be-94df5611b61b,8,2025,4,False,3,False,False,32,8,31,6663.523255813953,86,573063.0,205850.0,18.0,False,,,30.0,0.0,3061.5,8,0.0004362522096174417
4013.0,"Számlák, rezsi",2025-08-09 04:31:07,"2025.08.09 4159956198 NETFLIX.COM 9,990EUR  401,7300",Kimenő,VÁSÁRLÁS KÁRTYÁVAL,3Dye4gBbAdPQSto3WbqgkBu6lrj2,none,,d65f93ce-1211-4799-bfe7-275edc6261e9,8,2025,5,True,3,False,False,32,9,31,6663.523255813953,86,573063.0,205850.0,18.0,False,,,30.0,0.0,14210.42857142857,7,0.007002720468779174
1500.0,Vendéglátás,2025-08-09 22:53:56,2025.08.09 4159956198 MARAI BUFE1              -ÉRINTŐ,Kimenő,VÁSÁRLÁS KÁRTYÁVAL,3Dye4gBbAdPQSto3WbqgkBu6lrj2,none,,8d36f20e-b15d-461f-8605-67ce5a8d8f4e,8,2025,5,True,3,False,False,32,9,31,6663.523255813953,86,573063.0,205850.0,18.0,False,,,30.0,0.0,1348.5,36,0.0026175132577046503
250.0,Vendéglátás,2025-08-10 14:39:50,"2025.08.10 4159956198 NYX*AloisDallmayrAutom   -ÉRINTŐ 0,630EUR    0,",Kimenő,VÁSÁRLÁS KÁRTYÁVAL,3Dye4gBbAdPQSto3WbqgkBu6lrj2,none,,315cb4db-ef8f-4ea5-80ea-7e61cc5da494,8,2025,6,True,3,False,False,32,10,31,6663.523255813953,86,573063.0,205850.0,18.0,False,,,30.0,0.0,1348.5,36,0.0004362522096174417
578.0,Bevásárlás,2025-08-10 18:55:33,2025.08.10 4159956198 PENNY 9550300188         -ÉRINTŐ,Kimenő,VÁSÁRLÁS KÁRTYÁVAL,3Dye4gBbAdPQSto3WbqgkBu6lrj2,none,,0cc5abb1-fa94-43c9-9ea7-35cf2aaf71f6,8,2025,6,True,3,False,False,32,10,31,6663.523255813953,86,573063.0,205850.0,18.0,False,,,30.0,0.0,1857.7777777777778,18,0.0010086151086355253
7690.0,"Számlák, rezsi",2025-08-11 11:25:02,2025.08.11 4159956198 SIMPLEP*one,Kimenő,VÁSÁRLÁS KÁRTYÁVAL,3Dye4gBbAdPQSto3WbqgkBu6lrj2,none,,82b245fe-1217-457f-9eb5-e7108026a921,8,2025,0,False,3,False,False,33,11,31,6663.523255813953,86,573063.0,205850.0,18.0,False,,,30.0,0.0,14210.42857142857,7,0.013419117967832506
23143.0,Szórakozás,2025-08-11 14:39:24,"2025.08.11 4159956198 WWW.TICKET* TICKETSWAP 58,420EUR    0,",Kimenő,VÁSÁRLÁS KÁRTYÁVAL,3Dye4gBbAdPQSto3WbqgkBu6lrj2,none,,455ef358-f3f6-4a82-8f32-2a75b1897627,8,2025,0,False,3,False,False,33,11,31,6663.523255813953,86,573063.0,205850.0,18.0,False,,,30.0,0.0,6626.8,5,0.04038473954870581
44084.0,"Számlák, rezsi",2025-08-11 14:46:00,2025.08.11 4159956198 SIMPLEP*allianz,Kimenő,VÁSÁRLÁS KÁRTYÁVAL,3Dye4gBbAdPQSto3WbqgkBu6lrj2,none,,2b5a1d4f-d109-4d8e-9560-1bf1fa3de2e3,8,2025,0,False,3,False,False,33,11,31,6663.523255813953,86,573063.0,205850.0,18.0,False,,,30.0,0.0,14210.42857142857,7,0.0769269696351012
330.0,Vendéglátás,2025-08-11 15:47:59,2025.08.11 4159956198 LEGENDA BUFE             -ÉRINTŐ,Kimenő,VÁSÁRLÁS KÁRTYÁVAL,3Dye4gBbAdPQSto3WbqgkBu6lrj2,none,,61e50a46-1380-4374-8010-fa92876cf129,8,2025,0,False,3,False,False,33,11,31,6663.523255813953,86,573063.0,205850.0,18.0,False,,,30.0,0.0,1348.5,36,0.000575852916695023
1840.0,Vendéglátás,2025-08-11 16:31:41,2025.08.12 4159956198 Fusion Befektetesi       -GOOGLE,Kimenő,VÁSÁRLÁS KÁRTYÁVAL,3Dye4gBbAdPQSto3WbqgkBu6lrj2,none,,a5a0b97e-cb04-4801-8f1c-13df67024ab7,8,2025,0,False,3,False,False,33,11,31,6663.523255813953,86,573063.0,205850.0,18.0,False,,,30.0,0.0,1348.5,36,0.003210816262784371
3591.0,Szórakozás,2025-08-12 18:07:05,2025.08.12 4159956198 L°RA KÖNYVESBOLT         -ÉRINTŐ,Kimenő,VÁSÁRLÁS KÁRTYÁVAL,3Dye4gBbAdPQSto3WbqgkBu6lrj2,none,,8f55ee2a-b9f6-4959-bd88-3e0b18b32ecc,8,2025,1,False,3,False,False,33,12,31,6663.523255813953,86,573063.0,205850.0,18.0,False,,,30.0,0.0,6626.8,5,0.006266326738944933
790.0,Vendéglátás,2025-08-14 18:08:32,2025.08.14 4159956198 B&J - Bodizs Istvan e    -ÉRINTŐ,Kimenő,VÁSÁRLÁS KÁRTYÁVAL,3Dye4gBbAdPQSto3WbqgkBu6lrj2,none,,4524947b-44db-4ce7-aeb6-074474034f95,8,2025,3,False,3,False,False,33,14,31,6663.523255813953,86,573063.0,205850.0,18.0,False,,,30.0,0.0,1348.5,36,0.001378556982391116
2689.0,Bevásárlás,2025-08-14 18:44:20,2025.08.14 4159956198 NEMZETI DOHÁNYBOLT       -ÉRINTŐ,Kimenő,VÁSÁRLÁS KÁRTYÁVAL,3Dye4gBbAdPQSto3WbqgkBu6lrj2,none,,63a1a3f3-ced7-4381-850e-a00ba52b80b9,8,2025,3,False,3,False,False,33,14,31,6663.523255813953,86,573063.0,205850.0,18.0,False,,,30.0,0.0,1857.7777777777778,18,0.004692328766645203
2980.0,Vendéglátás,2025-08-14 21:16:25,2025.08.14 4159956198 RONDELLA TERASZ          -ÉRINTŐ,Kimenő,VÁSÁRLÁS KÁRTYÁVAL,3Dye4gBbAdPQSto3WbqgkBu6lrj2,none,,1c5335b5-22b8-4b9a-b70d-5a82d9aad46a,8,2025,3,False,3,False,False,33,14,31,6663.523255813953,86,573063.0,205850.0,18.0,False,,,30.0,0.0,1348.5,36,0.005200126338639905
1840.0,Vendéglátás,2025-08-15 17:38:02,2025.08.16 4159956198 Fusion Befektetesi       -GOOGLE,Kimenő,VÁSÁRLÁS KÁRTYÁVAL,3Dye4gBbAdPQSto3WbqgkBu6lrj2,none,,7b3ef864-57ba-4e19-8491-a8bdd69795b9,8,2025,4,False,3,False,False,33,15,31,6663.523255813953,86,573063.0,205850.0,18.0,False,,,30.0,0.0,1348.5,36,0.003210816262784371
1900.0,Nem kategorizált,2025-08-16 16:39:45,20250816_b5376155-f040-38f0-ba51-fc8c823dc17a,Bejövő,AZONNALI FIZETÉS,3Dye4gBbAdPQSto3WbqgkBu6lrj2,none,,94d94bcd-44e1-4598-ad12-11f0da9a3163,8,2025,5,True,3,False,False,33,16,31,6663.523255813953,86,573063.0,205850.0,18.0,False,,,30.0,0.0,45784.783672595375,2,0.003315516793092557
2600.0,Szórakozás,2025-08-18 19:09:04,2025.08.18 4159956198 CENTER MOZI              -ÉRINTŐ,Kimenő,VÁSÁRLÁS KÁRTYÁVAL,3Dye4gBbAdPQSto3WbqgkBu6lrj2,none,,950daffb-1b5a-46bc-abd1-df67defaccae,8,2025,0,False,3,False,False,34,18,31,6663.523255813953,86,573063.0,205850.0,18.0,False,,,30.0,0.0,6626.8,5,0.004537022980021394
1900.0,Szórakozás,2025-08-18 20:00:39,2025.08.18 4159956198 CENTER MOZI              -ÉRINTŐ,Kimenő,VÁSÁRLÁS KÁRTYÁVAL,3Dye4gBbAdPQSto3WbqgkBu6lrj2,none,,83c8d687-69cb-4e7d-a8a4-dd483d223f35,8,2025,0,False,3,False,False,34,18,31,6663.523255813953,86,573063.0,205850.0,18.0,False,,,30.0,0.0,6626.8,5,0.003315516793092557
15000.0,Közlekedés,2025-08-18 22:22:17,2025.08.18 4159956198 HMT PETROL               -ÉRINTŐ,Kimenő,VÁSÁRLÁS KÁRTYÁVAL,3Dye4gBbAdPQSto3WbqgkBu6lrj2,none,,f7cb672f-c910-4fa1-8fde-77d3deba0f42,8,2025,0,False,3,False,False,34,18,31,6663.523255813953,86,573063.0,205850.0,18.0,False,,,30.0,0.0,3061.5,8,0.0261751325770465
940.0,Közlekedés,2025-08-19 09:31:35,2025.08.19 4159956198 SIMPLEP*MÁVSzemelyszall.,Kimenő,VÁSÁRLÁS KÁRTYÁVAL,3Dye4gBbAdPQSto3WbqgkBu6lrj2,none,,6350ee29-751b-423d-92ce-8d955943ca02,8,2025,1,False,3,False,False,34,19,31,6663.523255813953,86,573063.0,205850.0,18.0,False,,,30.0,0.0,3061.5,8,0.001640308308161581
2640.0,Vendéglátás,2025-08-19 13:14:54,2025.08.20 4159956198 Fusion Befektetesi       -GOOGLE,Kimenő,VÁSÁRLÁS KÁRTYÁVAL,3Dye4gBbAdPQSto3WbqgkBu6lrj2,none,,25dad3c8-2c33-44ac-ad69-8ffaf9a4701e,8,2025,1,False,3,False,False,34,19,31,6663.523255813953,86,573063.0,205850.0,18.0,False,,,30.0,0.0,1348.5,36,0.004606823333560184
2200.0,Vendéglátás,2025-08-19 21:09:00,2025.08.19 4159956198 PARK ÉTTEREM             -ÉRINTŐ,Kimenő,VÁSÁRLÁS KÁRTYÁVAL,3Dye4gBbAdPQSto3WbqgkBu6lrj2,none,,c14fbb0b-d018-41df-9051-0ce301056831,8,2025,1,False,3,False,False,34,19,31,6663.523255813953,86,573063.0,205850.0,18.0,False,,,30.0,0.0,1348.5,36,0.003839019444633487
8168.0,"Számlák, rezsi",2025-08-21 09:05:15,2025.08.21 4159956198 SIMPLEP*one,Kimenő,VÁSÁRLÁS KÁRTYÁVAL,3Dye4gBbAdPQSto3WbqgkBu6lrj2,none,,277b7537-874f-4e01-bd84-e87595a56ee5,8,2025,3,False,3,False,False,34,21,31,6663.523255813953,86,573063.0,205850.0,18.0,False,,,30.0,0.0,14210.42857142857,7,0.014253232192621056
8499.0,Otthon,2025-08-21 10:44:31,2025.08.21 4159956198 MM BÉKÉSCSABA            -ÉRINTŐ,Kimenő,VÁSÁRLÁS KÁRTYÁVAL,3Dye4gBbAdPQSto3WbqgkBu6lrj2,none,,110b6046-4f0b-4ad6-ba4d-09f07eff9056,8,2025,3,False,3,False,False,34,21,31,6663.523255813953,86,573063.0,205850.0,18.0,False,,,30.0,0.0,2300.4285714285716,7,0.014830830118154548
200.0,Közlekedés,2025-08-21 10:46:58,2025.08.21 4159956198 CSABA CENTER             -ÉRINTŐ,Kimenő,VÁSÁRLÁS KÁRTYÁVAL,3Dye4gBbAdPQSto3WbqgkBu6lrj2,none,,fe705be1-28b1-4777-aed0-1efc20dc7cb3,8,2025,3,False,3,False,False,34,21,31,6663.523255813953,86,573063.0,205850.0,18.0,False,,,30.0,0.0,3061.5,8,0.00034900176769395337
5162.0,Közlekedés,2025-08-21 17:54:24,2025.08.21 4159956198 ORLEN TÖRÖKSZENTMIKLÓS   -ÉRINTŐ,Kimenő,VÁSÁRLÁS KÁRTYÁVAL,3Dye4gBbAdPQSto3WbqgkBu6lrj2,none,,83b322f9-cf60-42e7-a230-72e611c8eb2b,8,2025,3,False,3,False,False,34,21,31,6663.523255813953,86,573063.0,205850.0,18.0,False,,,30.0,0.0,3061.5,8,0.009007735624180937
698.0,Bevásárlás,2025-08-21 19:32:18,2025.08.21 4159956198 NEMZETI DOHÁNYBOLT       -ÉRINTŐ,Kimenő,VÁSÁRLÁS KÁRTYÁVAL,3Dye4gBbAdPQSto3WbqgkBu6lrj2,none,,c2e305a2-a47b-46d7-bb2a-d3f732f00de7,8,2025,3,False,3,False,False,34,21,31,6663.523255813953,86,573063.0,205850.0,18.0,False,,,30.0,0.0,1857.7777777777778,18,0.0012180161692518972
1890.0,Közlekedés,2025-08-22 11:47:17,2025.08.22 4159956198 SIMPLEP*MÁVSzemelyszall.,Kimenő,VÁSÁRLÁS KÁRTYÁVAL,3Dye4gBbAdPQSto3WbqgkBu6lrj2,none,,c6157e49-1526-425e-92f0-26bd8c930a1c,8,2025,4,False,3,False,False,34,22,31,6663.523255813953,86,573063.0,205850.0,18.0,False,,,30.0,0.0,3061.5,8,0.0032980667047078594
1477.0,Bevásárlás,2025-08-22 12:24:41,2025.08.22 4159956198 SPAR 621. SZ.            -ÉRINTŐ,Kimenő,VÁSÁRLÁS KÁRTYÁVAL,3Dye4gBbAdPQSto3WbqgkBu6lrj2,none,,257cd324-bad3-49c8-af34-3518608c4898,8,2025,4,False,3,False,False,34,22,31,6663.523255813953,86,573063.0,205850.0,18.0,False,,,30.0,0.0,1857.7777777777778,18,0.0025773780544198458
2174.0,Bevásárlás,2025-08-22 19:21:12,2025.08.22 4159956198 NEMZETI DOHÁNYBOLT       -ÉRINTŐ,Kimenő,VÁSÁRLÁS KÁRTYÁVAL,3Dye4gBbAdPQSto3WbqgkBu6lrj2,none,,212d10ad-b79b-4b21-88a7-ed8b146f64a9,8,2025,4,False,3,False,False,34,22,31,6663.523255813953,86,573063.0,205850.0,18.0,False,,,30.0,0.0,1857.7777777777778,18,0.003793649214833273
1500.0,"Számlák, rezsi",2025-08-24 19:46:10,"2025.08.24 4159956198 SQUARETRADE EUROPE 3,790EUR    0,",Kimenő,VÁSÁRLÁS KÁRTYÁVAL,3Dye4gBbAdPQSto3WbqgkBu6lrj2,none,,7a0be1b3-ce90-44ec-9525-3eadbc1ce4ba,8,2025,6,True,3,False,False,34,24,31,6663.523255813953,86,573063.0,205850.0,18.0,False,,,30.0,0.0,14210.42857142857,7,0.0026175132577046503
490.0,Vendéglátás,2025-08-25 14:01:40,2025.08.25 4159956198 LEGENDA BUFE             -ÉRINTŐ,Kimenő,VÁSÁRLÁS KÁRTYÁVAL,3Dye4gBbAdPQSto3WbqgkBu6lrj2,none,,16526659-33aa-4f3b-8eb0-2e6dd67e5700,8,2025,0,False,3,False,False,35,25,31,6663.523255813953,86,573063.0,205850.0,18.0,False,,,30.0,0.0,1348.5,36,0.0008550543308501857
2930.0,Vendéglátás,2025-08-25 18:26:46,"2025.08.25 4159956198 Manhattan Burger         -ÉRINTŐ 7,400EUR    0,",Kimenő,VÁSÁRLÁS KÁRTYÁVAL,3Dye4gBbAdPQSto3WbqgkBu6lrj2,none,,f91f41a3-bf59-44b9-95f8-610622797ec1,8,2025,0,False,3,False,False,35,25,31,6663.523255813953,86,573063.0,205850.0,18.0,False,,,30.0,0.0,1348.5,36,0.005112875896716417
34000.0,"Számlák, rezsi",2025-08-25 21:01:27,2025.08.25 4159956198 SIMPLEP*NEPTUN.U-SZEGE,Kimenő,VÁSÁRLÁS KÁRTYÁVAL,3Dye4gBbAdPQSto3WbqgkBu6lrj2,none,,6f936ab0-6dd9-4087-b026-bb3718e410ae,8,2025,0,False,3,False,False,35,25,31,6663.523255813953,86,573063.0,205850.0,18.0,False,,,30.0,0.0,14210.42857142857,7,0.05933030050797207
9625.0,Utalás,2025-08-26 06:59:03,"720096320, vargabence0305@gmail.com",Kimenő,QVIK  FIZETÉS  BANKON BELÜL,3Dye4gBbAdPQSto3WbqgkBu6lrj2,none,,7dead37a-68b4-4b95-abf6-a4c29e2a53d4,8,2025,1,False,3,False,True,35,26,31,6663.523255813953,86,573063.0,205850.0,18.0,False,,,30.0,0.0,45784.783672595375,2,0.016795710070271506
519.0,Vendéglátás,2025-08-26 08:42:33,2025.08.26 4159956198 FORNETTI KLINIK K        -SIMPLE,Kimenő,VÁSÁRLÁS KÁRTYÁVAL,3Dye4gBbAdPQSto3WbqgkBu6lrj2,none,,da3503c0-15d1-44ee-9241-f21f70b59fa0,8,2025,1,False,3,False,True,35,26,31,6663.523255813953,86,573063.0,205850.0,18.0,False,,,30.0,0.0,1348.5,36,0.000905659587165809
1900.0,Szórakozás,2025-08-26 11:31:51,"2025.08.26 4159956198 Prime Video 4,800EUR    0,",Kimenő,VÁSÁRLÁS KÁRTYÁVAL,3Dye4gBbAdPQSto3WbqgkBu6lrj2,none,,3dc8ca54-1ff7-4b4f-b5cb-3b87237474db,8,2025,1,False,3,False,True,35,26,31,6663.523255813953,86,573063.0,205850.0,18.0,False,,,30.0,0.0,6626.8,5,0.003315516793092557
1890.0,Vendéglátás,2025-08-26 12:06:07,2025.08.26 4159956198 BESZEDA ÉS FIAI          -ÉRINTŐ,Kimenő,VÁSÁRLÁS KÁRTYÁVAL,3Dye4gBbAdPQSto3WbqgkBu6lrj2,none,,a2230633-9cc7-494e-9308-5a775ced825c,8,2025,1,False,3,False,True,35,26,31,6663.523255813953,86,573063.0,205850.0,18.0,False,,,30.0,0.0,1348.5,36,0.0032980667047078594
850.0,Közlekedés,2025-08-26 12:50:17,2025.08.26 4159956198 SIMPLEP*MÁVSzemelyszall.,Bejövő,ÁRUVISSZAVÉT ELLENÉRTÉKE,3Dye4gBbAdPQSto3WbqgkBu6lrj2,none,,2e267ec7-3294-4781-adf4-531ae3bd17eb,8,2025,1,False,3,False,True,35,26,31,6663.523255813953,86,573063.0,205850.0,18.0,False,,,30.0,0.0,3061.5,8,0.0014832575126993018
3894.0,Bevásárlás,2025-08-26 18:22:24,2025.08.26 4159956198 LIDL ÁRUHÁZ 0255.SZ.     -ÉRINTŐ,Kimenő,VÁSÁRLÁS KÁRTYÁVAL,3Dye4gBbAdPQSto3WbqgkBu6lrj2,none,,0eb21aa6-c386-4477-996c-4ad2f702b466,8,2025,1,False,3,False,True,35,26,31,6663.523255813953,86,573063.0,205850.0,18.0,False,,,30.0,0.0,1857.7777777777778,18,0.006795064417001272
429.0,Vendéglátás,2025-08-27 08:45:18,2025.08.27 4159956198 FORNETTI KLINIK K        -SIMPLE,Kimenő,VÁSÁRLÁS KÁRTYÁVAL,3Dye4gBbAdPQSto3WbqgkBu6lrj2,none,,ce8284bf-b87d-4c1a-88df-37d0c01713ae,8,2025,2,False,3,False,True,35,27,31,6663.523255813953,86,573063.0,205850.0,18.0,False,,,30.0,0.0,1348.5,36,0.00074860879170353
1350.0,Vendéglátás,2025-08-27 08:47:05,2025.08.27 4159956198 Princess Bakery          -SIMPLE,Kimenő,VÁSÁRLÁS KÁRTYÁVAL,3Dye4gBbAdPQSto3WbqgkBu6lrj2,none,,a5d14789-11fd-479a-a9e2-bfe624549532,8,2025,2,False,3,False,True,35,27,31,6663.523255813953,86,573063.0,205850.0,18.0,False,,,30.0,0.0,1348.5,36,0.0023557619319341853
399.0,Bevásárlás,2025-08-27 17:18:44,2025.08.27 4159956198 PELLE CSEMEGE            -ÉRINTŐ,Kimenő,VÁSÁRLÁS KÁRTYÁVAL,3Dye4gBbAdPQSto3WbqgkBu6lrj2,none,,c4c4c1f0-2162-415d-86d5-b7f9ce2ed4d5,8,2025,2,False,3,False,True,35,27,31,6663.523255813953,86,573063.0,205850.0,18.0,False,,,30.0,0.0,1857.7777777777778,18,0.0006962585265494369
1049.0,Vendéglátás,2025-08-27 17:43:01,2025.08.27 4159956198 TRIO Pizza Fornetti      -SIMPLE,Kimenő,VÁSÁRLÁS KÁRTYÁVAL,3Dye4gBbAdPQSto3WbqgkBu6lrj2,none,,5abdb67b-8221-433d-b564-149fa018b9e1,8,2025,2,False,3,False,True,35,27,31,6663.523255813953,86,573063.0,205850.0,18.0,False,,,30.0,0.0,1348.5,36,0.0018305142715547855
340.0,Vendéglátás,2025-08-28 14:51:57,2025.08.28 4159956198 LEGENDA BUFE             -SIMPLE,Kimenő,VÁSÁRLÁS KÁRTYÁVAL,3Dye4gBbAdPQSto3WbqgkBu6lrj2,none,,2d212682-ecb9-4bd0-8ca7-dcbd8663fdce,8,2025,3,False,3,False,True,35,28,31,6663.523255813953,86,573063.0,205850.0,18.0,False,,,30.0,0.0,1348.5,36,0.0005933030050797207
350.0,Vendéglátás,2025-08-29 10:14:41,2025.08.29 4159956198 LANGOS BUFE              -ÉRINTŐ,Kimenő,VÁSÁRLÁS KÁRTYÁVAL,3Dye4gBbAdPQSto3WbqgkBu6lrj2,none,,b92ab5f1-288b-4c54-b905-7faa92d9c241,8,2025,4,False,3,False,True,35,29,31,6663.523255813953,86,573063.0,205850.0,18.0,False,,,30.0,0.0,1348.5,36,0.0006107530934644184
1894.0,Bevásárlás,2025-08-29 15:09:27,2025.08.29 4159956198 COOP 401.SZ.FORRÁS CO    -ÉRINTŐ,Kimenő,VÁSÁRLÁS KÁRTYÁVAL,3Dye4gBbAdPQSto3WbqgkBu6lrj2,none,,c575f209-af75-479a-bc15-7c9e7d8c6d1a,8,2025,4,False,3,False,True,35,29,31,6663.523255813953,86,573063.0,205850.0,18.0,False,,,30.0,0.0,1857.7777777777778,18,0.0033050467400617383
18.0,"Számlák, rezsi",2025-08-30 05:37:00,,Kimenő,KÉSEDELMI/FEDEZETLENSÉGI KAMAT,3Dye4gBbAdPQSto3WbqgkBu6lrj2,none,,61b0811e-18ad-4c94-ba7b-d4a7f0ae56b6,8,2025,5,True,3,False,True,35,30,31,6663.523255813953,86,573063.0,205850.0,18.0,False,,,30.0,0.0,14210.42857142857,7,3.14101590924558e-05
3400.0,Bevásárlás,2025-08-30 21:28:19,2025.08.30 4159956198 ROXXY CAFÉ               -ÉRINTŐ,Kimenő,VÁSÁRLÁS KÁRTYÁVAL,3Dye4gBbAdPQSto3WbqgkBu6lrj2,none,,0747674d-41c8-4f1a-a0f8-0fa6df7126db,8,2025,5,True,3,False,True,35,30,31,6663.523255813953,86,573063.0,205850.0,18.0,False,,,30.0,0.0,1857.7777777777778,18,0.005933030050797207
2300.0,Bevásárlás,2025-08-30 21:43:29,2025.08.30 4159956198 TÁBOR FESZTIVÁL          -ÉRINTŐ,Kimenő,VÁSÁRLÁS KÁRTYÁVAL,3Dye4gBbAdPQSto3WbqgkBu6lrj2,none,,52a68e54-eaf1-4113-9338-0b87dfaf26f9,8,2025,5,True,3,False,True,35,30,31,6663.523255813953,86,573063.0,205850.0,18.0,False,,,30.0,0.0,1857.7777777777778,18,0.004013520328480464
2050.0,Bevásárlás,2025-08-30 23:20:32,2025.08.30 4159956198 TÁBOR FESZTIVÁL          -ÉRINTŐ,Kimenő,VÁSÁRLÁS KÁRTYÁVAL,3Dye4gBbAdPQSto3WbqgkBu6lrj2,none,,da454470-1e07-4c99-a667-2310d11ed25f,8,2025,5,True,3,False,True,35,30,31,6663.523255813953,86,573063.0,205850.0,18.0,False,,,30.0,0.0,1857.7777777777778,18,0.003577268118863022
1600.0,Bevásárlás,2025-08-31 00:54:51,2025.08.31 4159956198 TÁBOR FESZTIVÁL          -ÉRINTŐ,Kimenő,VÁSÁRLÁS KÁRTYÁVAL,3Dye4gBbAdPQSto3WbqgkBu6lrj2,none,,e34211f6-c296-4581-b370-6b473e307829,8,2025,6,True,3,False,True,35,31,31,6663.523255813953,86,573063.0,205850.0,18.0,False,,,30.0,0.0,1857.7777777777778,18,0.002792014141551627
900.0,Vendéglátás,2025-08-31 14:14:42,"2025.08.31 4159956198 Hell Bufe                -ÉRINTŐ 2,270EUR    0,",Kimenő,VÁSÁRLÁS KÁRTYÁVAL,3Dye4gBbAdPQSto3WbqgkBu6lrj2,none,,82d8d263-e874-4baf-92e2-3dfcacd68b0d,8,2025,6,True,3,False,True,35,31,31,6663.523255813953,86,573063.0,205850.0,18.0,False,,,30.0,0.0,1348.5,36,0.0015705079546227902
690.0,Vendéglátás,2025-08-31 15:16:47,"2025.08.31 4159956198 Allegro Etterem Nemesv   -ÉRINTŐ 1,740EUR    0,",Kimenő,VÁSÁRLÁS KÁRTYÁVAL,3Dye4gBbAdPQSto3WbqgkBu6lrj2,none,,5c1291b6-1d85-4957-bd0e-d3c62bb9de2d,8,2025,6,True,3,False,True,35,31,31,6663.523255813953,86,573063.0,205850.0,18.0,False,,,30.0,0.0,1348.5,36,0.0012040560985441392
700.0,Otthon,2025-08-31 17:11:32,"2025.08.31 4159956198 Congeria Pannon bt.      -ÉRINTŐ 1,760EUR    0,",Kimenő,VÁSÁRLÁS KÁRTYÁVAL,3Dye4gBbAdPQSto3WbqgkBu6lrj2,none,,58e1855f-eec6-4158-960a-65f7e8f270d1,8,2025,6,True,3,False,True,35,31,31,6663.523255813953,86,573063.0,205850.0,18.0,False,,,30.0,0.0,2300.4285714285716,7,0.0012215061869288368
749.0,Vendéglátás,2025-09-01 18:52:52,2025.09.01 4159956198 TRIO Pizza Fornetti      -ÉRINTŐ,Kimenő,VÁSÁRLÁS KÁRTYÁVAL,3Dye4gBbAdPQSto3WbqgkBu6lrj2,none,,120875bb-fdae-4105-a72a-175c9d7578a1,9,2025,0,False,3,True,False,36,1,30,6662.428571428572,98,652918.0,202400.0,279.0,False,,,30.0,0.0,1088.4666666666667,30,0.0011471578360529194
681.0,Vendéglátás,2025-09-02 05:51:48,2025.09.02 4159956198 FINI MINI                -ÉRINTŐ,Kimenő,VÁSÁRLÁS KÁRTYÁVAL,3Dye4gBbAdPQSto3WbqgkBu6lrj2,none,,982f2d36-816e-4252-b2b7-8f0db4a83857,9,2025,1,False,3,True,False,36,2,30,6662.428571428572,98,652918.0,202400.0,279.0,False,,,30.0,0.0,1088.4666666666667,30,0.0010430099951295568
290.0,Vendéglátás,2025-09-02 08:40:17,"2025.09.02 4159956198 Legenda Bufe             -ÉRINTŐ 0,730EUR    0,",Kimenő,VÁSÁRLÁS KÁRTYÁVAL,3Dye4gBbAdPQSto3WbqgkBu6lrj2,none,,9496f613-9f81-41ba-9965-9105efe69451,9,2025,1,False,3,True,False,36,2,30,6662.428571428572,98,652918.0,202400.0,279.0,False,,,30.0,0.0,1088.4666666666667,30,0.00044415990982022243
500.0,Egyéb,2025-09-02 17:40:00,,Kimenő,ESETI MEGBÍZÁSOK KÖLTSÉGE,3Dye4gBbAdPQSto3WbqgkBu6lrj2,none,,3d9286a3-2ee4-4d71-96f2-37b0db70f289,9,2025,1,False,3,True,False,36,2,30,6662.428571428572,98,652918.0,202400.0,279.0,False,,,30.0,0.0,5263.75,8,0.0007657929479659008
100000.0,Utalás,2025-09-02 17:40:36,Varga Bence - szeptemberi lakbér,Kimenő,AZONNALI FIZETÉS,3Dye4gBbAdPQSto3WbqgkBu6lrj2,none,,2992e180-223a-49ed-8232-da9c4a0cf31a,9,2025,1,False,3,True,False,36,2,30,6662.428571428572,98,652918.0,202400.0,279.0,False,,,30.0,0.0,27164.666666666668,6,0.13806386351302935
750.0,Vendéglátás,2025-09-02 17:41:53,"2025.09.02 4159956198 Legenda Bufe             -ÉRINTŐ 1,890EUR    0,",Kimenő,VÁSÁRLÁS KÁRTYÁVAL,3Dye4gBbAdPQSto3WbqgkBu6lrj2,none,,7776aa67-202d-43fe-b603-ddd903bede59,9,2025,1,False,3,True,False,36,2,30,6662.428571428572,98,652918.0,202400.0,279.0,False,,,30.0,0.0,1088.4666666666667,30,0.0011486894219488511
319.0,Bevásárlás,2025-09-03 08:25:56,2025.09.03 4159956198 CBA PR°MA CENTENÁRIU     -ÉRINTŐ,Kimenő,VÁSÁRLÁS KÁRTYÁVAL,3Dye4gBbAdPQSto3WbqgkBu6lrj2,none,,68044719-2547-4224-a634-29ff653299d5,9,2025,2,False,3,True,False,36,3,30,6662.428571428572,98,652918.0,202400.0,279.0,False,,,30.0,0.0,3326.3333333333335,27,0.0004885759008022447
750.0,Vendéglátás,2025-09-03 14:08:44,"2025.09.05 4159956198 MUNCH                    -GOOGLE 1,900EUR    0,",Kimenő,VÁSÁRLÁS KÁRTYÁVAL,3Dye4gBbAdPQSto3WbqgkBu6lrj2,none,,c58f82da-2dbf-438e-8db8-654ecce3c3ae,9,2025,2,False,3,True,False,36,3,30,6662.428571428572,98,652918.0,202400.0,279.0,False,,,30.0,0.0,1088.4666666666667,30,0.0011486894219488511
10000.0,Nem kategorizált,2025-09-04 15:05:06,Bécs,Bejövő,AZONNALI FIZETÉS,3Dye4gBbAdPQSto3WbqgkBu6lrj2,none,,8f673581-b3ba-4bf7-8cf2-fa161428764d,9,2025,3,False,3,True,False,36,4,30,6662.428571428572,98,652918.0,202400.0,279.0,False,,,30.0,0.0,45784.783672595375,3,0.015315858959318016
889.0,Vendéglátás,2025-09-05 08:27:05,2025.09.05 4159956198 FORNETTI PÉKSÉG          -ÉRINTŐ,Kimenő,VÁSÁRLÁS KÁRTYÁVAL,3Dye4gBbAdPQSto3WbqgkBu6lrj2,none,,0d5de0b7-b50b-4f4b-83c2-03a076d0a9ab,9,2025,4,False,3,True,False,36,5,30,6662.428571428572,98,652918.0,202400.0,279.0,False,,,30.0,0.0,1088.4666666666667,30,0.0013615798614833715
1000.0,Készpénz felvétel,2025-09-05 08:42:47,"2025.09.05 4159956198 Budapest,IX.Üllői út 131",Kimenő,KÉSZPÉNZFELVÉT ATM-BŐL,3Dye4gBbAdPQSto3WbqgkBu6lrj2,none,,12099591-3417-40ec-b430-8a89fb4b075c,9,2025,4,False,3,True,False,36,5,30,6662.428571428572,98,652918.0,202400.0,279.0,False,,,30.0,0.0,11000.0,2,0.0015315858959318016
718.0,Szórakozás,2025-09-05 08:53:03,2025.09.05 4159956198 NÉPLIGET 1MINUTE 1535    -ÉRINTŐ,Kimenő,VÁSÁRLÁS KÁRTYÁVAL,3Dye4gBbAdPQSto3WbqgkBu6lrj2,none,,a88200fd-dc23-427e-a249-c4a64bbde93a,9,2025,4,False,3,True,False,36,5,30,6662.428571428572,98,652918.0,202400.0,279.0,False,,,30.0,0.0,1386.4285714285713,7,0.0010996786732790334
5611.0,Közlekedés,2025-09-05 14:09:06,"2025.09.05 4159956198 WIENER LINIEN GmbH & C 14,100EUR  397,9600",Kimenő,VÁSÁRLÁS KÁRTYÁVAL,3Dye4gBbAdPQSto3WbqgkBu6lrj2,none,,b42b8f93-9389-4fa8-88dc-aa450144c5cf,9,2025,4,False,3,True,False,36,5,30,6662.428571428572,98,652918.0,202400.0,279.0,False,,,30.0,0.0,2745.9,10,0.008593728462073338
10000.0,Egyéb,2025-09-06 09:46:26,"2025.09.06 4159956198 Revolut**1567* 25,470EUR    0,",Kimenő,VÁSÁRLÁS KÁRTYÁVAL,3Dye4gBbAdPQSto3WbqgkBu6lrj2,none,,fb3685a7-fdbc-4c0b-ae23-1b41308257a8,9,2025,5,True,3,False,False,36,6,30,6662.428571428572,98,652918.0,202400.0,279.0,False,,,30.0,0.0,5263.75,8,0.015315858959318016
1473.0,Bevásárlás,2025-09-07 13:50:19,"2025.09.07 4159956198 JUICEFACTORY JUICEBARS   -ÉRINTŐ 3,700EUR  398,0900",Kimenő,VÁSÁRLÁS KÁRTYÁVAL,3Dye4gBbAdPQSto3WbqgkBu6lrj2,none,,858c0c72-d6e0-4b2e-8fa6-1195dac6dcf0,9,2025,6,True,3,False,False,36,7,30,6662.428571428572,98,652918.0,202400.0,279.0,False,,,30.0,0.0,3326.3333333333335,27,0.0022560260247075437
6941.0,Bevásárlás,2025-09-08 14:59:54,2025.09.08 4159956198 LIDL ÁRUHÁZ 0365.SZ.     -ÉRINTŐ,Kimenő,VÁSÁRLÁS KÁRTYÁVAL,3Dye4gBbAdPQSto3WbqgkBu6lrj2,none,,54457257-2745-4f32-9ff7-1990dab9a912,9,2025,0,False,3,False,False,37,8,30,6662.428571428572,98,652918.0,202400.0,279.0,False,,,30.0,0.0,3326.3333333333335,27,0.010630737703662635
7647.0,Bevásárlás,2025-09-08 15:16:16,2025.09.08 4159956198 MAXI MARK Mall Kft.      -ÉRINTŐ,Kimenő,VÁSÁRLÁS KÁRTYÁVAL,3Dye4gBbAdPQSto3WbqgkBu6lrj2,none,,4aef7582-9c44-4e7c-90ef-4b59086e1ec9,9,2025,0,False,3,False,False,37,8,30,6662.428571428572,98,652918.0,202400.0,279.0,False,,,30.0,0.0,3326.3333333333335,27,0.011712037346190486
309.0,Bevásárlás,2025-09-08 17:03:51,2025.09.08 4159956198 Goods Market2            -ÉRINTŐ,Kimenő,VÁSÁRLÁS KÁRTYÁVAL,3Dye4gBbAdPQSto3WbqgkBu6lrj2,none,,fac90f36-89dc-4564-be0f-34b617a7209b,9,2025,0,False,3,False,False,37,8,30,6662.428571428572,98,652918.0,202400.0,279.0,False,,,30.0,0.0,3326.3333333333335,27,0.00047326004184292667
590.0,Szórakozás,2025-09-08 19:58:15,"2025.09.08 4159956198 DtkPub                   -ÉRINTŐ 1,500EUR    0,",Kimenő,VÁSÁRLÁS KÁRTYÁVAL,3Dye4gBbAdPQSto3WbqgkBu6lrj2,none,,bc971e01-ab89-4752-9ef4-fe802e661d7a,9,2025,0,False,3,False,False,37,8,30,6662.428571428572,98,652918.0,202400.0,279.0,False,,,30.0,0.0,1386.4285714285713,7,0.0009036356785997629
770.0,Szórakozás,2025-09-08 20:40:53,"2025.09.08 4159956198 DtkPub                   -ÉRINTŐ 1,960EUR    0,",Kimenő,VÁSÁRLÁS KÁRTYÁVAL,3Dye4gBbAdPQSto3WbqgkBu6lrj2,none,,1cd0cf96-d6ea-4974-a163-1b7c25e51e8d,9,2025,0,False,3,False,False,37,8,30,6662.428571428572,98,652918.0,202400.0,279.0,False,,,30.0,0.0,1386.4285714285713,7,0.0011793211398674873
5570.0,"Számlák, rezsi",2025-09-09 05:05:30,"2025.09.09 4159956198 NETFLIX.COM 13,990EUR  398,1200",Kimenő,VÁSÁRLÁS KÁRTYÁVAL,3Dye4gBbAdPQSto3WbqgkBu6lrj2,none,,d8183904-7cdc-4379-a9f9-76359753fb96,9,2025,1,False,3,False,False,37,9,30,6662.428571428572,98,652918.0,202400.0,279.0,False,,,30.0,0.0,6262.0,3,0.008530933440340135
2560.0,Vendéglátás,2025-09-09 12:11:55,2025.09.10 4159956198 Fusion Zrt. BURGER KI    -GOOGLE,Kimenő,VÁSÁRLÁS KÁRTYÁVAL,3Dye4gBbAdPQSto3WbqgkBu6lrj2,none,,ae34a9ac-3232-41f2-a863-8a5a7e4b0027,9,2025,1,False,3,False,False,37,9,30,6662.428571428572,98,652918.0,202400.0,279.0,False,,,30.0,0.0,1088.4666666666667,30,0.003920859893585412
5134.0,Közlekedés,2025-09-10 11:23:56,2025.09.10 4159956198 SHELL TÖLTŐÁLL.182.      -ÉRINTŐ,Kimenő,VÁSÁRLÁS KÁRTYÁVAL,3Dye4gBbAdPQSto3WbqgkBu6lrj2,none,,e6f4e1ad-eeda-4816-8fef-a136b1cd69b8,9,2025,2,False,3,False,False,37,10,30,6662.428571428572,98,652918.0,202400.0,279.0,False,,,30.0,0.0,2745.9,10,0.007863161989713869
202400.0,Nem kategorizált,2025-09-10 11:47:00,Munkabér utalás,Bejövő,NAPKÖZBENI ÁTUTALÁS (CSOPORTOS),3Dye4gBbAdPQSto3WbqgkBu6lrj2,none,,583bd2c0-bd32-42cd-9dd7-0441cea61356,9,2025,2,False,3,False,False,37,10,30,6662.428571428572,98,652918.0,202400.0,279.0,False,,,30.0,0.0,45784.783672595375,3,0.13806386351302935
15750.0,Nem kategorizált,2025-09-10 12:50:00,GIROKOZLEMENY,Bejövő,NAPKÖZBENI ÁTUTALÁS (CSOPORTOS),3Dye4gBbAdPQSto3WbqgkBu6lrj2,none,,cbc88d3d-896e-441e-832c-cf63fc6d0f8c,9,2025,2,False,3,False,False,37,10,30,6662.428571428572,98,652918.0,202400.0,279.0,False,,,30.0,0.0,45784.783672595375,3,0.024122477860925876
360.0,Közlekedés,2025-09-10 12:50:29,2025.09.10 4159956198 AVIA MENDE               -ÉRINTŐ,Kimenő,VÁSÁRLÁS KÁRTYÁVAL,3Dye4gBbAdPQSto3WbqgkBu6lrj2,none,,01adbe33-a0f7-445f-a51b-61145106fb70,9,2025,2,False,3,False,False,37,10,30,6662.428571428572,98,652918.0,202400.0,279.0,False,,,30.0,0.0,2745.9,10,0.0005513709225354486
333.0,Egyéb,2025-09-10 14:10:00,,Kimenő,ESETI MEGBÍZÁSOK KÖLTSÉGE,3Dye4gBbAdPQSto3WbqgkBu6lrj2,none,,4888c7af-0ff5-40db-a22c-e366f7b446e9,9,2025,2,False,3,False,False,37,10,30,6662.428571428572,98,652918.0,202400.0,279.0,False,,,30.0,0.0,5263.75,8,0.0005100181033452899
4500.0,Utalás,2025-09-10 14:10:31,"Bécs, bor - 2500, pizza - 2000",Kimenő,AZONNALI FIZETÉS,3Dye4gBbAdPQSto3WbqgkBu6lrj2,none,,cccfaed1-4dc6-43c8-8688-bcab7b220e8d,9,2025,2,False,3,False,False,37,10,30,6662.428571428572,98,652918.0,202400.0,279.0,False,,,30.0,0.0,27164.666666666668,6,0.006892136531693107
333.0,Egyéb,2025-09-10 17:09:00,,Kimenő,ESETI MEGBÍZÁSOK KÖLTSÉGE,3Dye4gBbAdPQSto3WbqgkBu6lrj2,none,,d80a602d-2d8d-4db0-816b-16bcf399b180,9,2025,2,False,3,False,False,37,10,30,6662.428571428572,98,652918.0,202400.0,279.0,False,,,30.0,0.0,5263.75,8,0.0005100181033452899
27400.0,Utalás,2025-09-10 17:09:31,Becs szallas + pizza,Kimenő,AZONNALI FIZETÉS,3Dye4gBbAdPQSto3WbqgkBu6lrj2,none,,1df2a1f1-4700-47df-9a63-8916184a4f48,9,2025,2,False,3,False,False,37,10,30,6662.428571428572,98,652918.0,202400.0,279.0,False,,,30.0,0.0,27164.666666666668,6,0.04196545354853136
11554.0,Bevásárlás,2025-09-10 20:49:51,2025.09.10 4159956198 TESCO 41400 ÖNKISZOLG    -ÉRINTŐ,Kimenő,VÁSÁRLÁS KÁRTYÁVAL,3Dye4gBbAdPQSto3WbqgkBu6lrj2,none,,53698e31-6d0b-4fd5-a7a1-f6bf720db310,9,2025,2,False,3,False,False,37,10,30,6662.428571428572,98,652918.0,202400.0,279.0,False,,,30.0,0.0,3326.3333333333335,27,0.017695943441596036
1800.0,Vendéglátás,2025-09-11 12:10:54,2025.09.11 4159956198 FINOMFALATOK KONYHAJA    -SIMPLE,Kimenő,VÁSÁRLÁS KÁRTYÁVAL,3Dye4gBbAdPQSto3WbqgkBu6lrj2,none,,cf84c2c2-8b1a-448d-a379-5e0aa813ff29,9,2025,3,False,3,False,False,37,11,30,6662.428571428572,98,652918.0,202400.0,279.0,False,,,30.0,0.0,1088.4666666666667,30,0.0027568546126772427
410.0,Vendéglátás,2025-09-11 14:24:49,"2025.09.11 4159956198 NYX*AloisDallmayrAutom   -ÉRINTŐ 1,040EUR    0,",Kimenő,VÁSÁRLÁS KÁRTYÁVAL,3Dye4gBbAdPQSto3WbqgkBu6lrj2,none,,5ff0af12-da6e-4d7e-98aa-413651692a6f,9,2025,3,False,3,False,False,37,11,30,6662.428571428572,98,652918.0,202400.0,279.0,False,,,30.0,0.0,1088.4666666666667,30,0.0006279502173320386
446.0,Vendéglátás,2025-09-12 08:15:31,2025.09.12 4159956198 FORNETTI KLINIK K        -ÉRINTŐ,Kimenő,VÁSÁRLÁS KÁRTYÁVAL,3Dye4gBbAdPQSto3WbqgkBu6lrj2,none,,760fbf31-e630-4839-8b50-d953fc74298a,9,2025,4,False,3,False,False,37,12,30,6662.428571428572,98,652918.0,202400.0,279.0,False,,,30.0,0.0,1088.4666666666667,30,0.0006830873095855835
550.0,Vendéglátás,2025-09-12 13:47:36,2025.09.12 4159956198 KFC CORVIN               -ÉRINTŐ,Kimenő,VÁSÁRLÁS KÁRTYÁVAL,3Dye4gBbAdPQSto3WbqgkBu6lrj2,none,,75b472c7-bc35-4bec-a6a1-8a41f2af5f44,9,2025,4,False,3,False,False,37,12,30,6662.428571428572,98,652918.0,202400.0,279.0,False,,,30.0,0.0,1088.4666666666667,30,0.0008423722427624909
2960.0,Vendéglátás,2025-09-12 13:54:59,2025.09.13 4159956198 Fusion Befektetesi       -GOOGLE,Kimenő,VÁSÁRLÁS KÁRTYÁVAL,3Dye4gBbAdPQSto3WbqgkBu6lrj2,none,,65abf047-360b-47bd-86e8-50608842a840,9,2025,4,False,3,False,False,37,12,30,6662.428571428572,98,652918.0,202400.0,279.0,False,,,30.0,0.0,1088.4666666666667,30,0.004533494251958132
940.0,Közlekedés,2025-09-12 16:55:49,2025.09.12 4159956198 SIMPLEP*MÁVSzemelyszall.,Kimenő,VÁSÁRLÁS KÁRTYÁVAL,3Dye4gBbAdPQSto3WbqgkBu6lrj2,none,,c32830c0-566d-4e3a-8a49-ab99a50b7c4e,9,2025,4,False,3,False,False,37,12,30,6662.428571428572,98,652918.0,202400.0,279.0,False,,,30.0,0.0,2745.9,10,0.0014396907421758934
25278.0,Egyéb,2025-09-13 11:38:41,2025.09.13 4159956198 SIMPLEP*iCsekk Simple ap,Kimenő,VÁSÁRLÁS KÁRTYÁVAL,3Dye4gBbAdPQSto3WbqgkBu6lrj2,none,,12ae4b40-78b2-4c3c-9b12-8e5bce67972b,9,2025,5,True,3,False,False,37,13,30,6662.428571428572,98,652918.0,202400.0,279.0,False,,,30.0,0.0,5263.75,8,0.03871542827736408
808.0,Bevásárlás,2025-09-13 12:01:13,2025.09.13 4159956198 301. Budrió ABC KEA      -ÉRINTŐ,Kimenő,VÁSÁRLÁS KÁRTYÁVAL,3Dye4gBbAdPQSto3WbqgkBu6lrj2,none,,4657753a-a34e-4d67-aece-5a8f2e326eb0,9,2025,5,True,3,False,False,37,13,30,6662.428571428572,98,652918.0,202400.0,279.0,False,,,30.0,0.0,3326.3333333333335,27,0.0012375214039128956
2824.0,Bevásárlás,2025-09-14 20:30:52,2025.09.14 4159956198 TESCO 41420 ÖNKISZOLG    -ÉRINTŐ,Kimenő,VÁSÁRLÁS KÁRTYÁVAL,3Dye4gBbAdPQSto3WbqgkBu6lrj2,none,,445d65d3-355b-46f6-b3cd-71d840cd8194,9,2025,6,True,3,False,False,37,14,30,6662.428571428572,98,652918.0,202400.0,279.0,False,,,30.0,0.0,3326.3333333333335,27,0.0043251985701114075
4896.0,Bevásárlás,2025-09-15 13:46:04,2025.09.15 4159956198 LIDL ÁRUHÁZ 0365.SZ.     -SIMPLE,Kimenő,VÁSÁRLÁS KÁRTYÁVAL,3Dye4gBbAdPQSto3WbqgkBu6lrj2,none,,8fa25658-df5c-4483-92b5-d82546e4176d,9,2025,0,False,3,False,False,38,15,30,6662.428571428572,98,652918.0,202400.0,279.0,False,,,30.0,0.0,3326.3333333333335,27,0.0074986445464821005
2798.0,Bevásárlás,2025-09-15 13:52:17,2025.09.15 4159956198 MAXI MARK Mall Kft.      -ÉRINTŐ,Kimenő,VÁSÁRLÁS KÁRTYÁVAL,3Dye4gBbAdPQSto3WbqgkBu6lrj2,none,,64b0cda0-1fd2-4a78-bde8-d5219ea22534,9,2025,0,False,3,False,False,38,15,30,6662.428571428572,98,652918.0,202400.0,279.0,False,,,30.0,0.0,3326.3333333333335,27,0.004285377336817181
5721.0,Bevásárlás,2025-09-15 14:55:11,"2025.09.15 4159956198 Temu.com                 -GOOGLE 14,610EUR    0,",Kimenő,VÁSÁRLÁS KÁRTYÁVAL,3Dye4gBbAdPQSto3WbqgkBu6lrj2,none,,c61baff0-48bd-48b3-878b-1c9d82418aed,9,2025,0,False,3,False,False,38,15,30,6662.428571428572,98,652918.0,202400.0,279.0,False,,,30.0,0.0,3326.3333333333335,27,0.008762202910625837
5000.0,Egyéb,2025-09-15 14:57:51,"2025.09.15 4159956198 Revolut**1567* 12,770EUR    0,",Kimenő,VÁSÁRLÁS KÁRTYÁVAL,3Dye4gBbAdPQSto3WbqgkBu6lrj2,none,,0a7abe12-4458-414b-8ea3-f8a7cdc75531,9,2025,0,False,3,False,False,38,15,30,6662.428571428572,98,652918.0,202400.0,279.0,False,,,30.0,0.0,5263.75,8,0.007657929479659008
1720.0,Szórakozás,2025-09-15 19:21:52,"2025.09.15 4159956198 DtkPub                   -ÉRINTŐ 4,390EUR    0,",Kimenő,VÁSÁRLÁS KÁRTYÁVAL,3Dye4gBbAdPQSto3WbqgkBu6lrj2,none,,5dac68fe-9cfd-4f3d-b9b9-fe30c171b7a5,9,2025,0,False,3,False,False,38,15,30,6662.428571428572,98,652918.0,202400.0,279.0,False,,,30.0,0.0,1386.4285714285713,7,0.0026343277410026985
770.0,Szórakozás,2025-09-15 20:16:53,"2025.09.15 4159956198 DtkPub                   -ÉRINTŐ 1,970EUR    0,",Kimenő,VÁSÁRLÁS KÁRTYÁVAL,3Dye4gBbAdPQSto3WbqgkBu6lrj2,none,,fd44739a-429c-4b3a-be5f-ef04f77d2ac7,9,2025,0,False,3,False,False,38,15,30,6662.428571428572,98,652918.0,202400.0,279.0,False,,,30.0,0.0,1386.4285714285713,7,0.0011793211398674873
6598.0,Bevásárlás,2025-09-15 22:41:49,2025.09.15 4159956198 TESCO 41420 ÖNKISZOLG    -ÉRINTŐ,Kimenő,VÁSÁRLÁS KÁRTYÁVAL,3Dye4gBbAdPQSto3WbqgkBu6lrj2,none,,79db36ee-dd9b-4baa-ac56-f9d62d51c294,9,2025,0,False,3,False,False,38,15,30,6662.428571428572,98,652918.0,202400.0,279.0,False,,,30.0,0.0,3326.3333333333335,27,0.010105403741358026
1800.0,Vendéglátás,2025-09-16 12:35:22,2025.09.16 4159956198 SZOTE  telbąr Kft.       -ÉRINTŐ,Kimenő,VÁSÁRLÁS KÁRTYÁVAL,3Dye4gBbAdPQSto3WbqgkBu6lrj2,none,,5080ecf0-471b-4d8f-8649-f062caa05fbd,9,2025,1,False,3,False,False,38,16,30,6662.428571428572,98,652918.0,202400.0,279.0,False,,,30.0,0.0,1088.4666666666667,30,0.0027568546126772427
349.0,Vendéglátás,2025-09-16 13:39:26,2025.09.16 4159956198 ARADI NON-STOP BOLT      -ÉRINTŐ,Kimenő,VÁSÁRLÁS KÁRTYÁVAL,3Dye4gBbAdPQSto3WbqgkBu6lrj2,none,,52b6e201-38a5-4d6a-befe-bd41c99ce4f6,9,2025,1,False,3,False,False,38,16,30,6662.428571428572,98,652918.0,202400.0,279.0,False,,,30.0,0.0,1088.4666666666667,30,0.0005345234776801987
19788.0,Utalás,2025-09-16 22:15:21,"730699587, vargabence0305@gmail.com",Kimenő,QVIK  FIZETÉS  BANKON BELÜL,3Dye4gBbAdPQSto3WbqgkBu6lrj2,none,,ee05f6c6-0b0d-404e-b9f9-cf85e7e6d017,9,2025,1,False,3,False,False,38,16,30,6662.428571428572,98,652918.0,202400.0,279.0,False,,,30.0,0.0,27164.666666666668,6,0.03030702170869849
1790.0,Vendéglátás,2025-09-17 11:46:24,2025.09.17 4159956198 HELOPAY*GNOCCO CORVIN SET-ÉRINTŐ,Kimenő,VÁSÁRLÁS KÁRTYÁVAL,3Dye4gBbAdPQSto3WbqgkBu6lrj2,none,,fcfb1dbd-01a4-41e8-a0b5-220ce9ec8ace,9,2025,2,False,3,False,False,38,17,30,6662.428571428572,98,652918.0,202400.0,279.0,False,,,30.0,0.0,1088.4666666666667,30,0.002741538753717925
940.0,Szórakozás,2025-09-17 17:39:06,2025.09.17 4159956198 1006 SUGÁR               -ÉRINTŐ,Kimenő,VÁSÁRLÁS KÁRTYÁVAL,3Dye4gBbAdPQSto3WbqgkBu6lrj2,none,,7ceff3fd-e801-4eba-96af-0e254ffee3da,9,2025,2,False,3,False,False,38,17,30,6662.428571428572,98,652918.0,202400.0,279.0,False,,,30.0,0.0,1386.4285714285713,7,0.0014396907421758934
809.0,Bevásárlás,2025-09-17 17:59:43,2025.09.17 4159956198 CBA PR°MA ÉLELMISZER     -ÉRINTŐ,Kimenő,VÁSÁRLÁS KÁRTYÁVAL,3Dye4gBbAdPQSto3WbqgkBu6lrj2,none,,eda02448-c594-42c0-9277-0d3dc80ae9a4,9,2025,2,False,3,False,False,38,17,30,6662.428571428572,98,652918.0,202400.0,279.0,False,,,30.0,0.0,3326.3333333333335,27,0.0012390529898088274
472.0,Vendéglátás,2025-09-18 08:51:28,2025.09.18 4159956198 FORNETTI KLINIK K        -ÉRINTŐ,Kimenő,VÁSÁRLÁS KÁRTYÁVAL,3Dye4gBbAdPQSto3WbqgkBu6lrj2,none,,23b40183-eb63-4c42-a646-0c3e919215de,9,2025,3,False,3,False,False,38,18,30,6662.428571428572,98,652918.0,202400.0,279.0,False,,,30.0,0.0,1088.4666666666667,30,0.0007229085428798103
2780.0,Vendéglátás,2025-09-18 11:56:23,2025.09.18 4159956198 JIA LE K°NAI BÜFÉ        -ÉRINTŐ,Kimenő,VÁSÁRLÁS KÁRTYÁVAL,3Dye4gBbAdPQSto3WbqgkBu6lrj2,none,,d9990810-8edd-437c-bc5d-431844566f2f,9,2025,3,False,3,False,False,38,18,30,6662.428571428572,98,652918.0,202400.0,279.0,False,,,30.0,0.0,1088.4666666666667,30,0.004257808790690408
399.0,Bevásárlás,2025-09-18 17:21:06,2025.09.18 4159956198 PELLE CSEMEGE            -ÉRINTŐ,Kimenő,VÁSÁRLÁS KÁRTYÁVAL,3Dye4gBbAdPQSto3WbqgkBu6lrj2,none,,a41a9dd1-e35c-4cca-be89-297b06347c19,9,2025,3,False,3,False,False,38,18,30,6662.428571428572,98,652918.0,202400.0,279.0,False,,,30.0,0.0,3326.3333333333335,27,0.0006111027724767888
1570.0,Vendéglátás,2025-09-19 08:31:30,"2025.09.19 4159956198 Lipoti Pekseg Margit u   -ÉRINTŐ 4,030EUR    0,",Kimenő,VÁSÁRLÁS KÁRTYÁVAL,3Dye4gBbAdPQSto3WbqgkBu6lrj2,none,,bdef905a-6393-411b-9e17-d790f78312d1,9,2025,4,False,3,False,False,38,19,30,6662.428571428572,98,652918.0,202400.0,279.0,False,,,30.0,0.0,1088.4666666666667,30,0.0024045898566129285
11716.0,"Számlák, rezsi",2025-09-19 12:18:56,2025.09.19 4159956198 SIMPLEP*one,Kimenő,VÁSÁRLÁS KÁRTYÁVAL,3Dye4gBbAdPQSto3WbqgkBu6lrj2,none,,a0c61db6-4d10-464c-8e6a-9cd459039e6e,9,2025,4,False,3,False,False,38,19,30,6662.428571428572,98,652918.0,202400.0,279.0,False,,,30.0,0.0,6262.0,3,0.01794406035673699
1890.0,Közlekedés,2025-09-19 17:00:25,2025.09.19 4159956198 SIMPLE MOBILJEGY,Kimenő,VÁSÁRLÁS KÁRTYÁVAL,3Dye4gBbAdPQSto3WbqgkBu6lrj2,none,,2d68b6aa-20c4-4f5e-831d-1abb6ba3377d,9,2025,4,False,3,False,False,38,19,30,6662.428571428572,98,652918.0,202400.0,279.0,False,,,30.0,0.0,2745.9,10,0.0028946973433111047
5427.0,Bevásárlás,2025-09-19 17:25:48,2025.09.19 4159956198 SPAR 8254                -ÉRINTŐ,Kimenő,VÁSÁRLÁS KÁRTYÁVAL,3Dye4gBbAdPQSto3WbqgkBu6lrj2,none,,4c7582dc-d2c5-4d32-a9a8-fae00c8d167c,9,2025,4,False,3,False,False,38,19,30,6662.428571428572,98,652918.0,202400.0,279.0,False,,,30.0,0.0,3326.3333333333335,27,0.008311916657221887
7275.0,Otthon,2025-09-19 17:32:15,2025.09.19 4159956198 JYSK H827                -ÉRINTŐ,Kimenő,VÁSÁRLÁS KÁRTYÁVAL,3Dye4gBbAdPQSto3WbqgkBu6lrj2,none,,7b939274-7eb7-46ab-8a5e-8f6dd91f82db,9,2025,4,False,3,False,False,38,19,30,6662.428571428572,98,652918.0,202400.0,279.0,False,,,30.0,0.0,9627.5,2,0.011142287392903856
1590.0,Vendéglátás,2025-09-19 18:26:40,2025.09.20 4159956198 McDonalds 34800002       -GOOGLE,Kimenő,VÁSÁRLÁS KÁRTYÁVAL,3Dye4gBbAdPQSto3WbqgkBu6lrj2,none,,3d6d33f3-b6a2-42bf-98a8-c8f9e0964a5e,9,2025,4,False,3,False,False,38,19,30,6662.428571428572,98,652918.0,202400.0,279.0,False,,,30.0,0.0,1088.4666666666667,30,0.0024352215745315643
844.0,Bevásárlás,2025-09-20 06:57:59,2025.09.20 4159956198 LIDL ÁRUHÁZ 0255.SZ.     -ÉRINTŐ,Kimenő,VÁSÁRLÁS KÁRTYÁVAL,3Dye4gBbAdPQSto3WbqgkBu6lrj2,none,,ed33d806-6a98-44df-8d0d-72a7c6904fec,9,2025,5,True,3,False,False,38,20,30,6662.428571428572,98,652918.0,202400.0,279.0,False,,,30.0,0.0,3326.3333333333335,27,0.0012926584961664405
10586.0,Közlekedés,2025-09-20 07:17:16,2025.09.20 4159956198 SHELL TÖLTŐÁLL. 157      -ÉRINTŐ,Kimenő,VÁSÁRLÁS KÁRTYÁVAL,3Dye4gBbAdPQSto3WbqgkBu6lrj2,none,,fbe6f902-feec-4b0a-a61d-c80cb06e8ec0,9,2025,5,True,3,False,False,38,20,30,6662.428571428572,98,652918.0,202400.0,279.0,False,,,30.0,0.0,2745.9,10,0.016213368294334052
440.0,Bevásárlás,2025-09-20 09:07:28,2025.09.20 4159956198 NEMZETI DOHÁNYBOLT       -ÉRINTŐ,Kimenő,VÁSÁRLÁS KÁRTYÁVAL,3Dye4gBbAdPQSto3WbqgkBu6lrj2,none,,f35b2479-f676-447a-a285-bb0399b9955d,9,2025,5,True,3,False,False,38,20,30,6662.428571428572,98,652918.0,202400.0,279.0,False,,,30.0,0.0,3326.3333333333335,27,0.0006738977942099927
649.0,Közlekedés,2025-09-20 20:30:23,2025.09.20 4159956198 MOL 44403                -ÉRINTŐ,Kimenő,VÁSÁRLÁS KÁRTYÁVAL,3Dye4gBbAdPQSto3WbqgkBu6lrj2,none,,4097dd5b-75af-40eb-b524-387bfc72924c,9,2025,5,True,3,False,False,38,20,30,6662.428571428572,98,652918.0,202400.0,279.0,False,,,30.0,0.0,2745.9,10,0.0009939992464597393
333.0,Egyéb,2025-09-21 16:47:00,,Kimenő,ESETI MEGBÍZÁSOK KÖLTSÉGE,3Dye4gBbAdPQSto3WbqgkBu6lrj2,none,,e3a377df-e3e4-4d64-aa67-d6e8f7128aae,9,2025,6,True,3,False,False,38,21,30,6662.428571428572,98,652918.0,202400.0,279.0,False,,,30.0,0.0,5263.75,8,0.0005100181033452899
10000.0,Utalás,2025-09-21 16:47:01,,Kimenő,AZONNALI FIZETÉS,3Dye4gBbAdPQSto3WbqgkBu6lrj2,none,,735eb9dd-095a-4af1-9696-c33cb9b040fa,9,2025,6,True,3,False,False,38,21,30,6662.428571428572,98,652918.0,202400.0,279.0,False,,,30.0,0.0,27164.666666666668,6,0.015315858959318016
4197.0,Szórakozás,2025-09-22 12:58:42,"2025.09.22 4159956198 MUHARI KRISZTINA EV      -GOOGLE 10,760EUR    0,",Kimenő,VÁSÁRLÁS KÁRTYÁVAL,3Dye4gBbAdPQSto3WbqgkBu6lrj2,none,,ac7742ea-901b-473d-aa31-07e1bac6c11f,9,2025,0,False,3,False,False,39,22,30,6662.428571428572,98,652918.0,202400.0,279.0,False,,,30.0,0.0,1386.4285714285713,7,0.006428066005225771
1417.0,Bevásárlás,2025-09-22 18:10:28,2025.09.22 4159956198 KÁROLYI ABC              -ÉRINTŐ,Kimenő,VÁSÁRLÁS KÁRTYÁVAL,3Dye4gBbAdPQSto3WbqgkBu6lrj2,none,,8039b2a5-f3e0-40f9-aa76-5c7e46a18f08,9,2025,0,False,3,False,False,39,22,30,6662.428571428572,98,652918.0,202400.0,279.0,False,,,30.0,0.0,3326.3333333333335,27,0.0021702572145353627
510.0,Bevásárlás,2025-09-23 08:14:11,2025.09.23 4159956198 KÁROLYI ABC              -ÉRINTŐ,Kimenő,VÁSÁRLÁS KÁRTYÁVAL,3Dye4gBbAdPQSto3WbqgkBu6lrj2,none,,8e1a57ff-1cf8-4cb5-82fa-f124a939879b,9,2025,1,False,3,False,False,39,23,30,6662.428571428572,98,652918.0,202400.0,279.0,False,,,30.0,0.0,3326.3333333333335,27,0.0007811088069252188
279.0,Bevásárlás,2025-09-23 10:33:58,2025.09.23 4159956198 COOP SZEGEDI NAGYÁ.SZ    -ÉRINTŐ,Kimenő,VÁSÁRLÁS KÁRTYÁVAL,3Dye4gBbAdPQSto3WbqgkBu6lrj2,none,,ae9e0d11-0dea-4d4a-a4c8-674fbbe731d5,9,2025,1,False,3,False,False,39,23,30,6662.428571428572,98,652918.0,202400.0,279.0,False,,,30.0,0.0,3326.3333333333335,27,0.0004273124649649726
700.0,Vendéglátás,2025-09-23 14:06:49,2025.09.23 4159956198 Csiga PÚksÚg -Bem utca   -ÉRINTŐ,Kimenő,VÁSÁRLÁS KÁRTYÁVAL,3Dye4gBbAdPQSto3WbqgkBu6lrj2,none,,7fad0f79-4ba8-450f-a75e-622ffc907c8a,9,2025,1,False,3,False,False,39,23,30,6662.428571428572,98,652918.0,202400.0,279.0,False,,,30.0,0.0,1088.4666666666667,30,0.001072110127152261
349.0,Bevásárlás,2025-09-23 14:08:35,2025.09.23 4159956198 ITALPALOTA SZENT F 8     -ÉRINTŐ,Kimenő,VÁSÁRLÁS KÁRTYÁVAL,3Dye4gBbAdPQSto3WbqgkBu6lrj2,none,,72ebde3c-d478-463b-a25c-e1a6ccf1b225,9,2025,1,False,3,False,False,39,23,30,6662.428571428572,98,652918.0,202400.0,279.0,False,,,30.0,0.0,3326.3333333333335,27,0.0005345234776801987
3087.0,Bevásárlás,2025-09-23 17:08:17,2025.09.23 4159956198 TESCO 41026 ÖNKISZOLG    -ÉRINTŐ,Kimenő,VÁSÁRLÁS KÁRTYÁVAL,3Dye4gBbAdPQSto3WbqgkBu6lrj2,none,,3b939d0a-d854-41dd-addf-a6ec4d9a8bb6,9,2025,1,False,3,False,False,39,23,30,6662.428571428572,98,652918.0,202400.0,279.0,False,,,30.0,0.0,3326.3333333333335,27,0.0047280056607414715
21000.0,Készpénz felvétel,2025-09-24 16:06:32,2025.09.24 4159956198 Gyula Bodoky u.9,Kimenő,KÉSZPÉNZFELVÉT ATM-BŐL,3Dye4gBbAdPQSto3WbqgkBu6lrj2,none,,84f6fadb-4e87-4d3d-8ab7-e316d04d7119,9,2025,2,False,3,False,False,39,24,30,6662.428571428572,98,652918.0,202400.0,279.0,False,,,30.0,0.0,11000.0,2,0.032163303814567834
1500.0,"Számlák, rezsi",2025-09-24 19:46:09,"2025.09.24 4159956198 SQUARETRADE EUROPE 3,850EUR    0,",Kimenő,VÁSÁRLÁS KÁRTYÁVAL,3Dye4gBbAdPQSto3WbqgkBu6lrj2,none,,73d69e92-7b06-4171-a769-42c8abf61765,9,2025,2,False,3,False,False,39,24,30,6662.428571428572,98,652918.0,202400.0,279.0,False,,,30.0,0.0,6262.0,3,0.0022973788438977022
318.0,Bevásárlás,2025-09-25 09:49:42,2025.09.25 4159956198 PENNY 9550300188         -SIMPLE,Kimenő,VÁSÁRLÁS KÁRTYÁVAL,3Dye4gBbAdPQSto3WbqgkBu6lrj2,none,,6c7c12d3-2577-4815-bd2d-3bc2e5dd5317,9,2025,3,False,3,False,True,39,25,30,6662.428571428572,98,652918.0,202400.0,279.0,False,,,30.0,0.0,3326.3333333333335,27,0.0004870443149063129
390.0,Vendéglátás,2025-09-25 10:01:01,2025.09.25 4159956198 LEGENDA BUFE             -SIMPLE,Kimenő,VÁSÁRLÁS KÁRTYÁVAL,3Dye4gBbAdPQSto3WbqgkBu6lrj2,none,,23c1a649-f890-456c-a363-22a90d80ddb5,9,2025,3,False,3,False,True,39,25,30,6662.428571428572,98,652918.0,202400.0,279.0,False,,,30.0,0.0,1088.4666666666667,30,0.0005973184994134026
749.0,Vendéglátás,2025-09-25 13:21:45,2025.09.25 4159956198 TRIO Pizza Fornetti      -SIMPLE,Kimenő,VÁSÁRLÁS KÁRTYÁVAL,3Dye4gBbAdPQSto3WbqgkBu6lrj2,none,,03e117d4-96d1-4b08-8af5-78f6b1ba391b,9,2025,3,False,3,False,True,39,25,30,6662.428571428572,98,652918.0,202400.0,279.0,False,,,30.0,0.0,1088.4666666666667,30,0.0011471578360529194
11980.0,Otthon,2025-09-25 17:59:36,2025.09.25 4159956198 IKEA ORS VEZER BEV       -ÉRINTŐ,Kimenő,VÁSÁRLÁS KÁRTYÁVAL,3Dye4gBbAdPQSto3WbqgkBu6lrj2,none,,2303cff0-34e6-45ae-ad01-4bbe9f714eb1,9,2025,3,False,3,False,True,39,25,30,6662.428571428572,98,652918.0,202400.0,279.0,False,,,30.0,0.0,9627.5,2,0.018348399033262984
2840.0,Vendéglátás,2025-09-25 18:11:34,2025.09.25 4159956198 IKEA ORS VEZER ETTER     -ÉRINTŐ,Kimenő,VÁSÁRLÁS KÁRTYÁVAL,3Dye4gBbAdPQSto3WbqgkBu6lrj2,none,,dc2a2c50-d7b2-4a40-9f8f-d5e0bad2db65,9,2025,3,False,3,False,True,39,25,30,6662.428571428572,98,652918.0,202400.0,279.0,False,,,30.0,0.0,1088.4666666666667,30,0.004349703944446316
1300.0,Utalás,2025-09-25 22:07:55,Sorike:P,Kimenő,AZONNALI FIZETÉS,3Dye4gBbAdPQSto3WbqgkBu6lrj2,none,,02c81695-9303-4530-8c94-15a593a691ee,9,2025,3,False,3,False,True,39,25,30,6662.428571428572,98,652918.0,202400.0,279.0,False,,,30.0,0.0,27164.666666666668,6,0.001991061664711342
333.0,Egyéb,2025-09-26 01:06:00,,Kimenő,ESETI MEGBÍZÁSOK KÖLTSÉGE,3Dye4gBbAdPQSto3WbqgkBu6lrj2,none,,ddf02f6e-979a-4ee8-9382-3117191e3e7b,9,2025,4,False,3,False,True,39,26,30,6662.428571428572,98,652918.0,202400.0,279.0,False,,,30.0,0.0,5263.75,8,0.0005100181033452899
790.0,Vendéglátás,2025-09-26 07:53:47,"2025.09.26 4159956198 Lipoti Pekseg Margit u   -ÉRINTŐ 2,020EUR    0,",Kimenő,VÁSÁRLÁS KÁRTYÁVAL,3Dye4gBbAdPQSto3WbqgkBu6lrj2,none,,40408b94-f6d6-4805-b8f2-34119c30eb5c,9,2025,4,False,3,False,True,39,26,30,6662.428571428572,98,652918.0,202400.0,279.0,False,,,30.0,0.0,1088.4666666666667,30,0.0012099528577861232
749.0,Vendéglátás,2025-09-26 17:09:06,2025.09.26 4159956198 TRIO Pizza Fornetti      -SIMPLE,Kimenő,VÁSÁRLÁS KÁRTYÁVAL,3Dye4gBbAdPQSto3WbqgkBu6lrj2,none,,3bfe40f2-3e7d-4997-8a27-475a8ef98d1f,9,2025,4,False,3,False,True,39,26,30,6662.428571428572,98,652918.0,202400.0,279.0,False,,,30.0,0.0,1088.4666666666667,30,0.0011471578360529194
940.0,Közlekedés,2025-09-26 17:18:09,2025.09.26 4159956198 SIMPLEP*MÁVSzemelyszall.,Kimenő,VÁSÁRLÁS KÁRTYÁVAL,3Dye4gBbAdPQSto3WbqgkBu6lrj2,none,,6635ed44-db39-414c-a6e5-d63f17b0588e,9,2025,4,False,3,False,True,39,26,30,6662.428571428572,98,652918.0,202400.0,279.0,False,,,30.0,0.0,2745.9,10,0.0014396907421758934
390.0,Vendéglátás,2025-09-26 17:21:48,"2025.09.26 4159956198 NYX*AloisDallmayrAutom   -ÉRINTŐ 1,000EUR    0,",Kimenő,VÁSÁRLÁS KÁRTYÁVAL,3Dye4gBbAdPQSto3WbqgkBu6lrj2,none,,7b5efd84-adf4-4638-8ee1-ef3bbf12bdd1,9,2025,4,False,3,False,True,39,26,30,6662.428571428572,98,652918.0,202400.0,279.0,False,,,30.0,0.0,1088.4666666666667,30,0.0005973184994134026
590.0,Vendéglátás,2025-09-26 17:27:27,"2025.09.26 4159956198 NYX*AloisDallmayrAutom   -ÉRINTŐ 1,510EUR    0,",Kimenő,VÁSÁRLÁS KÁRTYÁVAL,3Dye4gBbAdPQSto3WbqgkBu6lrj2,none,,85ae9cc8-e605-4425-981d-c84a71a60534,9,2025,4,False,3,False,True,39,26,30,6662.428571428572,98,652918.0,202400.0,279.0,False,,,30.0,0.0,1088.4666666666667,30,0.0009036356785997629
409.0,Közlekedés,2025-09-27 12:25:35,2025.09.27 4159956198 TÖLTŐÁLLOMÁS             -ÉRINTŐ,Kimenő,VÁSÁRLÁS KÁRTYÁVAL,3Dye4gBbAdPQSto3WbqgkBu6lrj2,none,,c55e11a8-9648-4741-a9bc-d7605b529052,9,2025,5,True,3,False,True,39,27,30,6662.428571428572,98,652918.0,202400.0,279.0,False,,,30.0,0.0,2745.9,10,0.0006264186314361069
9818.0,Bevásárlás,2025-09-27 12:58:39,2025.09.27 4159956198 NEMZETI DOHÁNYBOLT       -ÉRINTŐ,Kimenő,VÁSÁRLÁS KÁRTYÁVAL,3Dye4gBbAdPQSto3WbqgkBu6lrj2,none,,bc060629-4734-4fde-a648-e25212b1208e,9,2025,5,True,3,False,True,39,27,30,6662.428571428572,98,652918.0,202400.0,279.0,False,,,30.0,0.0,3326.3333333333335,27,0.015037110326258428
1099.0,Bevásárlás,2025-09-29 12:14:33,2025.09.29 4159956198 KÁROLYI ABC              -ÉRINTŐ,Kimenő,VÁSÁRLÁS KÁRTYÁVAL,3Dye4gBbAdPQSto3WbqgkBu6lrj2,none,,3bdfbd36-4ec3-4377-b465-bf4e832d591d,9,2025,0,False,3,False,True,40,29,30,6662.428571428572,98,652918.0,202400.0,279.0,False,,,30.0,0.0,3326.3333333333335,27,0.00168321289962905
12798.0,Bevásárlás,2025-09-29 15:04:49,2025.09.29 4159956198 MAXI MARK Mall Kft.      -ÉRINTŐ,Kimenő,VÁSÁRLÁS KÁRTYÁVAL,3Dye4gBbAdPQSto3WbqgkBu6lrj2,none,,d6d89af6-a3dd-4b24-9d71-d47612010f3e,9,2025,0,False,3,False,True,40,29,30,6662.428571428572,98,652918.0,202400.0,279.0,False,,,30.0,0.0,3326.3333333333335,27,0.019601236296135197
1320.0,Vendéglátás,2025-09-29 17:35:07,2025.09.29 4159956198 Csiga PÚksÚg -Bem utca   -ÉRINTŐ,Kimenő,VÁSÁRLÁS KÁRTYÁVAL,3Dye4gBbAdPQSto3WbqgkBu6lrj2,none,,38247f11-10ef-4efb-8c94-b990cf9f6197,9,2025,0,False,3,False,True,40,29,30,6662.428571428572,98,652918.0,202400.0,279.0,False,,,30.0,0.0,1088.4666666666667,30,0.0020216933826299782
350.0,Vendéglátás,2025-09-30 15:46:53,2025.09.30 4159956198 REFERENCIA CAFE KFT      -ÉRINTŐ,Kimenő,VÁSÁRLÁS KÁRTYÁVAL,3Dye4gBbAdPQSto3WbqgkBu6lrj2,none,,03d1a099-a2ab-4514-9f02-d0cc01b5e5fe,9,2025,1,False,3,False,True,40,30,30,6662.428571428572,98,652918.0,202400.0,279.0,False,,,30.0,0.0,1088.4666666666667,30,0.0005360550635761305
329.0,Bevásárlás,2025-09-30 17:38:27,2025.09.30 4159956198 Goods Market2            -ÉRINTŐ,Kimenő,VÁSÁRLÁS KÁRTYÁVAL,3Dye4gBbAdPQSto3WbqgkBu6lrj2,none,,21f61b72-e4c5-4b19-aea1-b12317798aef,9,2025,1,False,3,False,True,40,30,30,6662.428571428572,98,652918.0,202400.0,279.0,False,,,30.0,0.0,3326.3333333333335,27,0.0005038917597615627
600.0,Vendéglátás,2025-09-30 19:22:03,2025.09.30 4159956198 Csiga PÚksÚg -Bem utca   -ÉRINTŐ,Kimenő,VÁSÁRLÁS KÁRTYÁVAL,3Dye4gBbAdPQSto3WbqgkBu6lrj2,none,,e9efa842-3619-43ce-a5f2-e8f01d23d2ab,9,2025,1,False,3,False,True,40,30,30,6662.428571428572,98,652918.0,202400.0,279.0,False,,,30.0,0.0,1088.4666666666667,30,0.0009189515375590809
940.0,Közlekedés,2025-09-30 19:23:11,2025.09.30 4159956198 SIMPLEP*MÁVSzemelyszall.,Kimenő,VÁSÁRLÁS KÁRTYÁVAL,3Dye4gBbAdPQSto3WbqgkBu6lrj2,none,,d7af45fe-724a-484a-90d1-8a26b4398a97,9,2025,1,False,3,False,True,40,30,30,6662.428571428572,98,652918.0,202400.0,279.0,False,,,30.0,0.0,2745.9,10,0.0014396907421758934
18.0,"Számlák, rezsi",2025-10-01 03:46:00,,Bejövő,KÉSEDELMI/FEDEZETLENSÉGI KAMAT,3Dye4gBbAdPQSto3WbqgkBu6lrj2,none,,2cab0098-72a0-4df6-bbee-208033fe2698,10,2025,2,False,4,True,False,40,1,31,7106.284090909091,88,625353.0,190900.0,18.0,False,,,30.0,0.0,13956.2,5,2.8783742941986366e-05
477.0,Vendéglátás,2025-10-01 08:32:58,2025.10.01 4159956198 FORNETTI KLINIK K        -ÉRINTŐ,Kimenő,VÁSÁRLÁS KÁRTYÁVAL,3Dye4gBbAdPQSto3WbqgkBu6lrj2,none,,3aa87a43-3e3e-4575-abe1-162ea7545963,10,2025,2,False,4,True,False,40,1,31,7106.284090909091,88,625353.0,190900.0,18.0,False,,,30.0,0.0,1428.942857142857,35,0.0007627691879626387
500.0,Egyéb,2025-10-01 08:42:00,,Kimenő,ESETI MEGBÍZÁSOK KÖLTSÉGE,3Dye4gBbAdPQSto3WbqgkBu6lrj2,none,,0f170d8f-b363-4e14-8f8c-49aa9d2b43a5,10,2025,2,False,4,True,False,40,1,31,7106.284090909091,88,625353.0,190900.0,18.0,False,,,30.0,0.0,1137.5,2,0.0007995484150551768
100000.0,Utalás,2025-10-01 08:42:39,Varga Bence - Októberi lakbér,Kimenő,AZONNALI FIZETÉS,3Dye4gBbAdPQSto3WbqgkBu6lrj2,none,,2ca0cf03-f388-4692-9310-39662e35ab44,10,2025,2,False,4,True,False,40,1,31,7106.284090909091,88,625353.0,190900.0,18.0,False,,,30.0,0.0,45784.783672595375,1,0.13806386351302935
1790.0,Vendéglátás,2025-10-01 12:07:07,2025.10.01 4159956198 HELOPAY*GNOCCO CORVIN SET-ÉRINTŐ,Kimenő,VÁSÁRLÁS KÁRTYÁVAL,3Dye4gBbAdPQSto3WbqgkBu6lrj2,none,,8ed5817d-df09-4cb3-a992-1a1adf99654f,10,2025,2,False,4,True,False,40,1,31,7106.284090909091,88,625353.0,190900.0,18.0,False,,,30.0,0.0,1428.942857142857,35,0.002862383325897533
399.0,Bevásárlás,2025-10-01 17:21:24,2025.10.01 4159956198 PELLE CSEMEGE            -ÉRINTŐ,Kimenő,VÁSÁRLÁS KÁRTYÁVAL,3Dye4gBbAdPQSto3WbqgkBu6lrj2,none,,9d0980e1-b896-479a-a83b-09d4354baa32,10,2025,2,False,4,True,False,40,1,31,7106.284090909091,88,625353.0,190900.0,18.0,False,,,30.0,0.0,1451.695652173913,23,0.0006380396352140311
2070.0,Vendéglátás,2025-10-01 17:59:15,2025.10.02 4159956198 Fusion Befektetesi       -GOOGLE,Kimenő,VÁSÁRLÁS KÁRTYÁVAL,3Dye4gBbAdPQSto3WbqgkBu6lrj2,none,,331a441a-a736-4feb-8fe1-394725aad8e3,10,2025,2,False,4,True,False,40,1,31,7106.284090909091,88,625353.0,190900.0,18.0,False,,,30.0,0.0,1428.942857142857,35,0.0033101304383284322
407.0,Vendéglátás,2025-10-02 08:54:51,2025.10.02 4159956198 FORNETTI KLINIK K        -ÉRINTŐ,Kimenő,VÁSÁRLÁS KÁRTYÁVAL,3Dye4gBbAdPQSto3WbqgkBu6lrj2,none,,ab413d7b-c153-4fc7-b0d1-1b098b032c86,10,2025,3,False,4,True,False,40,2,31,7106.284090909091,88,625353.0,190900.0,18.0,False,,,30.0,0.0,1428.942857142857,35,0.000650832409854914
1790.0,Vendéglátás,2025-10-02 12:17:30,2025.10.02 4159956198 BESZEDA ÉS FIAI          -ÉRINTŐ,Kimenő,VÁSÁRLÁS KÁRTYÁVAL,3Dye4gBbAdPQSto3WbqgkBu6lrj2,none,,6de3a1be-349d-4968-9617-8efebbf4000c,10,2025,3,False,4,True,False,40,2,31,7106.284090909091,88,625353.0,190900.0,18.0,False,,,30.0,0.0,1428.942857142857,35,0.002862383325897533
1775.0,Egyéb,2025-10-02 20:23:18,2025.10.02 4159956198 NOIRET BILIÁRDSZALON     -ÉRINTŐ,Kimenő,VÁSÁRLÁS KÁRTYÁVAL,3Dye4gBbAdPQSto3WbqgkBu6lrj2,none,,bc164972-c95e-45a6-865f-e4495fd79da6,10,2025,3,False,4,True,False,40,2,31,7106.284090909091,88,625353.0,190900.0,18.0,False,,,30.0,0.0,1137.5,2,0.0028383968734458777
1800.0,Vendéglátás,2025-10-03 12:21:51,2025.10.03 4159956198 FINOMFALATOK KONYHAJA    -SIMPLE,Kimenő,VÁSÁRLÁS KÁRTYÁVAL,3Dye4gBbAdPQSto3WbqgkBu6lrj2,none,,983dbedf-d7e9-4010-8749-9f0b43fc730a,10,2025,4,False,4,True,False,40,3,31,7106.284090909091,88,625353.0,190900.0,18.0,False,,,30.0,0.0,1428.942857142857,35,0.0028783742941986368
1150.0,Vendéglátás,2025-10-03 13:31:43,"2025.10.03 4159956198 ArchBeans Astoria        -ÉRINTŐ 2,960EUR    0,",Kimenő,VÁSÁRLÁS KÁRTYÁVAL,3Dye4gBbAdPQSto3WbqgkBu6lrj2,none,,908ceb15-5d32-4572-b655-80de22e782e6,10,2025,4,False,4,True,False,40,3,31,7106.284090909091,88,625353.0,190900.0,18.0,False,,,30.0,0.0,1428.942857142857,35,0.0018389613546269067
10000.0,Nem kategorizált,2025-10-03 15:27:36,köszönöm,Bejövő,AZONNALI FIZETÉS,3Dye4gBbAdPQSto3WbqgkBu6lrj2,none,,c4d154b0-3a2f-42aa-933e-a49e350f9341,10,2025,4,False,4,True,False,40,3,31,7106.284090909091,88,625353.0,190900.0,18.0,False,,,30.0,0.0,45784.783672595375,3,0.015990968301103536
3432.0,Bevásárlás,2025-10-03 17:41:48,2025.10.03 4159956198 LIDL ÁRUHÁZ 0255.SZ.     -SIMPLE,Kimenő,VÁSÁRLÁS KÁRTYÁVAL,3Dye4gBbAdPQSto3WbqgkBu6lrj2,none,,ba647ef1-0e3b-4f56-9545-3390dd44efbe,10,2025,4,False,4,True,False,40,3,31,7106.284090909091,88,625353.0,190900.0,18.0,False,,,30.0,0.0,1451.695652173913,23,0.005488100320938734
2355.0,Bevásárlás,2025-10-04 12:02:42,2025.10.04 4159956198 SPAR 8254                -ÉRINTŐ,Kimenő,VÁSÁRLÁS KÁRTYÁVAL,3Dye4gBbAdPQSto3WbqgkBu6lrj2,none,,13567bdf-9a4a-4397-bc35-4942ee21fe46,10,2025,5,True,4,True,False,40,4,31,7106.284090909091,88,625353.0,190900.0,18.0,False,,,30.0,0.0,1451.695652173913,23,0.003765873034909883
3585.0,"Egészség, szépség",2025-10-04 12:20:02,2025.10.04 4159956198 DM 004 KEREPESI          -ÉRINTŐ,Kimenő,VÁSÁRLÁS KÁRTYÁVAL,3Dye4gBbAdPQSto3WbqgkBu6lrj2,none,,a780c94e-2be1-4078-8c79-b57001b7adc5,10,2025,5,True,4,True,False,40,4,31,7106.284090909091,88,625353.0,190900.0,18.0,False,,,30.0,0.0,25006.25,4,0.005732762135945618
300.0,Otthon,2025-10-04 17:38:54,2025.10.04 4159956198 ÁRKÁD BUDAPEST           -ÉRINTŐ,Kimenő,VÁSÁRLÁS KÁRTYÁVAL,3Dye4gBbAdPQSto3WbqgkBu6lrj2,none,,82fbe900-0a7e-498d-a323-9e06ce2ff880,10,2025,5,True,4,True,False,40,4,31,7106.284090909091,88,625353.0,190900.0,18.0,False,,,30.0,0.0,300.0,2,0.0004797290490331061
640.0,Vendéglátás,2025-10-04 18:00:02,2025.10.04 4159956198 CARLO ROBERTO            -ÉRINTŐ,Kimenő,VÁSÁRLÁS KÁRTYÁVAL,3Dye4gBbAdPQSto3WbqgkBu6lrj2,none,,9dd35b87-e7b3-49bb-a5c5-9bb15df75c9d,10,2025,5,True,4,True,False,40,4,31,7106.284090909091,88,625353.0,190900.0,18.0,False,,,30.0,0.0,1428.942857142857,35,0.0010234219712706263
2390.0,Vendéglátás,2025-10-05 17:01:16,2025.10.05 4159956198 STARBUCKS WESTEND        -ÉRINTŐ,Kimenő,VÁSÁRLÁS KÁRTYÁVAL,3Dye4gBbAdPQSto3WbqgkBu6lrj2,none,,5b433764-a32e-4276-bda2-ca9c0c97c25a,10,2025,6,True,4,True,False,40,5,31,7106.284090909091,88,625353.0,190900.0,18.0,False,,,30.0,0.0,1428.942857142857,35,0.0038218414239637455
749.0,Vendéglátás,2025-10-05 17:07:56,"2025.10.05 4159956198 Nyugati 3                -ÉRINTŐ 1,930EUR    0,",Kimenő,VÁSÁRLÁS KÁRTYÁVAL,3Dye4gBbAdPQSto3WbqgkBu6lrj2,none,,00c01bc8-bd1e-41ef-861d-1d52dd42e339,10,2025,6,True,4,True,False,40,5,31,7106.284090909091,88,625353.0,190900.0,18.0,False,,,30.0,0.0,1428.942857142857,35,0.0011977235257526549
260.0,Bevásárlás,2025-10-06 09:06:28,2025.10.06 4159956198 KÁROLYI ABC              -SIMPLE,Kimenő,VÁSÁRLÁS KÁRTYÁVAL,3Dye4gBbAdPQSto3WbqgkBu6lrj2,none,,86a6e39a-028c-4656-b6f0-c6558ff27d5d,10,2025,0,False,4,False,False,41,6,31,7106.284090909091,88,625353.0,190900.0,18.0,False,,,30.0,0.0,1451.695652173913,23,0.00041576517582869195
1800.0,Vendéglátás,2025-10-06 12:23:42,2025.10.06 4159956198 SZOTE  telbąr Kft.       -ÉRINTŐ,Kimenő,VÁSÁRLÁS KÁRTYÁVAL,3Dye4gBbAdPQSto3WbqgkBu6lrj2,none,,7766573f-8401-42db-a276-4268c424d245,10,2025,0,False,4,False,False,41,6,31,7106.284090909091,88,625353.0,190900.0,18.0,False,,,30.0,0.0,1428.942857142857,35,0.0028783742941986368
349.0,Vendéglátás,2025-10-06 15:47:56,2025.10.06 4159956198 ARADI NON-STOP BOLT      -ÉRINTŐ,Kimenő,VÁSÁRLÁS KÁRTYÁVAL,3Dye4gBbAdPQSto3WbqgkBu6lrj2,none,,d4504e87-ea7c-4246-8e9d-ec501a7c3b5d,10,2025,0,False,4,False,False,41,6,31,7106.284090909091,88,625353.0,190900.0,18.0,False,,,30.0,0.0,1428.942857142857,35,0.0005580847937085134
890.0,Bevásárlás,2025-10-06 17:56:58,"2025.10.06 4159956198 Borcsok Karoly Jozsef    -ÉRINTŐ 2,290EUR    0,",Kimenő,VÁSÁRLÁS KÁRTYÁVAL,3Dye4gBbAdPQSto3WbqgkBu6lrj2,none,,394e475a-c1e8-4431-bcab-1a6120215984,10,2025,0,False,4,False,False,41,6,31,7106.284090909091,88,625353.0,190900.0,18.0,False,,,30.0,0.0,1451.695652173913,23,0.0014231961787982148
615.0,Bevásárlás,2025-10-06 18:39:00,2025.10.06 4159956198 ALDI 245.SZ.             -SIMPLE,Kimenő,VÁSÁRLÁS KÁRTYÁVAL,3Dye4gBbAdPQSto3WbqgkBu6lrj2,none,,2bab77ec-6d4c-495a-b96a-cb0d4da23281,10,2025,0,False,4,False,False,41,6,31,7106.284090909091,88,625353.0,190900.0,18.0,False,,,30.0,0.0,1451.695652173913,23,0.0009834445505178676
1750.0,Szórakozás,2025-10-06 18:55:20,"2025.10.06 4159956198 DtkPub                   -ÉRINTŐ 4,500EUR    0,",Kimenő,VÁSÁRLÁS KÁRTYÁVAL,3Dye4gBbAdPQSto3WbqgkBu6lrj2,none,,2cc4082e-5e74-459d-be7f-21d1a11f8336,10,2025,0,False,4,False,False,41,6,31,7106.284090909091,88,625353.0,190900.0,18.0,False,,,30.0,0.0,2268.5714285714284,7,0.002798419452693119
1690.0,Szórakozás,2025-10-06 19:45:30,"2025.10.06 4159956198 DtkPub                   -ÉRINTŐ 4,350EUR    0,",Kimenő,VÁSÁRLÁS KÁRTYÁVAL,3Dye4gBbAdPQSto3WbqgkBu6lrj2,none,,8bf68cb7-0a7b-42cd-a720-10ef2e5e8f7d,10,2025,0,False,4,False,False,41,6,31,7106.284090909091,88,625353.0,190900.0,18.0,False,,,30.0,0.0,2268.5714285714284,7,0.002702473642886498
700.0,Vendéglátás,2025-10-07 18:00:32,2025.10.07 4159956198 Csiga PÚksÚg -Bem utca   -ÉRINTŐ,Kimenő,VÁSÁRLÁS KÁRTYÁVAL,3Dye4gBbAdPQSto3WbqgkBu6lrj2,none,,e209b252-2832-4c19-b9c6-fd9de72d9a7d,10,2025,1,False,4,False,False,41,7,31,7106.284090909091,88,625353.0,190900.0,18.0,False,,,30.0,0.0,1428.942857142857,35,0.0011193677810772476
1000.0,Készpénz felvétel,2025-10-09 14:32:40,2025.10.09 4159956198 Gyula Bodoky u.9,Kimenő,KÉSZPÉNZFELVÉT ATM-BŐL,3Dye4gBbAdPQSto3WbqgkBu6lrj2,none,,58400076-133d-4544-b10f-713db2ca90f4,10,2025,3,False,4,False,False,41,9,31,7106.284090909091,88,625353.0,190900.0,18.0,False,,,30.0,0.0,9000.0,2,0.0015990968301103537
190900.0,Nem kategorizált,2025-10-10 11:51:00,Munkabér utalás,Bejövő,NAPKÖZBENI ÁTUTALÁS (CSOPORTOS),3Dye4gBbAdPQSto3WbqgkBu6lrj2,none,,a37c61f5-0704-4e53-8253-a059f9ec3a53,10,2025,4,False,4,False,False,41,10,31,7106.284090909091,88,625353.0,190900.0,18.0,False,,,30.0,0.0,45784.783672595375,3,0.13806386351302935
20000.0,"Egészség, szépség",2025-10-10 13:45:08,2025.10.10 4159956198 OFOTÉRT OPTIKA 167.SZ    -ÉRINTŐ,Kimenő,VÁSÁRLÁS KÁRTYÁVAL,3Dye4gBbAdPQSto3WbqgkBu6lrj2,none,,d7bf5f03-0604-4f2f-ae19-d2bef0ac4aad,10,2025,4,False,4,False,False,41,10,31,7106.284090909091,88,625353.0,190900.0,18.0,False,,,30.0,0.0,25006.25,4,0.03198193660220707
25400.0,Nem kategorizált,2025-10-10 14:49:00,GIROKOZLEMENY,Bejövő,NAPKÖZBENI ÁTUTALÁS (CSOPORTOS),3Dye4gBbAdPQSto3WbqgkBu6lrj2,none,,4ca09e79-9bfe-4925-b5d2-9cce1792902c,10,2025,4,False,4,False,False,41,10,31,7106.284090909091,88,625353.0,190900.0,18.0,False,,,30.0,0.0,45784.783672595375,3,0.040617059484802986
5539.0,"Számlák, rezsi",2025-10-11 16:38:46,"2025.10.11 4159956198 NETFLIX.COM 13,990EUR  395,9400",Kimenő,VÁSÁRLÁS KÁRTYÁVAL,3Dye4gBbAdPQSto3WbqgkBu6lrj2,none,,1301c8a9-4519-462f-8103-7cf741e5ffcc,10,2025,5,True,4,False,False,41,11,31,7106.284090909091,88,625353.0,190900.0,18.0,False,,,30.0,0.0,13956.2,5,0.008857397341981248
2600.0,Szórakozás,2025-10-11 19:04:24,2025.10.11 4159956198 CENTER MOZI              -SIMPLE,Kimenő,VÁSÁRLÁS KÁRTYÁVAL,3Dye4gBbAdPQSto3WbqgkBu6lrj2,none,,b1058ea4-3c0d-4377-bebe-a16a68ab508b,10,2025,5,True,4,False,False,41,11,31,7106.284090909091,88,625353.0,190900.0,18.0,False,,,30.0,0.0,2268.5714285714284,7,0.004157651758286919
1900.0,Szórakozás,2025-10-11 19:05:59,2025.10.11 4159956198 CENTER MOZI              -SIMPLE,Kimenő,VÁSÁRLÁS KÁRTYÁVAL,3Dye4gBbAdPQSto3WbqgkBu6lrj2,none,,bee9f1ea-cebc-40e4-a02b-643852e6e348,10,2025,5,True,4,False,False,41,11,31,7106.284090909091,88,625353.0,190900.0,18.0,False,,,30.0,0.0,2268.5714285714284,7,0.003038283977209672
1945.0,Bevásárlás,2025-10-13 08:50:49,2025.10.13 4159956198 TESCO 41420 ÖNKISZOLG    -SIMPLE,Kimenő,VÁSÁRLÁS KÁRTYÁVAL,3Dye4gBbAdPQSto3WbqgkBu6lrj2,none,,e4eb886e-01a2-42a1-a859-c92de32d1ce5,10,2025,0,False,4,False,False,42,13,31,7106.284090909091,88,625353.0,190900.0,18.0,False,,,30.0,0.0,1451.695652173913,23,0.003110243334564638
300.0,Bevásárlás,2025-10-13 08:52:55,2025.10.13 4159956198 HELL AUTOMATA UZEMELTE   -SIMPLE,Kimenő,VÁSÁRLÁS KÁRTYÁVAL,3Dye4gBbAdPQSto3WbqgkBu6lrj2,none,,9af5dd99-9629-41be-aae2-e0cfadebbb86,10,2025,0,False,4,False,False,42,13,31,7106.284090909091,88,625353.0,190900.0,18.0,False,,,30.0,0.0,1451.695652173913,23,0.0004797290490331061
2540.0,Vendéglátás,2025-10-13 12:11:28,2025.10.14 4159956198 Fusion Zrt. BURGER KI    -GOOGLE,Kimenő,VÁSÁRLÁS KÁRTYÁVAL,3Dye4gBbAdPQSto3WbqgkBu6lrj2,none,,1101ceb9-fe2f-4048-98b3-bec57d5764d2,10,2025,0,False,4,False,False,42,13,31,7106.284090909091,88,625353.0,190900.0,18.0,False,,,30.0,0.0,1428.942857142857,35,0.004061705948480298
350.0,Vendéglátás,2025-10-13 13:38:27,2025.10.13 4159956198 REFERENCIA CAFE KFT      -ÉRINTŐ,Kimenő,VÁSÁRLÁS KÁRTYÁVAL,3Dye4gBbAdPQSto3WbqgkBu6lrj2,none,,06c2b57a-4f47-48b0-bb76-fcf5e0b8d354,10,2025,0,False,4,False,False,42,13,31,7106.284090909091,88,625353.0,190900.0,18.0,False,,,30.0,0.0,1428.942857142857,35,0.0005596838905386238
488.0,Bevásárlás,2025-10-13 15:41:11,2025.10.13 4159956198 Goods Market2            -SIMPLE,Kimenő,VÁSÁRLÁS KÁRTYÁVAL,3Dye4gBbAdPQSto3WbqgkBu6lrj2,none,,73c4162a-1234-4fb6-bcd7-4883007ce7b3,10,2025,0,False,4,False,False,42,13,31,7106.284090909091,88,625353.0,190900.0,18.0,False,,,30.0,0.0,1451.695652173913,23,0.0007803592530938526
2878.0,Bevásárlás,2025-10-13 17:26:10,2025.10.13 4159956198 KÁROLYI ABC              -ÉRINTŐ,Kimenő,VÁSÁRLÁS KÁRTYÁVAL,3Dye4gBbAdPQSto3WbqgkBu6lrj2,none,,8cb67588-4478-4503-acb1-5d03c0491e2b,10,2025,0,False,4,False,False,42,13,31,7106.284090909091,88,625353.0,190900.0,18.0,False,,,30.0,0.0,1451.695652173913,23,0.004602200677057598
1797.0,Bevásárlás,2025-10-14 09:45:22,2025.10.14 4159956198 KÁROLYI ABC              -SIMPLE,Kimenő,VÁSÁRLÁS KÁRTYÁVAL,3Dye4gBbAdPQSto3WbqgkBu6lrj2,none,,ecb80588-499f-4d79-adfb-70fa35d553ed,10,2025,1,False,4,False,False,42,14,31,7106.284090909091,88,625353.0,190900.0,18.0,False,,,30.0,0.0,1451.695652173913,23,0.0028735770037083054
18640.0,"Számlák, rezsi",2025-10-14 14:26:27,2025.10.14 4159956198 SIMPLEP*NEPTUN.U-SZEGE,Kimenő,VÁSÁRLÁS KÁRTYÁVAL,3Dye4gBbAdPQSto3WbqgkBu6lrj2,none,,a1f85d6a-7d54-4e3b-9c7f-addd15affca4,10,2025,1,False,4,False,False,42,14,31,7106.284090909091,88,625353.0,190900.0,18.0,False,,,30.0,0.0,13956.2,5,0.02980716491325699
44084.0,"Számlák, rezsi",2025-10-14 16:32:04,2025.10.14 4159956198 SIMPLEP*allianz,Kimenő,VÁSÁRLÁS KÁRTYÁVAL,3Dye4gBbAdPQSto3WbqgkBu6lrj2,none,,537a0ae7-e59a-40ae-9080-756f49590588,10,2025,1,False,4,False,False,42,14,31,7106.284090909091,88,625353.0,190900.0,18.0,False,,,30.0,0.0,13956.2,5,0.07049458465858482
700.0,Vendéglátás,2025-10-14 17:22:54,2025.10.14 4159956198 Csiga PÚksÚg -Bem utca   -SIMPLE,Kimenő,VÁSÁRLÁS KÁRTYÁVAL,3Dye4gBbAdPQSto3WbqgkBu6lrj2,none,,52b91334-ba13-40ad-bf37-d086ce5b1770,10,2025,1,False,4,False,False,42,14,31,7106.284090909091,88,625353.0,190900.0,18.0,False,,,30.0,0.0,1428.942857142857,35,0.0011193677810772476
940.0,Közlekedés,2025-10-14 17:25:24,2025.10.14 4159956198 SIMPLEP*MÁVSzemelyszall.,Kimenő,VÁSÁRLÁS KÁRTYÁVAL,3Dye4gBbAdPQSto3WbqgkBu6lrj2,none,,8852fd42-c39c-4d15-87ab-f4bb6cae9937,10,2025,1,False,4,False,False,42,14,31,7106.284090909091,88,625353.0,190900.0,18.0,False,,,30.0,0.0,2272.5,4,0.0015031510203037325
2190.0,Vendéglátás,2025-10-15 12:15:53,2025.10.15 4159956198 BESZEDA ÉS FIAI          -ÉRINTŐ,Kimenő,VÁSÁRLÁS KÁRTYÁVAL,3Dye4gBbAdPQSto3WbqgkBu6lrj2,none,,324294c6-8620-4299-9901-67327a540642,10,2025,2,False,4,False,False,42,15,31,7106.284090909091,88,625353.0,190900.0,18.0,False,,,30.0,0.0,1428.942857142857,35,0.0035020220579416745
560.0,Vendéglátás,2025-10-16 09:03:40,2025.10.16 4159956198 FORNETTI KLINIK K        -SIMPLE,Kimenő,VÁSÁRLÁS KÁRTYÁVAL,3Dye4gBbAdPQSto3WbqgkBu6lrj2,none,,6e791fac-cf2a-485d-97b0-e837f86649a1,10,2025,3,False,4,False,False,42,16,31,7106.284090909091,88,625353.0,190900.0,18.0,False,,,30.0,0.0,1428.942857142857,35,0.0008954942248617981
2484.0,Vendéglátás,2025-10-16 12:26:09,2025.10.16 4159956198 HELOPAY*GNOCCO CORVIN SET-ÉRINTŐ,Kimenő,VÁSÁRLÁS KÁRTYÁVAL,3Dye4gBbAdPQSto3WbqgkBu6lrj2,none,,b44c86c1-9048-4eb3-be7b-6fe5d708b989,10,2025,3,False,4,False,False,42,16,31,7106.284090909091,88,625353.0,190900.0,18.0,False,,,30.0,0.0,1428.942857142857,35,0.003972156525994118
1590.0,Vendéglátás,2025-10-16 18:02:22,2025.10.17 4159956198 Fusion Befektetesi       -GOOGLE,Kimenő,VÁSÁRLÁS KÁRTYÁVAL,3Dye4gBbAdPQSto3WbqgkBu6lrj2,none,,a2db4828-0e88-425d-a72d-288f4a029923,10,2025,3,False,4,False,False,42,16,31,7106.284090909091,88,625353.0,190900.0,18.0,False,,,30.0,0.0,1428.942857142857,35,0.0025425639598754624
300.0,Otthon,2025-10-16 18:17:46,2025.10.16 4159956198 ÁRKÁD BUDAPEST           -ÉRINTŐ,Kimenő,VÁSÁRLÁS KÁRTYÁVAL,3Dye4gBbAdPQSto3WbqgkBu6lrj2,none,,a17dd6d3-b31d-4c89-a6af-3d0c7de3ac78,10,2025,3,False,4,False,False,42,16,31,7106.284090909091,88,625353.0,190900.0,18.0,False,,,30.0,0.0,300.0,2,0.0004797290490331061
408.0,Bevásárlás,2025-10-16 18:25:14,2025.10.16 4159956198 SPAR PARTNER             -ÉRINTŐ,Kimenő,VÁSÁRLÁS KÁRTYÁVAL,3Dye4gBbAdPQSto3WbqgkBu6lrj2,none,,53613698-d30f-4cb7-b972-56f7a2e50a2e,10,2025,3,False,4,False,False,42,16,31,7106.284090909091,88,625353.0,190900.0,18.0,False,,,30.0,0.0,1451.695652173913,23,0.0006524315066850243
27000.0,"Egészség, szépség",2025-10-16 19:02:38,"2025.10.16 4159956198 Budapest,VII.Széna tér 7",Kimenő,KÉSZPÉNZFELVÉT ATM-BŐL,3Dye4gBbAdPQSto3WbqgkBu6lrj2,none,,62d7c5b2-f542-4b31-bc15-ddb85b52c9ff,10,2025,3,False,4,False,False,42,16,31,7106.284090909091,88,625353.0,190900.0,18.0,False,,,30.0,0.0,25006.25,4,0.04317561441297955
2437.0,Bevásárlás,2025-10-17 08:48:13,2025.10.17 4159956198 CBA PR°MA CENTENÁRIU     -SIMPLE,Kimenő,VÁSÁRLÁS KÁRTYÁVAL,3Dye4gBbAdPQSto3WbqgkBu6lrj2,none,,25be52b9-263b-40e6-8d83-e65219448948,10,2025,4,False,4,False,False,42,17,31,7106.284090909091,88,625353.0,190900.0,18.0,False,,,30.0,0.0,1451.695652173913,23,0.003896998974978932
6240.0,Szórakozás,2025-10-17 09:24:22,"2025.10.17 4159956198 POTTYONDYEDINA.HU 16,000EUR    0,",Kimenő,VÁSÁRLÁS KÁRTYÁVAL,3Dye4gBbAdPQSto3WbqgkBu6lrj2,none,,72781108-0bac-4f48-a480-a2fe73151ddc,10,2025,4,False,4,False,False,42,17,31,7106.284090909091,88,625353.0,190900.0,18.0,False,,,30.0,0.0,2268.5714285714284,7,0.009978364219888607
1298.0,Vendéglátás,2025-10-17 13:39:35,"2025.10.17 4159956198 Keleti Trio              -ÉRINTŐ 3,330EUR    0,",Kimenő,VÁSÁRLÁS KÁRTYÁVAL,3Dye4gBbAdPQSto3WbqgkBu6lrj2,none,,b0205941-fb83-4e0a-803d-25f2d73f4c08,10,2025,4,False,4,False,False,42,17,31,7106.284090909091,88,625353.0,190900.0,18.0,False,,,30.0,0.0,1428.942857142857,35,0.002075627685483239
940.0,Közlekedés,2025-10-17 13:54:57,2025.10.17 4159956198 SIMPLEP*MÁVSzemelyszall.,Kimenő,VÁSÁRLÁS KÁRTYÁVAL,3Dye4gBbAdPQSto3WbqgkBu6lrj2,none,,f24fdab7-d9d1-4769-a624-e1834c618158,10,2025,4,False,4,False,False,42,17,31,7106.284090909091,88,625353.0,190900.0,18.0,False,,,30.0,0.0,2272.5,4,0.0015031510203037325
7465.0,Bevásárlás,2025-10-19 11:33:14,2025.10.19 4159956198 TESCO 41026 ÖNKISZOLG    -SIMPLE,Kimenő,VÁSÁRLÁS KÁRTYÁVAL,3Dye4gBbAdPQSto3WbqgkBu6lrj2,none,,f3115d05-8e4a-42f7-a0ed-2ec6a1371a51,10,2025,6,True,4,False,False,42,19,31,7106.284090909091,88,625353.0,190900.0,18.0,False,,,30.0,0.0,1451.695652173913,23,0.01193725783677379
3685.0,Bevásárlás,2025-10-20 18:27:59,2025.10.20 4159956198 TESCO 41420 ÖNKISZOLG    -ÉRINTŐ,Kimenő,VÁSÁRLÁS KÁRTYÁVAL,3Dye4gBbAdPQSto3WbqgkBu6lrj2,none,,79242e73-833f-48e6-94d2-0ae25b8c89ae,10,2025,0,False,4,False,False,43,20,31,7106.284090909091,88,625353.0,190900.0,18.0,False,,,30.0,0.0,1451.695652173913,23,0.005892671818956653
1590.0,Vendéglátás,2025-10-21 12:02:43,2025.10.21 4159956198 MCD SZEGED 2.            -ÉRINTŐ,Kimenő,VÁSÁRLÁS KÁRTYÁVAL,3Dye4gBbAdPQSto3WbqgkBu6lrj2,none,,13fe02f9-9dfd-4b49-8742-cbd306790b70,10,2025,1,False,4,False,False,43,21,31,7106.284090909091,88,625353.0,190900.0,18.0,False,,,30.0,0.0,1428.942857142857,35,0.0025425639598754624
565.0,Bevásárlás,2025-10-21 16:10:27,2025.10.21 4159956198 KÁROLYI ABC              -ÉRINTŐ,Kimenő,VÁSÁRLÁS KÁRTYÁVAL,3Dye4gBbAdPQSto3WbqgkBu6lrj2,none,,9bba78a3-911a-41e7-9f8b-f17112ca8f72,10,2025,1,False,4,False,False,43,21,31,7106.284090909091,88,625353.0,190900.0,18.0,False,,,30.0,0.0,1451.695652173913,23,0.0009034897090123499
49440.0,"Egészség, szépség",2025-10-22 10:42:52,2025.10.22 4159956198 OFOTÉRT OPTIKA 167.SZ    -ÉRINTŐ,Kimenő,VÁSÁRLÁS KÁRTYÁVAL,3Dye4gBbAdPQSto3WbqgkBu6lrj2,none,,97bc77b8-7666-42c4-b338-a4596e23433b,10,2025,2,False,4,False,False,43,22,31,7106.284090909091,88,625353.0,190900.0,18.0,False,,,30.0,0.0,25006.25,4,0.07905934728065589
1890.0,Közlekedés,2025-10-23 14:59:01,2025.10.23 4159956198 SIMPLE MOBILJEGY,Kimenő,VÁSÁRLÁS KÁRTYÁVAL,3Dye4gBbAdPQSto3WbqgkBu6lrj2,none,,a62eb6dd-78e9-4829-bfb6-952aab3c2731,10,2025,3,False,4,False,False,43,23,31,7106.284090909091,88,625353.0,190900.0,18.0,False,,,30.0,0.0,2272.5,4,0.0030222930089085684
5320.0,Közlekedés,2025-10-23 14:59:54,2025.10.23 4159956198 SIMPLE MATRICA,Kimenő,VÁSÁRLÁS KÁRTYÁVAL,3Dye4gBbAdPQSto3WbqgkBu6lrj2,none,,a2a96aba-7458-4782-afa7-b284690b99c5,10,2025,3,False,4,False,False,43,23,31,7106.284090909091,88,625353.0,190900.0,18.0,False,,,30.0,0.0,2272.5,4,0.008507195136187081
1500.0,"Számlák, rezsi",2025-10-24 19:46:09,"2025.10.24 4159956198 SQUARETRADE EUROPE 3,850EUR    0,",Kimenő,VÁSÁRLÁS KÁRTYÁVAL,3Dye4gBbAdPQSto3WbqgkBu6lrj2,none,,cfcd1699-35f2-4922-b6b4-106cd45350b9,10,2025,4,False,4,False,False,43,24,31,7106.284090909091,88,625353.0,190900.0,18.0,False,,,30.0,0.0,13956.2,5,0.0023986452451655307
3000.0,Vendéglátás,2025-10-26 20:06:08,2025.10.26 4159956198 B CINEMA CITY SZEGED     -ÉRINTŐ,Kimenő,VÁSÁRLÁS KÁRTYÁVAL,3Dye4gBbAdPQSto3WbqgkBu6lrj2,none,,a6bef90c-3d15-42ba-8b00-979b6606314d,10,2025,6,True,4,False,True,43,26,31,7106.284090909091,88,625353.0,190900.0,18.0,False,,,30.0,0.0,1428.942857142857,35,0.004797290490331061
598.0,Bevásárlás,2025-10-27 08:19:36,2025.10.27 4159956198 LIDL ÁRUHÁZ 0365.SZ.     -ÉRINTŐ,Kimenő,VÁSÁRLÁS KÁRTYÁVAL,3Dye4gBbAdPQSto3WbqgkBu6lrj2,none,,d919a9d5-3a60-4b2b-806d-1e62c0fb1c97,10,2025,0,False,4,False,True,44,27,31,7106.284090909091,88,625353.0,190900.0,18.0,False,,,30.0,0.0,1451.695652173913,23,0.0009562599044059915
610.0,Vendéglátás,2025-10-27 08:52:03,"2025.10.27 4159956198 Szunet Ifjusagi Pressz   -ÉRINTŐ 1,560EUR    0,",Kimenő,VÁSÁRLÁS KÁRTYÁVAL,3Dye4gBbAdPQSto3WbqgkBu6lrj2,none,,1777971f-869d-4158-b5df-8c0c9d03d654,10,2025,0,False,4,False,True,44,27,31,7106.284090909091,88,625353.0,190900.0,18.0,False,,,30.0,0.0,1428.942857142857,35,0.0009754490663673157
1800.0,Vendéglátás,2025-10-27 12:33:37,2025.10.27 4159956198 SZOTE  telbąr Kft.       -ÉRINTŐ,Kimenő,VÁSÁRLÁS KÁRTYÁVAL,3Dye4gBbAdPQSto3WbqgkBu6lrj2,none,,fd87fc40-b172-45b3-b859-8bdfc2dae8f6,10,2025,0,False,4,False,True,44,27,31,7106.284090909091,88,625353.0,190900.0,18.0,False,,,30.0,0.0,1428.942857142857,35,0.0028783742941986368
488.0,Bevásárlás,2025-10-27 15:41:28,2025.10.27 4159956198 Goods Market2            -ÉRINTŐ,Kimenő,VÁSÁRLÁS KÁRTYÁVAL,3Dye4gBbAdPQSto3WbqgkBu6lrj2,none,,9804c46a-fa17-4750-aeba-4430743dfeb0,10,2025,0,False,4,False,True,44,27,31,7106.284090909091,88,625353.0,190900.0,18.0,False,,,30.0,0.0,1451.695652173913,23,0.0007803592530938526
479.0,Bevásárlás,2025-10-27 18:06:44,2025.10.27 4159956198 KÁROLYI ABC              -ÉRINTŐ,Kimenő,VÁSÁRLÁS KÁRTYÁVAL,3Dye4gBbAdPQSto3WbqgkBu6lrj2,none,,ad178734-8cb8-49db-b2f5-abbd6ee60daf,10,2025,0,False,4,False,True,44,27,31,7106.284090909091,88,625353.0,190900.0,18.0,False,,,30.0,0.0,1451.695652173913,23,0.0007659673816228594
590.0,Szórakozás,2025-10-27 19:59:51,"2025.10.27 4159956198 DtkPub                   -ÉRINTŐ 1,510EUR    0,",Kimenő,VÁSÁRLÁS KÁRTYÁVAL,3Dye4gBbAdPQSto3WbqgkBu6lrj2,none,,d35142f6-d161-4d2a-9341-ee9fa158ee0d,10,2025,0,False,4,False,True,44,27,31,7106.284090909091,88,625353.0,190900.0,18.0,False,,,30.0,0.0,2268.5714285714284,7,0.0009434671297651086
1350.0,Vendéglátás,2025-10-27 21:32:16,2025.10.27 4159956198 MCD SZEGED 1.            -ÉRINTŐ,Kimenő,VÁSÁRLÁS KÁRTYÁVAL,3Dye4gBbAdPQSto3WbqgkBu6lrj2,none,,3d5223e0-20f6-4f3a-85e3-575b5c95b999,10,2025,0,False,4,False,True,44,27,31,7106.284090909091,88,625353.0,190900.0,18.0,False,,,30.0,0.0,1428.942857142857,35,0.0021587807206489775
1590.0,Vendéglátás,2025-10-28 13:59:05,"2025.10.28 4159956198 GYROS NEPPER             -ÉRINTŐ 4,080EUR    0,",Kimenő,VÁSÁRLÁS KÁRTYÁVAL,3Dye4gBbAdPQSto3WbqgkBu6lrj2,none,,60a8c9ca-3006-48d1-880e-9d43290d629a,10,2025,1,False,4,False,True,44,28,31,7106.284090909091,88,625353.0,190900.0,18.0,False,,,30.0,0.0,1428.942857142857,35,0.0025425639598754624
17000.0,Készpénz felvétel,2025-10-28 15:54:18,"2025.10.28 4159956198 Budapest,VII.Széna tér 7",Kimenő,KÉSZPÉNZFELVÉT ATM-BŐL,3Dye4gBbAdPQSto3WbqgkBu6lrj2,none,,23ffe772-bb7e-4037-95c4-1dab629bdb35,10,2025,1,False,4,False,True,44,28,31,7106.284090909091,88,625353.0,190900.0,18.0,False,,,30.0,0.0,9000.0,2,0.027184646111876012
340.0,Bevásárlás,2025-10-28 17:38:55,2025.10.28 4159956198 ALEXANDRA CSEMEGE        -ÉRINTŐ,Kimenő,VÁSÁRLÁS KÁRTYÁVAL,3Dye4gBbAdPQSto3WbqgkBu6lrj2,none,,f1708b1e-30c4-4f9b-a5c5-3f51756a61b9,10,2025,1,False,4,False,True,44,28,31,7106.284090909091,88,625353.0,190900.0,18.0,False,,,30.0,0.0,1451.695652173913,23,0.0005436929222375202
1600.0,Vendéglátás,2025-10-28 18:03:57,2025.10.28 4159956198 USZODA                   -ÉRINTŐ,Kimenő,VÁSÁRLÁS KÁRTYÁVAL,3Dye4gBbAdPQSto3WbqgkBu6lrj2,none,,3b38693b-0a4a-4366-ae8b-189ff1294f4d,10,2025,1,False,4,False,True,44,28,31,7106.284090909091,88,625353.0,190900.0,18.0,False,,,30.0,0.0,1428.942857142857,35,0.0025585549281765658
2190.0,Vendéglátás,2025-10-29 11:57:14,2025.10.29 4159956198 BESZEDA ÉS FIAI          -ÉRINTŐ,Kimenő,VÁSÁRLÁS KÁRTYÁVAL,3Dye4gBbAdPQSto3WbqgkBu6lrj2,none,,5fedbcb3-3fe7-443d-98d9-772571284674,10,2025,2,False,4,False,True,44,29,31,7106.284090909091,88,625353.0,190900.0,18.0,False,,,30.0,0.0,1428.942857142857,35,0.0035020220579416745
597.0,Bevásárlás,2025-10-30 11:00:08,2025.10.30 4159956198 LIDL ÁRUHÁZ 0333.SZ.     -ÉRINTŐ,Kimenő,VÁSÁRLÁS KÁRTYÁVAL,3Dye4gBbAdPQSto3WbqgkBu6lrj2,none,,bb9fbf02-fdb9-4aae-be2d-bc8dafe743d1,10,2025,3,False,4,False,True,44,30,31,7106.284090909091,88,625353.0,190900.0,18.0,False,,,30.0,0.0,1451.695652173913,23,0.0009546608075758811
2190.0,Vendéglátás,2025-10-30 11:59:28,2025.10.30 4159956198 HELOPAY*GNOCCO CORVIN SET-ÉRINTŐ,Kimenő,VÁSÁRLÁS KÁRTYÁVAL,3Dye4gBbAdPQSto3WbqgkBu6lrj2,none,,98b99053-aea3-4b19-94cb-b750fa3db004,10,2025,3,False,4,False,True,44,30,31,7106.284090909091,88,625353.0,190900.0,18.0,False,,,30.0,0.0,1428.942857142857,35,0.0035020220579416745
749.0,Vendéglátás,2025-10-30 18:34:49,"2025.10.30 4159956198 Nyugati 3                -ÉRINTŐ 1,930EUR    0,",Kimenő,VÁSÁRLÁS KÁRTYÁVAL,3Dye4gBbAdPQSto3WbqgkBu6lrj2,none,,e8e3328c-6ed4-4f3c-8bb3-4d548fdad022,10,2025,3,False,4,False,True,44,30,31,7106.284090909091,88,625353.0,190900.0,18.0,False,,,30.0,0.0,1428.942857142857,35,0.0011977235257526549
450.0,Vendéglátás,2025-10-30 18:35:59,"2025.10.30 4159956198 NYX*AloisDallmayrAutom   -ÉRINTŐ 1,160EUR    0,",Kimenő,VÁSÁRLÁS KÁRTYÁVAL,3Dye4gBbAdPQSto3WbqgkBu6lrj2,none,,a97f8b27-db5b-453c-9518-e2d6e80a549d,10,2025,3,False,4,False,True,44,30,31,7106.284090909091,88,625353.0,190900.0,18.0,False,,,30.0,0.0,1428.942857142857,35,0.0007195935735496592
260.0,Bevásárlás,2025-10-31 07:22:39,2025.10.31 4159956198 KÁROLYI ABC              -SIMPLE,Kimenő,VÁSÁRLÁS KÁRTYÁVAL,3Dye4gBbAdPQSto3WbqgkBu6lrj2,none,,e8e39763-388b-488b-aab6-5936e2cc3084,10,2025,4,False,4,False,True,44,31,31,7106.284090909091,88,625353.0,190900.0,18.0,False,,,30.0,0.0,1451.695652173913,23,0.00041576517582869195
2250.0,Vendéglátás,2025-10-31 12:01:30,2025.10.31 4159956198 TEMPLOMKERT ÉTTEREM      -SIMPLE,Kimenő,VÁSÁRLÁS KÁRTYÁVAL,3Dye4gBbAdPQSto3WbqgkBu6lrj2,none,,e6bdcabe-2e55-4f1b-b4c3-39ca132e05e0,10,2025,4,False,4,False,True,44,31,31,7106.284090909091,88,625353.0,190900.0,18.0,False,,,30.0,0.0,1428.942857142857,35,0.0035979678677482956
708.0,Bevásárlás,2025-10-31 12:40:17,2025.10.31 4159956198 Goods Market2            -ÉRINTŐ,Kimenő,VÁSÁRLÁS KÁRTYÁVAL,3Dye4gBbAdPQSto3WbqgkBu6lrj2,none,,958d09fa-b82b-4e7c-adf2-04f84ed45147,10,2025,4,False,4,False,True,44,31,31,7106.284090909091,88,625353.0,190900.0,18.0,False,,,30.0,0.0,1451.695652173913,23,0.0011321605557181305
1290.0,Vendéglátás,2025-10-31 20:08:29,2025.10.31 4159956198 HELOPAY*PIXEL BARESKAVEZO-ÉRINTŐ,Kimenő,VÁSÁRLÁS KÁRTYÁVAL,3Dye4gBbAdPQSto3WbqgkBu6lrj2,none,,977ad67c-60f8-48c2-b711-886f9fca099c,10,2025,4,False,4,False,True,44,31,31,7106.284090909091,88,625353.0,190900.0,18.0,False,,,30.0,0.0,1428.942857142857,35,0.0020628349108423563
1530.0,Vendéglátás,2025-10-31 20:41:50,2025.10.31 4159956198 HELOPAY*PIXEL BARESKAVEZO-ÉRINTŐ,Kimenő,VÁSÁRLÁS KÁRTYÁVAL,3Dye4gBbAdPQSto3WbqgkBu6lrj2,none,,aeb907fe-461b-435e-95b8-662a6b57ae4e,10,2025,4,False,4,False,True,44,31,31,7106.284090909091,88,625353.0,190900.0,18.0,False,,,30.0,0.0,1428.942857142857,35,0.0024466181500688413
1110.0,Szórakozás,2025-10-31 23:39:28,"2025.10.31 4159956198 DtkPub                   -ÉRINTŐ 2,860EUR    0,",Kimenő,VÁSÁRLÁS KÁRTYÁVAL,3Dye4gBbAdPQSto3WbqgkBu6lrj2,none,,2b28edff-14d0-4011-971d-3b5f30f27ffb,10,2025,4,False,4,False,True,44,31,31,7106.284090909091,88,625353.0,190900.0,18.0,False,,,30.0,0.0,2268.5714285714284,7,0.0017749974814224925
600.0,Vendéglátás,2025-11-01 07:47:37,2025.11.01 4159956198 KD PEKSEG                -ÉRINTŐ,Kimenő,VÁSÁRLÁS KÁRTYÁVAL,3Dye4gBbAdPQSto3WbqgkBu6lrj2,none,,bdc7706c-6274-4d94-9a89-7e7d1f096946,11,2025,5,True,4,True,False,44,1,30,7206.666666666667,81,583740.0,223100.0,300.0,False,,,30.0,0.0,1408.4074074074074,27,0.0010278548668927947
360.0,Vendéglátás,2025-11-01 08:17:08,"2025.11.01 4159956198 NYX*AloisDallmayrAutom   -ÉRINTŐ 0,930EUR    0,",Kimenő,VÁSÁRLÁS KÁRTYÁVAL,3Dye4gBbAdPQSto3WbqgkBu6lrj2,none,,cc51080a-20ea-429d-aa28-f67065036a56,11,2025,5,True,4,True,False,44,1,30,7206.666666666667,81,583740.0,223100.0,300.0,False,,,30.0,0.0,1408.4074074074074,27,0.0006167129201356768
900.0,Nem kategorizált,2025-11-02 16:21:24,20251102_26df9188-700c-3f1e-adbe-9d45d59b5b76,Bejövő,AZONNALI FIZETÉS,3Dye4gBbAdPQSto3WbqgkBu6lrj2,none,,8f9721de-1ca6-4aa1-9474-1c86774131a2,11,2025,6,True,4,True,False,44,2,30,7206.666666666667,81,583740.0,223100.0,300.0,False,,,30.0,0.0,43808.333333333336,6,0.001541782300339192
460.0,Vendéglátás,2025-11-03 09:37:07,2025.11.03 4159956198 HELOPAY*DITI PEKSEG V    -ÉRINTŐ,Kimenő,VÁSÁRLÁS KÁRTYÁVAL,3Dye4gBbAdPQSto3WbqgkBu6lrj2,none,,4006c6ad-efaa-4a43-8673-255a3771152a,11,2025,0,False,4,True,False,45,3,30,7206.666666666667,81,583740.0,223100.0,300.0,False,,,30.0,0.0,1408.4074074074074,27,0.0007880220646178094
385.0,Vendéglátás,2025-11-03 10:28:21,2025.11.03 4159956198 LEGENDA BUFE             -SIMPLE,Kimenő,VÁSÁRLÁS KÁRTYÁVAL,3Dye4gBbAdPQSto3WbqgkBu6lrj2,none,,cbbfaae8-f3d9-4691-98a2-d6ec1ca8e093,11,2025,0,False,4,True,False,45,3,30,7206.666666666667,81,583740.0,223100.0,300.0,False,,,30.0,0.0,1408.4074074074074,27,0.0006595402062562099
2340.0,Vendéglátás,2025-11-03 15:10:25,2025.11.04 4159956198 Fusion Zrt. BURGER KI    -GOOGLE,Kimenő,VÁSÁRLÁS KÁRTYÁVAL,3Dye4gBbAdPQSto3WbqgkBu6lrj2,none,,ce81e749-c373-4415-9c29-ff3fbcf1d601,11,2025,0,False,4,True,False,45,3,30,7206.666666666667,81,583740.0,223100.0,300.0,False,,,30.0,0.0,1408.4074074074074,27,0.004008633980881899
1000.0,Nem kategorizált,2025-11-03 18:00:58,20251103_d9a58c67-c273-35bb-b0b3-7c2b8c1f6cea,Bejövő,AZONNALI FIZETÉS,3Dye4gBbAdPQSto3WbqgkBu6lrj2,none,,9ddee9ed-7ff5-4aa2-8cea-c0297eb9079f,11,2025,0,False,4,True,False,45,3,30,7206.666666666667,81,583740.0,223100.0,300.0,False,,,30.0,0.0,43808.333333333336,6,0.0017130914448213247
1260.0,Szórakozás,2025-11-03 19:01:19,"2025.11.03 4159956198 DtkPub                   -ÉRINTŐ 3,250EUR    0,",Kimenő,VÁSÁRLÁS KÁRTYÁVAL,3Dye4gBbAdPQSto3WbqgkBu6lrj2,none,,10ab1787-8359-4e45-9623-ea6917a3df2b,11,2025,0,False,4,True,False,45,3,30,7206.666666666667,81,583740.0,223100.0,300.0,False,,,30.0,0.0,1869.75,12,0.002158495220474869
860.0,Szórakozás,2025-11-03 20:55:09,"2025.11.03 4159956198 DtkPub                   -ÉRINTŐ 2,220EUR    0,",Kimenő,VÁSÁRLÁS KÁRTYÁVAL,3Dye4gBbAdPQSto3WbqgkBu6lrj2,none,,1b38ee00-095d-4648-8695-3869245151d2,11,2025,0,False,4,True,False,45,3,30,7206.666666666667,81,583740.0,223100.0,300.0,False,,,30.0,0.0,1869.75,12,0.0014732586425463391
500.0,Egyéb,2025-11-04 08:13:00,,Kimenő,ESETI MEGBÍZÁSOK KÖLTSÉGE,3Dye4gBbAdPQSto3WbqgkBu6lrj2,none,,d06daa41-20df-4009-8190-2be7450bb09a,11,2025,1,False,4,True,False,45,4,30,7206.666666666667,81,583740.0,223100.0,300.0,False,,,30.0,0.0,416.5,2,0.0008565457224106623
100000.0,Utalás,2025-11-04 08:13:32,Varga Bence - novemberi lakbér,Kimenő,AZONNALI FIZETÉS,3Dye4gBbAdPQSto3WbqgkBu6lrj2,none,,0d638361-de8a-4678-82bb-3659b7651a38,11,2025,1,False,4,True,False,45,4,30,7206.666666666667,81,583740.0,223100.0,300.0,False,,,30.0,0.0,45784.783672595375,1,0.13806386351302935
1369.0,Bevásárlás,2025-11-04 08:53:49,2025.11.04 4159956198 LIDL ÁRUHÁZ 0365.SZ.     -SIMPLE,Kimenő,VÁSÁRLÁS KÁRTYÁVAL,3Dye4gBbAdPQSto3WbqgkBu6lrj2,none,,1d76a284-a41b-4d14-a55c-4cc72dbf94d8,11,2025,1,False,4,True,False,45,4,30,7206.666666666667,81,583740.0,223100.0,300.0,False,,,30.0,0.0,2438.695652173913,23,0.0023452221879603934
560.0,Vendéglátás,2025-11-04 16:18:58,2025.11.04 4159956198 Csiga PÚksÚg -Bem utca   -SIMPLE,Kimenő,VÁSÁRLÁS KÁRTYÁVAL,3Dye4gBbAdPQSto3WbqgkBu6lrj2,none,,5a14c05e-ba73-4b21-823a-940e0f8e5f3a,11,2025,1,False,4,True,False,45,4,30,7206.666666666667,81,583740.0,223100.0,300.0,False,,,30.0,0.0,1408.4074074074074,27,0.0009593312090999418
7615.0,"Számlák, rezsi",2025-11-04 16:28:27,2025.11.04 4159956198 SIMPLEP*one,Kimenő,VÁSÁRLÁS KÁRTYÁVAL,3Dye4gBbAdPQSto3WbqgkBu6lrj2,none,,2056916b-ec8f-48d7-8f50-ed15e6ad193b,11,2025,1,False,4,True,False,45,4,30,7206.666666666667,81,583740.0,223100.0,300.0,False,,,30.0,0.0,4862.666666666667,3,0.013045191352314387
2190.0,Vendéglátás,2025-11-05 11:42:07,2025.11.05 4159956198 BESZEDA ÉS FIAI          -SIMPLE,Kimenő,VÁSÁRLÁS KÁRTYÁVAL,3Dye4gBbAdPQSto3WbqgkBu6lrj2,none,,1c9fdef8-c338-4e47-b168-c7e8c164d9e5,11,2025,2,False,4,True,False,45,5,30,7206.666666666667,81,583740.0,223100.0,300.0,False,,,30.0,0.0,1408.4074074074074,27,0.003751670264158701
1199.0,Vendéglátás,2025-11-05 15:51:01,"2025.11.07 4159956198 MUNCH                    -GOOGLE 3,090EUR    0,",Kimenő,VÁSÁRLÁS KÁRTYÁVAL,3Dye4gBbAdPQSto3WbqgkBu6lrj2,none,,a353dacc-df65-4485-a1c0-df15a1107ad7,11,2025,2,False,4,True,False,45,5,30,7206.666666666667,81,583740.0,223100.0,300.0,False,,,30.0,0.0,1408.4074074074074,27,0.002053996642340768
333.0,Egyéb,2025-11-05 19:18:00,,Kimenő,ESETI MEGBÍZÁSOK KÖLTSÉGE,3Dye4gBbAdPQSto3WbqgkBu6lrj2,none,,e06d6758-51ec-42bb-bf44-b8d5506ddce8,11,2025,2,False,4,True,False,45,5,30,7206.666666666667,81,583740.0,223100.0,300.0,False,,,30.0,0.0,416.5,2,0.000570459451125501
25000.0,"Egészség, szépség",2025-11-05 19:18:28,TT-2025-529,Kimenő,AZONNALI FIZETÉS,3Dye4gBbAdPQSto3WbqgkBu6lrj2,none,,b2727276-28cb-4a44-b7c9-8dfd182081f4,11,2025,2,False,4,True,False,45,5,30,7206.666666666667,81,583740.0,223100.0,300.0,False,,,30.0,0.0,26666.666666666668,3,0.04282728612053312
10000.0,Nem kategorizált,2025-11-06 15:58:08,,Bejövő,AZONNALI FIZETÉS,3Dye4gBbAdPQSto3WbqgkBu6lrj2,none,,a1c5be12-4a41-4b8d-be08-4258cc9f5132,11,2025,3,False,4,False,False,45,6,30,7206.666666666667,81,583740.0,223100.0,300.0,False,,,30.0,0.0,43808.333333333336,6,0.017130914448213245
1199.0,Vendéglátás,2025-11-06 16:25:36,"2025.11.08 4159956198 MUNCH                    -GOOGLE 3,090EUR    0,",Kimenő,VÁSÁRLÁS KÁRTYÁVAL,3Dye4gBbAdPQSto3WbqgkBu6lrj2,none,,47d1e866-67f3-40b8-a243-355171560e37,11,2025,3,False,4,False,False,45,6,30,7206.666666666667,81,583740.0,223100.0,300.0,False,,,30.0,0.0,1408.4074074074074,27,0.002053996642340768
1500.0,Vendéglátás,2025-11-06 16:27:16,"2025.11.08 4159956198 MUNCH                    -GOOGLE 3,870EUR    0,",Kimenő,VÁSÁRLÁS KÁRTYÁVAL,3Dye4gBbAdPQSto3WbqgkBu6lrj2,none,,accf639f-d186-4a41-9ca2-c27ed17710c8,11,2025,3,False,4,False,False,45,6,30,7206.666666666667,81,583740.0,223100.0,300.0,False,,,30.0,0.0,1408.4074074074074,27,0.002569637167231987
5473.0,"Számlák, rezsi",2025-11-09 03:49:06,"2025.11.09 4159956198 Netflix.com 13,990EUR  391,1800",Kimenő,VÁSÁRLÁS KÁRTYÁVAL,3Dye4gBbAdPQSto3WbqgkBu6lrj2,none,,afc90981-5bec-4713-840b-7e1e5470e500,11,2025,6,True,4,False,False,45,9,30,7206.666666666667,81,583740.0,223100.0,300.0,False,,,30.0,0.0,4862.666666666667,3,0.00937574947750711
2450.0,Nem kategorizált,2025-11-09 14:21:39,20251109_eb4af607-3a3e-328b-b79c-a603c7a2abec,Bejövő,AZONNALI FIZETÉS,3Dye4gBbAdPQSto3WbqgkBu6lrj2,none,,769c3c41-fda0-4f09-a9d7-6eb543289c1c,11,2025,6,True,4,False,False,45,9,30,7206.666666666667,81,583740.0,223100.0,300.0,False,,,30.0,0.0,43808.333333333336,6,0.004197074039812245
223100.0,Nem kategorizált,2025-11-10 10:52:00,Munkabér utalás,Bejövő,NAPKÖZBENI ÁTUTALÁS (CSOPORTOS),3Dye4gBbAdPQSto3WbqgkBu6lrj2,none,,6c417ebc-7141-4876-a4f3-eb4cea9fb48a,11,2025,0,False,4,False,False,46,10,30,7206.666666666667,81,583740.0,223100.0,300.0,False,,,30.0,0.0,43808.333333333336,6,0.13806386351302935
25400.0,Nem kategorizált,2025-11-10 12:53:00,GIROKOZLEMENY,Bejövő,NAPKÖZBENI ÁTUTALÁS (CSOPORTOS),3Dye4gBbAdPQSto3WbqgkBu6lrj2,none,,2e8ff6d2-38b1-4644-b665-017d8e54ee6a,11,2025,0,False,4,False,False,46,10,30,7206.666666666667,81,583740.0,223100.0,300.0,False,,,30.0,0.0,43808.333333333336,6,0.04351252269846164
349.0,Vendéglátás,2025-11-10 15:43:23,2025.11.10 4159956198 ARADI NON-STOP BOLT      -ÉRINTŐ,Kimenő,VÁSÁRLÁS KÁRTYÁVAL,3Dye4gBbAdPQSto3WbqgkBu6lrj2,none,,5f056fdc-d7c6-47fe-949b-6a0fe3403433,11,2025,0,False,4,False,False,46,10,30,7206.666666666667,81,583740.0,223100.0,300.0,False,,,30.0,0.0,1408.4074074074074,27,0.0005978689142426423
898.0,Bevásárlás,2025-11-10 17:04:02,2025.11.10 4159956198 KÁROLYI ABC              -ÉRINTŐ,Kimenő,VÁSÁRLÁS KÁRTYÁVAL,3Dye4gBbAdPQSto3WbqgkBu6lrj2,none,,16209fe5-386f-4a7e-bb56-245fa15eeccd,11,2025,0,False,4,False,False,46,10,30,7206.666666666667,81,583740.0,223100.0,300.0,False,,,30.0,0.0,2438.695652173913,23,0.0015383561174495495
990.0,Szórakozás,2025-11-10 21:32:24,2025.11.10 4159956198 HELOPAY*GAMERLAND SZEGED -ÉRINTŐ,Kimenő,VÁSÁRLÁS KÁRTYÁVAL,3Dye4gBbAdPQSto3WbqgkBu6lrj2,none,,563cf05b-773f-4f72-ab35-ed014db70a5d,11,2025,0,False,4,False,False,46,10,30,7206.666666666667,81,583740.0,223100.0,300.0,False,,,30.0,0.0,1869.75,12,0.0016959605303731114
990.0,Szórakozás,2025-11-10 21:46:33,2025.11.10 4159956198 HELOPAY*GAMERLAND SZEGED -ÉRINTŐ,Kimenő,VÁSÁRLÁS KÁRTYÁVAL,3Dye4gBbAdPQSto3WbqgkBu6lrj2,none,,1545b5a6-66c1-47f7-9807-c5d27fe706d8,11,2025,0,False,4,False,False,46,10,30,7206.666666666667,81,583740.0,223100.0,300.0,False,,,30.0,0.0,1869.75,12,0.0016959605303731114
2717.0,Bevásárlás,2025-11-10 23:32:53,2025.11.10 4159956198 TESCO 41420 ÖNKISZOLG    -ÉRINTŐ,Kimenő,VÁSÁRLÁS KÁRTYÁVAL,3Dye4gBbAdPQSto3WbqgkBu6lrj2,none,,1939e31a-b12a-4b16-bc60-309657c0566d,11,2025,0,False,4,False,False,46,10,30,7206.666666666667,81,583740.0,223100.0,300.0,False,,,30.0,0.0,2438.695652173913,23,0.004654469455579539
350.0,Vendéglátás,2025-11-11 13:48:23,2025.11.11 4159956198 REFERENCIA CAFE KFT      -ÉRINTŐ,Kimenő,VÁSÁRLÁS KÁRTYÁVAL,3Dye4gBbAdPQSto3WbqgkBu6lrj2,none,,970a8847-08e5-4bc9-af3f-2e0bdf827f8c,11,2025,1,False,4,False,False,46,11,30,7206.666666666667,81,583740.0,223100.0,300.0,False,,,30.0,0.0,1408.4074074074074,27,0.0005995820056874636
2190.0,Vendéglátás,2025-11-12 11:42:18,2025.11.12 4159956198 BESZEDA ÉS FIAI          -SIMPLE,Kimenő,VÁSÁRLÁS KÁRTYÁVAL,3Dye4gBbAdPQSto3WbqgkBu6lrj2,none,,ada29430-e7b1-41fe-a20f-b67cce756237,11,2025,2,False,4,False,False,46,12,30,7206.666666666667,81,583740.0,223100.0,300.0,False,,,30.0,0.0,1408.4074074074074,27,0.003751670264158701
25000.0,"Egészség, szépség",2025-11-12 18:04:44,"2025.11.12 4159956198 Budapest,VII.Széna tér 7",Kimenő,KÉSZPÉNZFELVÉT ATM-BŐL,3Dye4gBbAdPQSto3WbqgkBu6lrj2,none,,afc17d4c-0139-4adf-9562-bd75d9d04834,11,2025,2,False,4,False,False,46,12,30,7206.666666666667,81,583740.0,223100.0,300.0,False,,,30.0,0.0,26666.666666666668,3,0.04282728612053312
1087.0,Bevásárlás,2025-11-12 19:52:55,2025.11.12 4159956198 SPAR 0190                -ÉRINTŐ,Kimenő,VÁSÁRLÁS KÁRTYÁVAL,3Dye4gBbAdPQSto3WbqgkBu6lrj2,none,,85f2bc23-5cbb-40d9-bc2a-d3db33f1238a,11,2025,2,False,4,False,False,46,12,30,7206.666666666667,81,583740.0,223100.0,300.0,False,,,30.0,0.0,2438.695652173913,23,0.0018621304005207798
448.0,Bevásárlás,2025-11-13 09:08:29,2025.11.13 4159956198 LIDL ÁRUHÁZ 0333.SZ.     -ÉRINTŐ,Kimenő,VÁSÁRLÁS KÁRTYÁVAL,3Dye4gBbAdPQSto3WbqgkBu6lrj2,none,,b892a7bf-7961-4717-bdb4-aa77bdf1c228,11,2025,3,False,4,False,False,46,13,30,7206.666666666667,81,583740.0,223100.0,300.0,False,,,30.0,0.0,2438.695652173913,23,0.0007674649672799534
2700.0,Vendéglátás,2025-11-13 12:15:36,2025.11.13 4159956198 Dagoba                   -ÉRINTŐ,Kimenő,VÁSÁRLÁS KÁRTYÁVAL,3Dye4gBbAdPQSto3WbqgkBu6lrj2,none,,2dc14c22-b21c-40db-a21f-7ded833b64db,11,2025,3,False,4,False,False,46,13,30,7206.666666666667,81,583740.0,223100.0,300.0,False,,,30.0,0.0,1408.4074074074074,27,0.004625346901017576
5785.0,Otthon,2025-11-13 17:55:54,2025.11.13 4159956198 IKEA ORS VEZER BEV       -SIMPLE,Kimenő,VÁSÁRLÁS KÁRTYÁVAL,3Dye4gBbAdPQSto3WbqgkBu6lrj2,none,,2d198eb0-d146-4511-8528-df2d0445f642,11,2025,3,False,4,False,False,46,13,30,7206.666666666667,81,583740.0,223100.0,300.0,False,,,30.0,0.0,3042.5,2,0.009910234008291363
1800.0,Vendéglátás,2025-11-14 12:35:21,2025.11.14 4159956198 BLAZSEKNE H ZSUZSANNA    -SIMPLE,Kimenő,VÁSÁRLÁS KÁRTYÁVAL,3Dye4gBbAdPQSto3WbqgkBu6lrj2,none,,9a82c91c-df5b-4763-91b4-10c820ac7ed2,11,2025,4,False,4,False,False,46,14,30,7206.666666666667,81,583740.0,223100.0,300.0,False,,,30.0,0.0,1408.4074074074074,27,0.003083564600678384
1049.0,Vendéglátás,2025-11-14 16:54:16,"2025.11.14 4159956198 Keleti Trio              -ÉRINTŐ 2,730EUR    0,",Kimenő,VÁSÁRLÁS KÁRTYÁVAL,3Dye4gBbAdPQSto3WbqgkBu6lrj2,none,,16132dee-5e47-4302-a07a-f6838f798002,11,2025,4,False,4,False,False,46,14,30,7206.666666666667,81,583740.0,223100.0,300.0,False,,,30.0,0.0,1408.4074074074074,27,0.0017970329256175694
7379.0,Szórakozás,2025-11-16 20:47:35,2025.11.16 4159956198 SIMPLEP*JEGY.ROCK1.HU,Kimenő,VÁSÁRLÁS KÁRTYÁVAL,3Dye4gBbAdPQSto3WbqgkBu6lrj2,none,,68122c6d-648a-4485-986e-c13568397ccc,11,2025,6,True,4,False,False,46,16,30,7206.666666666667,81,583740.0,223100.0,300.0,False,,,30.0,0.0,1869.75,12,0.012640901771336553
18998.0,Bevásárlás,2025-11-17 15:44:44,2025.11.17 4159956198 MAXI MARK Mall Kft.      -ÉRINTŐ,Kimenő,VÁSÁRLÁS KÁRTYÁVAL,3Dye4gBbAdPQSto3WbqgkBu6lrj2,none,,596f7c0a-cd90-4363-a84f-0fc5017a9fe5,11,2025,0,False,4,False,False,47,17,30,7206.666666666667,81,583740.0,223100.0,300.0,False,,,30.0,0.0,2438.695652173913,23,0.03254531126871552
1020.0,Szórakozás,2025-11-17 18:59:21,"2025.11.17 4159956198 DtkPub                   -ÉRINTŐ 2,650EUR    0,",Kimenő,VÁSÁRLÁS KÁRTYÁVAL,3Dye4gBbAdPQSto3WbqgkBu6lrj2,none,,db0e37b4-81e4-423f-899c-5bb23444ecad,11,2025,0,False,4,False,False,47,17,30,7206.666666666667,81,583740.0,223100.0,300.0,False,,,30.0,0.0,1869.75,12,0.001747353273717751
690.0,Szórakozás,2025-11-17 20:23:31,"2025.11.17 4159956198 DtkPub                   -ÉRINTŐ 1,790EUR    0,",Kimenő,VÁSÁRLÁS KÁRTYÁVAL,3Dye4gBbAdPQSto3WbqgkBu6lrj2,none,,3812c5e2-2644-403a-9772-dba58e11cf2e,11,2025,0,False,4,False,False,47,17,30,7206.666666666667,81,583740.0,223100.0,300.0,False,,,30.0,0.0,1869.75,12,0.001182033096926714
570.0,Szórakozás,2025-11-17 21:38:16,"2025.11.17 4159956198 DtkPub                   -ÉRINTŐ 1,480EUR    0,",Kimenő,VÁSÁRLÁS KÁRTYÁVAL,3Dye4gBbAdPQSto3WbqgkBu6lrj2,none,,75af7a0e-daff-473f-9a32-f5106802f2fe,11,2025,0,False,4,False,False,47,17,30,7206.666666666667,81,583740.0,223100.0,300.0,False,,,30.0,0.0,1869.75,12,0.000976462123548155
909.0,Bevásárlás,2025-11-18 08:37:29,2025.11.18 4159956198 KÁROLYI ABC              -ÉRINTŐ,Kimenő,VÁSÁRLÁS KÁRTYÁVAL,3Dye4gBbAdPQSto3WbqgkBu6lrj2,none,,4daeec37-d4be-4850-a673-0eacd7eb2e12,11,2025,1,False,4,False,False,47,18,30,7206.666666666667,81,583740.0,223100.0,300.0,False,,,30.0,0.0,2438.695652173913,23,0.001557200123342584
350.0,Vendéglátás,2025-11-18 14:06:38,2025.11.18 4159956198 REFERENCIA CAFE KFT      -ÉRINTŐ,Kimenő,VÁSÁRLÁS KÁRTYÁVAL,3Dye4gBbAdPQSto3WbqgkBu6lrj2,none,,e81d8087-ea44-4314-b107-6f17aa344473,11,2025,1,False,4,False,False,47,18,30,7206.666666666667,81,583740.0,223100.0,300.0,False,,,30.0,0.0,1408.4074074074074,27,0.0005995820056874636
1170.0,Vendéglátás,2025-11-18 14:57:23,2025.11.18 4159956198 Csiga PÚksÚg -Bem utca   -ÉRINTŐ,Kimenő,VÁSÁRLÁS KÁRTYÁVAL,3Dye4gBbAdPQSto3WbqgkBu6lrj2,none,,de1a5f93-17bc-4ec7-940a-b0f90ad24d62,11,2025,1,False,4,False,False,47,18,30,7206.666666666667,81,583740.0,223100.0,300.0,False,,,30.0,0.0,1408.4074074074074,27,0.0020043169904409497
940.0,Közlekedés,2025-11-18 15:03:15,2025.11.18 4159956198 SIMPLEP*MÁV,Kimenő,VÁSÁRLÁS KÁRTYÁVAL,3Dye4gBbAdPQSto3WbqgkBu6lrj2,none,,09dbc2d6-18d4-4fbd-837a-fee517398e86,11,2025,1,False,4,False,False,47,18,30,7206.666666666667,81,583740.0,223100.0,300.0,False,,,30.0,0.0,1415.0,2,0.001610305958132045
300.0,Otthon,2025-11-18 18:42:50,2025.11.18 4159956198 ÁRKÁD BUDAPEST           -ÉRINTŐ,Kimenő,VÁSÁRLÁS KÁRTYÁVAL,3Dye4gBbAdPQSto3WbqgkBu6lrj2,none,,4f6a0042-d425-446c-9f83-0a2ba068ba68,11,2025,1,False,4,False,False,47,18,30,7206.666666666667,81,583740.0,223100.0,300.0,False,,,30.0,0.0,3042.5,2,0.0005139274334463973
1900.0,Vendéglátás,2025-11-18 18:51:44,2025.11.19 4159956198 Fusion Befektetesi       -GOOGLE,Kimenő,VÁSÁRLÁS KÁRTYÁVAL,3Dye4gBbAdPQSto3WbqgkBu6lrj2,none,,fd2d36f5-dfb7-4ebb-96eb-e8fb53a353da,11,2025,1,False,4,False,False,47,18,30,7206.666666666667,81,583740.0,223100.0,300.0,False,,,30.0,0.0,1408.4074074074074,27,0.0032548737451605168
599.0,Bevásárlás,2025-11-19 09:12:19,2025.11.19 4159956198 PELLE CSEMEGE            -ÉRINTŐ,Kimenő,VÁSÁRLÁS KÁRTYÁVAL,3Dye4gBbAdPQSto3WbqgkBu6lrj2,none,,b185d4d9-6b01-41ba-b9fd-f7ed0c004804,11,2025,2,False,4,False,False,47,19,30,7206.666666666667,81,583740.0,223100.0,300.0,False,,,30.0,0.0,2438.695652173913,23,0.0010261417754479734
2540.0,Vendéglátás,2025-11-19 11:57:51,2025.11.19 4159956198 BESZEDA ÉS FIAI          -SIMPLE,Kimenő,VÁSÁRLÁS KÁRTYÁVAL,3Dye4gBbAdPQSto3WbqgkBu6lrj2,none,,85ab05b9-2c7c-433e-9e5a-4718f6697b24,11,2025,2,False,4,False,False,47,19,30,7206.666666666667,81,583740.0,223100.0,300.0,False,,,30.0,0.0,1408.4074074074074,27,0.004351252269846164
1185.0,Bevásárlás,2025-11-19 18:02:23,2025.11.19 4159956198 SPAR PARTNER 6911520     -ÉRINTŐ,Kimenő,VÁSÁRLÁS KÁRTYÁVAL,3Dye4gBbAdPQSto3WbqgkBu6lrj2,none,,04019cf9-6e3d-4f1b-a130-fd148fb25b65,11,2025,2,False,4,False,False,47,19,30,7206.666666666667,81,583740.0,223100.0,300.0,False,,,30.0,0.0,2438.695652173913,23,0.0020300133621132697
30000.0,"Egészség, szépség",2025-11-19 18:12:08,"2025.11.19 4159956198 Budapest,VII.Széna tér 7",Kimenő,KÉSZPÉNZFELVÉT ATM-BŐL,3Dye4gBbAdPQSto3WbqgkBu6lrj2,none,,f15b2d8a-9562-44a8-b648-34b08a562aa4,11,2025,2,False,4,False,False,47,19,30,7206.666666666667,81,583740.0,223100.0,300.0,False,,,30.0,0.0,26666.666666666668,3,0.05139274334463974
417.0,Bevásárlás,2025-11-20 09:12:57,2025.11.20 4159956198 LIDL ÁRUHÁZ 0333.SZ.     -SIMPLE,Kimenő,VÁSÁRLÁS KÁRTYÁVAL,3Dye4gBbAdPQSto3WbqgkBu6lrj2,none,,82680051-5d93-4a6c-9b0c-c7da0019c2b8,11,2025,3,False,4,False,False,47,20,30,7206.666666666667,81,583740.0,223100.0,300.0,False,,,30.0,0.0,2438.695652173913,23,0.0007143591324904923
2190.0,Vendéglátás,2025-11-20 11:56:50,2025.11.20 4159956198 BESZEDA ÉS FIAI          -SIMPLE,Kimenő,VÁSÁRLÁS KÁRTYÁVAL,3Dye4gBbAdPQSto3WbqgkBu6lrj2,none,,aebbd5d5-e3fc-4674-b568-70734ed6582b,11,2025,3,False,4,False,False,47,20,30,7206.666666666667,81,583740.0,223100.0,300.0,False,,,30.0,0.0,1408.4074074074074,27,0.003751670264158701
6608.0,Vendéglátás,2025-11-20 21:25:56,"2025.11.20 4159956198 Mixat Udvar              -ÉRINTŐ 17,290EUR    0,",Kimenő,VÁSÁRLÁS KÁRTYÁVAL,3Dye4gBbAdPQSto3WbqgkBu6lrj2,none,,33a7d1f0-41a3-4c05-bbed-7d365398d5c3,11,2025,3,False,4,False,False,47,20,30,7206.666666666667,81,583740.0,223100.0,300.0,False,,,30.0,0.0,1408.4074074074074,27,0.011320108267379312
2490.0,Bevásárlás,2025-11-20 21:35:26,2025.11.20 4159956198 NEMZETI DOHÁNYBOLT       -ÉRINTŐ,Kimenő,VÁSÁRLÁS KÁRTYÁVAL,3Dye4gBbAdPQSto3WbqgkBu6lrj2,none,,b0110114-b3a5-481f-9490-ad0f42c22e8c,11,2025,3,False,4,False,False,47,20,30,7206.666666666667,81,583740.0,223100.0,300.0,False,,,30.0,0.0,2438.695652173913,23,0.004265597697605098
1049.0,Vendéglátás,2025-11-21 12:57:44,"2025.11.21 4159956198 Nyugati 3                -ÉRINTŐ 2,740EUR    0,",Kimenő,VÁSÁRLÁS KÁRTYÁVAL,3Dye4gBbAdPQSto3WbqgkBu6lrj2,none,,f9f212ac-5ba4-444a-9b39-ce313e7802e0,11,2025,4,False,4,False,False,47,21,30,7206.666666666667,81,583740.0,223100.0,300.0,False,,,30.0,0.0,1408.4074074074074,27,0.0017970329256175694
590.0,Vendéglátás,2025-11-21 13:08:02,"2025.11.21 4159956198 NYX*AloisDallmayrAutom   -ÉRINTŐ 1,540EUR    0,",Kimenő,VÁSÁRLÁS KÁRTYÁVAL,3Dye4gBbAdPQSto3WbqgkBu6lrj2,none,,ea5c0c72-3f20-4db0-bbff-e811eec24a8c,11,2025,4,False,4,False,False,47,21,30,7206.666666666667,81,583740.0,223100.0,300.0,False,,,30.0,0.0,1408.4074074074074,27,0.0010107239524445816
450.0,Vendéglátás,2025-11-21 13:08:45,"2025.11.21 4159956198 NYX*AloisDallmayrAutom   -ÉRINTŐ 1,180EUR    0,",Kimenő,VÁSÁRLÁS KÁRTYÁVAL,3Dye4gBbAdPQSto3WbqgkBu6lrj2,none,,da2b58e0-d502-4e07-95ff-ef7b709c5fc3,11,2025,4,False,4,False,False,47,21,30,7206.666666666667,81,583740.0,223100.0,300.0,False,,,30.0,0.0,1408.4074074074074,27,0.000770891150169596
989.0,Bevásárlás,2025-11-21 17:11:18,2025.11.21 4159956198 KÁROLYI ABC              -ÉRINTŐ,Kimenő,VÁSÁRLÁS KÁRTYÁVAL,3Dye4gBbAdPQSto3WbqgkBu6lrj2,none,,967fd62e-1106-4000-b3c3-452488d78e0a,11,2025,4,False,4,False,False,47,21,30,7206.666666666667,81,583740.0,223100.0,300.0,False,,,30.0,0.0,2438.695652173913,23,0.00169424743892829
1200.0,Vendéglátás,2025-11-21 20:04:56,"2025.11.21 4159956198 Stefania Catering Kft.   -ÉRINTŐ 3,140EUR    0,",Kimenő,VÁSÁRLÁS KÁRTYÁVAL,3Dye4gBbAdPQSto3WbqgkBu6lrj2,none,,35d18114-01dd-41ba-85ba-2316a2c57b82,11,2025,4,False,4,False,False,47,21,30,7206.666666666667,81,583740.0,223100.0,300.0,False,,,30.0,0.0,1408.4074074074074,27,0.0020557097337855893
539.0,Bevásárlás,2025-11-21 20:11:20,2025.11.21 4159956198 NAPSUGAR NON STOP        -ÉRINTŐ,Kimenő,VÁSÁRLÁS KÁRTYÁVAL,3Dye4gBbAdPQSto3WbqgkBu6lrj2,none,,30650ed3-c5e5-4273-9d40-1ffd5a44c6b2,11,2025,4,False,4,False,False,47,21,30,7206.666666666667,81,583740.0,223100.0,300.0,False,,,30.0,0.0,2438.695652173913,23,0.0009233562887586939
1518.0,Bevásárlás,2025-11-22 00:29:45,2025.11.22 4159956198 TESCO 41420              -ÉRINTŐ,Kimenő,VÁSÁRLÁS KÁRTYÁVAL,3Dye4gBbAdPQSto3WbqgkBu6lrj2,none,,a798e600-5cf3-4aa8-878e-942de21c33d5,11,2025,5,True,4,False,False,47,22,30,7206.666666666667,81,583740.0,223100.0,300.0,False,,,30.0,0.0,2438.695652173913,23,0.0026004728132387705
6667.0,Bevásárlás,2025-11-22 16:39:07,2025.11.22 4159956198 LIDL ÁRUHÁZ 0365.SZ.     -SIMPLE,Kimenő,VÁSÁRLÁS KÁRTYÁVAL,3Dye4gBbAdPQSto3WbqgkBu6lrj2,none,,923ba39d-c5d9-4abf-a1ad-7398e323b93c,11,2025,5,True,4,False,False,47,22,30,7206.666666666667,81,583740.0,223100.0,300.0,False,,,30.0,0.0,2438.695652173913,23,0.011421180662623771
1890.0,Közlekedés,2025-11-23 12:40:08,2025.11.23 4159956198 SIMPLE MOBILJEGY,Kimenő,VÁSÁRLÁS KÁRTYÁVAL,3Dye4gBbAdPQSto3WbqgkBu6lrj2,none,,8865f746-520e-4edc-8fa9-77b77979c8d7,11,2025,6,True,4,False,False,47,23,30,7206.666666666667,81,583740.0,223100.0,300.0,False,,,30.0,0.0,1415.0,2,0.0032377428307123032
749.0,Vendéglátás,2025-11-23 18:07:47,"2025.11.23 4159956198 ORS BeKaVeZo             -ÉRINTŐ 1,950EUR    0,",Kimenő,VÁSÁRLÁS KÁRTYÁVAL,3Dye4gBbAdPQSto3WbqgkBu6lrj2,none,,c516f840-2d0f-4f4f-85c8-820c6fd7b6c8,11,2025,6,True,4,False,False,47,23,30,7206.666666666667,81,583740.0,223100.0,300.0,False,,,30.0,0.0,1408.4074074074074,27,0.0012831054921711722
1986.0,Bevásárlás,2025-11-24 15:03:38,2025.11.24 4159956198 LIDL ÁRUHÁZ 0365.SZ.     -SIMPLE,Kimenő,VÁSÁRLÁS KÁRTYÁVAL,3Dye4gBbAdPQSto3WbqgkBu6lrj2,none,,4781cb67-3013-42f4-9071-0d143ae2497b,11,2025,0,False,4,False,False,48,24,30,7206.666666666667,81,583740.0,223100.0,300.0,False,,,30.0,0.0,2438.695652173913,23,0.0034021996094151506
4308.0,Bevásárlás,2025-11-24 15:16:29,2025.11.24 4159956198 MAXI MARK Mall Kft.      -SIMPLE,Kimenő,VÁSÁRLÁS KÁRTYÁVAL,3Dye4gBbAdPQSto3WbqgkBu6lrj2,none,,16af697a-ae8f-4736-9a73-7261e161ca39,11,2025,0,False,4,False,False,48,24,30,7206.666666666667,81,583740.0,223100.0,300.0,False,,,30.0,0.0,2438.695652173913,23,0.007379997944290266
972.0,Bevásárlás,2025-11-24 17:58:36,2025.11.24 4159956198 LIDL ÁRUHÁZ 0365.SZ.     -SIMPLE,Kimenő,VÁSÁRLÁS KÁRTYÁVAL,3Dye4gBbAdPQSto3WbqgkBu6lrj2,none,,c1bb9364-2327-4133-816f-f6904dac1f99,11,2025,0,False,4,False,False,48,24,30,7206.666666666667,81,583740.0,223100.0,300.0,False,,,30.0,0.0,2438.695652173913,23,0.0016651248843663274
1500.0,"Számlák, rezsi",2025-11-24 18:46:09,"2025.11.24 4159956198 SQUARETRADE EUROPE 3,910EUR    0,",Kimenő,VÁSÁRLÁS KÁRTYÁVAL,3Dye4gBbAdPQSto3WbqgkBu6lrj2,none,,0302bc72-f931-4ac4-a5f1-bc2951ff0b59,11,2025,0,False,4,False,False,48,24,30,7206.666666666667,81,583740.0,223100.0,300.0,False,,,30.0,0.0,4862.666666666667,3,0.002569637167231987
620.0,Szórakozás,2025-11-24 20:01:27,"2025.11.24 4159956198 DtkPub                   -ÉRINTŐ 1,620EUR    0,",Kimenő,VÁSÁRLÁS KÁRTYÁVAL,3Dye4gBbAdPQSto3WbqgkBu6lrj2,none,,79a9c2b3-05d3-4ebb-ab6d-8db5c4f9afe6,11,2025,0,False,4,False,False,48,24,30,7206.666666666667,81,583740.0,223100.0,300.0,False,,,30.0,0.0,1869.75,12,0.0010621166957892213
620.0,Szórakozás,2025-11-24 21:23:28,"2025.11.24 4159956198 DtkPub                   -ÉRINTŐ 1,620EUR    0,",Kimenő,VÁSÁRLÁS KÁRTYÁVAL,3Dye4gBbAdPQSto3WbqgkBu6lrj2,none,,245f52e2-7b66-472c-b59b-675a3366ad91,11,2025,0,False,4,False,False,48,24,30,7206.666666666667,81,583740.0,223100.0,300.0,False,,,30.0,0.0,1869.75,12,0.0010621166957892213
650.0,Szórakozás,2025-11-24 22:52:43,"2025.11.24 4159956198 DtkPub                   -ÉRINTŐ 1,700EUR    0,",Kimenő,VÁSÁRLÁS KÁRTYÁVAL,3Dye4gBbAdPQSto3WbqgkBu6lrj2,none,,7f73af3b-29c1-42ce-9afd-c5ea7349e776,11,2025,0,False,4,False,False,48,24,30,7206.666666666667,81,583740.0,223100.0,300.0,False,,,30.0,0.0,1869.75,12,0.001113509439133861
774.0,Bevásárlás,2025-11-25 12:31:04,2025.11.25 4159956198 KÁROLYI ABC              -ÉRINTŐ,Kimenő,VÁSÁRLÁS KÁRTYÁVAL,3Dye4gBbAdPQSto3WbqgkBu6lrj2,none,,1b2a59cc-9765-4628-a0d8-836a8d37d08c,11,2025,1,False,4,False,True,48,25,30,7206.666666666667,81,583740.0,223100.0,300.0,False,,,30.0,0.0,2438.695652173913,23,0.001325932778291705
6788.0,Szórakozás,2025-11-27 15:16:40,2025.11.27 4159956198 SIMPLEP*kepregenyplusz,Kimenő,VÁSÁRLÁS KÁRTYÁVAL,3Dye4gBbAdPQSto3WbqgkBu6lrj2,none,,7067fb49-8593-4f2d-919b-97829a3f1b29,11,2025,3,False,4,False,True,48,27,30,7206.666666666667,81,583740.0,223100.0,300.0,False,,,30.0,0.0,1869.75,12,0.011628464727447151
1798.0,Bevásárlás,2025-11-28 11:50:46,2025.11.28 4159956198 511.COOP ÜZLET           -ÉRINTŐ,Kimenő,VÁSÁRLÁS KÁRTYÁVAL,3Dye4gBbAdPQSto3WbqgkBu6lrj2,none,,fd3b7c57-4d18-4b9d-8f32-f9faffbe3075,11,2025,4,False,4,False,True,48,28,30,7206.666666666667,81,583740.0,223100.0,300.0,False,,,30.0,0.0,2438.695652173913,23,0.0030801384177887416
858.0,Bevásárlás,2025-11-29 11:34:31,2025.11.29 4159956198 511.COOP ÜZLET           -SIMPLE,Kimenő,VÁSÁRLÁS KÁRTYÁVAL,3Dye4gBbAdPQSto3WbqgkBu6lrj2,none,,22459c65-a958-44ec-8b4f-14da58b975a5,11,2025,5,True,4,False,True,48,29,30,7206.666666666667,81,583740.0,223100.0,300.0,False,,,30.0,0.0,2438.695652173913,23,0.0014698324596566965
3168.0,Bevásárlás,2025-11-29 11:37:09,2025.11.29 4159956198 NEMZETI DOHÁNYBOLT       -SIMPLE,Kimenő,VÁSÁRLÁS KÁRTYÁVAL,3Dye4gBbAdPQSto3WbqgkBu6lrj2,none,,29e2a24a-72f3-4b68-b5eb-04adb1591b9e,11,2025,5,True,4,False,True,48,29,30,7206.666666666667,81,583740.0,223100.0,300.0,False,,,30.0,0.0,2438.695652173913,23,0.005427073697193956
1396.0,Bevásárlás,2025-11-29 17:43:24,2025.11.29 4159956198 NEMZETI DOHÁNYBOLT       -ÉRINTŐ,Kimenő,VÁSÁRLÁS KÁRTYÁVAL,3Dye4gBbAdPQSto3WbqgkBu6lrj2,none,,80fc311f-95ae-484c-b15b-5b3bf97e112e,11,2025,5,True,4,False,True,48,29,30,7206.666666666667,81,583740.0,223100.0,300.0,False,,,30.0,0.0,2438.695652173913,23,0.002391475656970569
260.0,Bevásárlás,2025-12-01 07:25:35,2025.12.01 4159956198 KÁROLYI ABC              -SIMPLE,Kimenő,VÁSÁRLÁS KÁRTYÁVAL,3Dye4gBbAdPQSto3WbqgkBu6lrj2,none,,37bacad7-6126-4a81-9347-9b3475327738,12,2025,0,False,4,True,False,49,1,31,7763.148936170212,94,729736.0,223100.0,179.0,False,,,30.0,0.0,3551.1290322580644,31,0.00035629323481368606
8478.0,"Számlák, rezsi",2025-12-01 07:33:08,2025.12.01 4159956198 SIMPLEP*one,Kimenő,VÁSÁRLÁS KÁRTYÁVAL,3Dye4gBbAdPQSto3WbqgkBu6lrj2,none,,88e0d06d-3889-4d66-8f45-2876ff8c6020,12,2025,0,False,4,True,False,49,1,31,7763.148936170212,94,729736.0,223100.0,179.0,False,,,30.0,0.0,9941.0,6,0.01161790017211704
500.0,Egyéb,2025-12-01 08:03:00,,Kimenő,ESETI MEGBÍZÁSOK KÖLTSÉGE,3Dye4gBbAdPQSto3WbqgkBu6lrj2,none,,5293b17c-e45d-488e-b2f5-cf25f3feadc9,12,2025,0,False,4,True,False,49,1,31,7763.148936170212,94,729736.0,223100.0,179.0,False,,,30.0,0.0,374.75,4,0.000685179297718627
100000.0,Utalás,2025-12-01 08:03:16,Varga Bence - Decemberi lakbér,Kimenő,AZONNALI FIZETÉS,3Dye4gBbAdPQSto3WbqgkBu6lrj2,none,,5e5572d4-4fb3-4252-87d8-be94a310ecf7,12,2025,0,False,4,True,False,49,1,31,7763.148936170212,94,729736.0,223100.0,179.0,False,,,30.0,0.0,45784.783672595375,1,0.1370358595437254
2076.0,Bevásárlás,2025-12-01 14:11:14,2025.12.01 4159956198 AUCHAN SZEGED            -SIMPLE,Kimenő,VÁSÁRLÁS KÁRTYÁVAL,3Dye4gBbAdPQSto3WbqgkBu6lrj2,none,,6bb9a7bc-d075-43c2-8520-224ae7ba29e5,12,2025,0,False,4,True,False,49,1,31,7763.148936170212,94,729736.0,223100.0,179.0,False,,,30.0,0.0,3551.1290322580644,31,0.0028448644441277393
560.0,Vendéglátás,2025-12-02 09:56:55,2025.12.02 4159956198 Csiga PÚksÚg -Bem utca   -ÉRINTŐ,Kimenő,VÁSÁRLÁS KÁRTYÁVAL,3Dye4gBbAdPQSto3WbqgkBu6lrj2,none,,2cc25862-b44b-46e2-8f75-e4754712e832,12,2025,1,False,4,True,False,49,2,31,7763.148936170212,94,729736.0,223100.0,179.0,False,,,30.0,0.0,1414.148148148148,27,0.0007674008134448623
410.0,Vendéglátás,2025-12-02 10:00:13,"2025.12.02 4159956198 NYX*AloisDallmayrAutom   -SIMPLE 1,080EUR    0,",Kimenő,VÁSÁRLÁS KÁRTYÁVAL,3Dye4gBbAdPQSto3WbqgkBu6lrj2,none,,c8ea59dd-4fe8-48eb-bfc6-d9be147db282,12,2025,1,False,4,True,False,49,2,31,7763.148936170212,94,729736.0,223100.0,179.0,False,,,30.0,0.0,1414.148148148148,27,0.0005618470241292742
940.0,Közlekedés,2025-12-02 10:07:20,2025.12.02 4159956198 SIMPLEP*MÁV,Kimenő,VÁSÁRLÁS KÁRTYÁVAL,3Dye4gBbAdPQSto3WbqgkBu6lrj2,none,,f5511865-6036-48ed-a675-f9ec973ec6f0,12,2025,1,False,4,True,False,49,2,31,7763.148936170212,94,729736.0,223100.0,179.0,False,,,30.0,0.0,1308.2857142857142,7,0.0012881370797110188
1250.0,Vendéglátás,2025-12-02 21:21:35,"2025.12.02 4159956198 Cooltour Bar             -ÉRINTŐ 3,280EUR    0,",Kimenő,VÁSÁRLÁS KÁRTYÁVAL,3Dye4gBbAdPQSto3WbqgkBu6lrj2,none,,67ef2b3a-5df4-44cb-8dfa-588792f140be,12,2025,1,False,4,True,False,49,2,31,7763.148936170212,94,729736.0,223100.0,179.0,False,,,30.0,0.0,1414.148148148148,27,0.0017129482442965675
1140.0,Vendéglátás,2025-12-02 22:13:52,"2025.12.02 4159956198 Cooltour Bar             -ÉRINTŐ 2,990EUR    0,",Kimenő,VÁSÁRLÁS KÁRTYÁVAL,3Dye4gBbAdPQSto3WbqgkBu6lrj2,none,,89d46f0b-066b-4abe-af34-f7594cb4f51e,12,2025,1,False,4,True,False,49,2,31,7763.148936170212,94,729736.0,223100.0,179.0,False,,,30.0,0.0,1414.148148148148,27,0.0015622087987984697
2190.0,Vendéglátás,2025-12-03 11:53:41,2025.12.03 4159956198 BESZEDA ÉS FIAI          -ÉRINTŐ,Kimenő,VÁSÁRLÁS KÁRTYÁVAL,3Dye4gBbAdPQSto3WbqgkBu6lrj2,none,,86bbdea9-b78e-4dac-b716-6bb7801dd3d8,12,2025,2,False,4,True,False,49,3,31,7763.148936170212,94,729736.0,223100.0,179.0,False,,,30.0,0.0,1414.148148148148,27,0.0030010853240075865
25000.0,"Egészség, szépség",2025-12-03 17:56:46,"2025.12.03 4159956198 Budapest,VII.Széna tér 7",Kimenő,KÉSZPÉNZFELVÉT ATM-BŐL,3Dye4gBbAdPQSto3WbqgkBu6lrj2,none,,95ebd5b1-1cf9-4f71-bed2-1538c7802be3,12,2025,2,False,4,True,False,49,3,31,7763.148936170212,94,729736.0,223100.0,179.0,False,,,30.0,0.0,18587.5,6,0.03425896488593135
449.0,Bevásárlás,2025-12-03 18:08:02,2025.12.03 4159956198 CBA PR°MA KRISZTINA      -ÉRINTŐ,Kimenő,VÁSÁRLÁS KÁRTYÁVAL,3Dye4gBbAdPQSto3WbqgkBu6lrj2,none,,9ef80c44-fc65-4cc2-9a61-f359a6eefbaa,12,2025,2,False,4,True,False,49,3,31,7763.148936170212,94,729736.0,223100.0,179.0,False,,,30.0,0.0,3551.1290322580644,31,0.000615291009351327
2190.0,Vendéglátás,2025-12-04 12:11:03,2025.12.04 4159956198 BESZEDA ÉS FIAI          -ÉRINTŐ,Kimenő,VÁSÁRLÁS KÁRTYÁVAL,3Dye4gBbAdPQSto3WbqgkBu6lrj2,none,,92bcc93c-09ef-4ec1-a65a-5fafffcdbf41,12,2025,3,False,4,True,False,49,4,31,7763.148936170212,94,729736.0,223100.0,179.0,False,,,30.0,0.0,1414.148148148148,27,0.0030010853240075865
940.0,Közlekedés,2025-12-04 15:11:21,2025.12.04 4159956198 SIMPLEP*MÁV,Kimenő,VÁSÁRLÁS KÁRTYÁVAL,3Dye4gBbAdPQSto3WbqgkBu6lrj2,none,,6795dbcf-00f6-4a39-a349-926476faa007,12,2025,3,False,4,True,False,49,4,31,7763.148936170212,94,729736.0,223100.0,179.0,False,,,30.0,0.0,1308.2857142857142,7,0.0012881370797110188
850.0,Vendéglátás,2025-12-04 15:23:58,2025.12.04 4159956198 MCD NYUGATI              -ÉRINTŐ,Kimenő,VÁSÁRLÁS KÁRTYÁVAL,3Dye4gBbAdPQSto3WbqgkBu6lrj2,none,,a0317e28-1e08-4b61-b9f6-4955bf9d2299,12,2025,3,False,4,True,False,49,4,31,7763.148936170212,94,729736.0,223100.0,179.0,False,,,30.0,0.0,1414.148148148148,27,0.001164804806121666
510.0,Bevásárlás,2025-12-05 08:22:38,2025.12.05 4159956198 KÁROLYI ABC              -ÉRINTŐ,Kimenő,VÁSÁRLÁS KÁRTYÁVAL,3Dye4gBbAdPQSto3WbqgkBu6lrj2,none,,4cc5a975-7e5e-4d9b-948b-d3c024538acb,12,2025,4,False,4,True,False,49,5,31,7763.148936170212,94,729736.0,223100.0,179.0,False,,,30.0,0.0,3551.1290322580644,31,0.0006988828836729995
2175.0,Bevásárlás,2025-12-05 12:22:32,2025.12.05 4159956198 SPAR 615. SZ.            -ÉRINTŐ,Kimenő,VÁSÁRLÁS KÁRTYÁVAL,3Dye4gBbAdPQSto3WbqgkBu6lrj2,none,,8eee9b6e-e710-45e3-8dd2-29450b4f6694,12,2025,4,False,4,True,False,49,5,31,7763.148936170212,94,729736.0,223100.0,179.0,False,,,30.0,0.0,3551.1290322580644,31,0.0029805299450760274
1950.0,Vendéglátás,2025-12-05 12:28:26,2025.12.05 4159956198 TRÓJA ÉTELBÁR            -ÉRINTŐ,Kimenő,VÁSÁRLÁS KÁRTYÁVAL,3Dye4gBbAdPQSto3WbqgkBu6lrj2,none,,a7bdbf82-29f7-4009-a4a9-e05d6ba8070b,12,2025,4,False,4,True,False,49,5,31,7763.148936170212,94,729736.0,223100.0,179.0,False,,,30.0,0.0,1414.148148148148,27,0.0026721992611026452
10000.0,Nem kategorizált,2025-12-05 16:06:00,,Bejövő,AZONNALI FIZETÉS,3Dye4gBbAdPQSto3WbqgkBu6lrj2,none,,8d4ccf87-62d8-4881-90d0-58666ff5fe67,12,2025,4,False,4,True,False,49,5,31,7763.148936170212,94,729736.0,223100.0,179.0,False,,,30.0,0.0,45784.783672595375,5,0.01370358595437254
9560.0,Szórakozás,2025-12-05 20:22:06,2025.12.05 4159956198 CINEMA CITY SZEGED       -ÉRINTŐ,Kimenő,VÁSÁRLÁS KÁRTYÁVAL,3Dye4gBbAdPQSto3WbqgkBu6lrj2,none,,0f3c5b48-7d07-4f22-bafa-e16c2c5a6395,12,2025,4,False,4,True,False,49,5,31,7763.148936170212,94,729736.0,223100.0,179.0,False,,,30.0,0.0,4360.166666666667,6,0.013100628172380148
1700.0,Vendéglátás,2025-12-05 20:24:35,2025.12.05 4159956198 B CINEMA CITY SZEGED     -ÉRINTŐ,Kimenő,VÁSÁRLÁS KÁRTYÁVAL,3Dye4gBbAdPQSto3WbqgkBu6lrj2,none,,49148405-74ac-4f21-8179-50aa337eb3db,12,2025,4,False,4,True,False,49,5,31,7763.148936170212,94,729736.0,223100.0,179.0,False,,,30.0,0.0,1414.148148148148,27,0.002329609612243332
4780.0,Nem kategorizált,2025-12-06 13:32:51,,Bejövő,AZONNALI FIZETÉS,3Dye4gBbAdPQSto3WbqgkBu6lrj2,none,,402d1c1f-52ae-43c5-8f03-dca3204adffc,12,2025,5,True,4,False,False,49,6,31,7763.148936170212,94,729736.0,223100.0,179.0,False,,,30.0,0.0,45784.783672595375,5,0.006550314086190074
846.0,Bevásárlás,2025-12-07 11:27:27,2025.12.07 4159956198 PENNY 9550300188         -SIMPLE,Kimenő,VÁSÁRLÁS KÁRTYÁVAL,3Dye4gBbAdPQSto3WbqgkBu6lrj2,none,,166f1e31-c4e8-4fc1-b9c0-35910328d5af,12,2025,6,True,4,False,False,49,7,31,7763.148936170212,94,729736.0,223100.0,179.0,False,,,30.0,0.0,3551.1290322580644,31,0.001159323371739917
3070.0,Vendéglátás,2025-12-07 16:28:12,2025.12.07 4159956198 HELOPAY*STUDIO55         -ÉRINTŐ,Kimenő,VÁSÁRLÁS KÁRTYÁVAL,3Dye4gBbAdPQSto3WbqgkBu6lrj2,none,,02d0468c-323c-42b3-8fb7-b32181ba8416,12,2025,6,True,4,False,False,49,7,31,7763.148936170212,94,729736.0,223100.0,179.0,False,,,30.0,0.0,1414.148148148148,27,0.0042070008879923695
1799.0,Vendéglátás,2025-12-07 18:48:39,2025.12.07 4159956198 HELOPAY*STUDIO55         -ÉRINTŐ,Kimenő,VÁSÁRLÁS KÁRTYÁVAL,3Dye4gBbAdPQSto3WbqgkBu6lrj2,none,,f82a2c06-de58-4abf-b752-52e48a9c4da5,12,2025,6,True,4,False,False,49,7,31,7763.148936170212,94,729736.0,223100.0,179.0,False,,,30.0,0.0,1414.148148148148,27,0.00246527511319162
22042.0,"Számlák, rezsi",2025-12-08 09:42:39,2025.12.08 4159956198 SIMPLEP*allianz,Kimenő,VÁSÁRLÁS KÁRTYÁVAL,3Dye4gBbAdPQSto3WbqgkBu6lrj2,none,,c1b69706-50c2-462b-9da8-bdf38d64beac,12,2025,0,False,4,False,False,50,8,31,7763.148936170212,94,729736.0,223100.0,179.0,False,,,30.0,0.0,9941.0,6,0.030205444160627953
1800.0,Vendéglátás,2025-12-08 13:52:04,2025.12.08 4159956198 SZOTE  telbąr Kft.       -ÉRINTŐ,Kimenő,VÁSÁRLÁS KÁRTYÁVAL,3Dye4gBbAdPQSto3WbqgkBu6lrj2,none,,ab9b357e-eb08-4b6d-bd10-d16f1f98d512,12,2025,0,False,4,False,False,50,8,31,7763.148936170212,94,729736.0,223100.0,179.0,False,,,30.0,0.0,1414.148148148148,27,0.0024666454717870573
519.0,Bevásárlás,2025-12-08 17:59:15,2025.12.08 4159956198 KÁROLYI ABC              -ÉRINTŐ,Kimenő,VÁSÁRLÁS KÁRTYÁVAL,3Dye4gBbAdPQSto3WbqgkBu6lrj2,none,,488eafb0-8155-4808-81dc-54f29c25de74,12,2025,0,False,4,False,False,50,8,31,7763.148936170212,94,729736.0,223100.0,179.0,False,,,30.0,0.0,3551.1290322580644,31,0.0007112161110319348
1260.0,Szórakozás,2025-12-08 19:18:27,"2025.12.08 4159956198 DtkPub                   -ÉRINTŐ 3,300EUR    0,",Kimenő,VÁSÁRLÁS KÁRTYÁVAL,3Dye4gBbAdPQSto3WbqgkBu6lrj2,none,,9d61c6a3-32cd-457d-affb-8e8d5476db82,12,2025,0,False,4,False,False,50,8,31,7763.148936170212,94,729736.0,223100.0,179.0,False,,,30.0,0.0,4360.166666666667,6,0.00172665183025094
640.0,Szórakozás,2025-12-08 22:55:45,"2025.12.08 4159956198 DtkPub                   -ÉRINTŐ 1,670EUR    0,",Kimenő,VÁSÁRLÁS KÁRTYÁVAL,3Dye4gBbAdPQSto3WbqgkBu6lrj2,none,,072591b9-6545-416a-8619-d025ff582a6d,12,2025,0,False,4,False,False,50,8,31,7763.148936170212,94,729736.0,223100.0,179.0,False,,,30.0,0.0,4360.166666666667,6,0.0008770295010798425
249.0,Bevásárlás,2025-12-09 00:06:33,2025.12.09 4159956198 15. SZ. KISKER           -ÉRINTŐ,Kimenő,VÁSÁRLÁS KÁRTYÁVAL,3Dye4gBbAdPQSto3WbqgkBu6lrj2,none,,e075388a-7640-4d82-b35a-ff8d5c5d628c,12,2025,1,False,4,False,False,50,9,31,7763.148936170212,94,729736.0,223100.0,179.0,False,,,30.0,0.0,3551.1290322580644,31,0.0003412192902638763
5451.0,"Számlák, rezsi",2025-12-09 04:09:13,"2025.12.09 4159956198 Netflix.com 13,990EUR  389,6100",Kimenő,VÁSÁRLÁS KÁRTYÁVAL,3Dye4gBbAdPQSto3WbqgkBu6lrj2,none,,7fb39553-6dbb-480a-a426-14bfd8ac7743,12,2025,1,False,4,False,False,50,9,31,7763.148936170212,94,729736.0,223100.0,179.0,False,,,30.0,0.0,9941.0,6,0.007469824703728471
389.0,Bevásárlás,2025-12-09 09:12:21,2025.12.09 4159956198 KÁROLYI ABC              -ÉRINTŐ,Kimenő,VÁSÁRLÁS KÁRTYÁVAL,3Dye4gBbAdPQSto3WbqgkBu6lrj2,none,,1f723b01-42c4-4358-b076-56fb22d2cca7,12,2025,1,False,4,False,False,50,9,31,7763.148936170212,94,729736.0,223100.0,179.0,False,,,30.0,0.0,3551.1290322580644,31,0.0005330694936250918
350.0,Vendéglátás,2025-12-09 13:52:26,2025.12.09 4159956198 REFERENCIA CAFE KFT      -ÉRINTŐ,Kimenő,VÁSÁRLÁS KÁRTYÁVAL,3Dye4gBbAdPQSto3WbqgkBu6lrj2,none,,28639bea-407a-441b-9cb4-7502ddc399e6,12,2025,1,False,4,False,False,50,9,31,7763.148936170212,94,729736.0,223100.0,179.0,False,,,30.0,0.0,1414.148148148148,27,0.0004796255084030389
1170.0,Vendéglátás,2025-12-09 17:56:29,2025.12.09 4159956198 Csiga PÚksÚg -Bem utca   -ÉRINTŐ,Kimenő,VÁSÁRLÁS KÁRTYÁVAL,3Dye4gBbAdPQSto3WbqgkBu6lrj2,none,,ef92ae60-b7d3-4290-b65f-da8adf83f682,12,2025,1,False,4,False,False,50,9,31,7763.148936170212,94,729736.0,223100.0,179.0,False,,,30.0,0.0,1414.148148148148,27,0.0016033195566615872
279.0,Bevásárlás,2025-12-10 09:15:48,2025.12.10 4159956198 LIDL ÁRUHÁZ 0333.SZ.     -SIMPLE,Kimenő,VÁSÁRLÁS KÁRTYÁVAL,3Dye4gBbAdPQSto3WbqgkBu6lrj2,none,,b6e7d99b-13ed-4e9c-8149-ddaa269408f4,12,2025,2,False,4,False,False,50,10,31,7763.148936170212,94,729736.0,223100.0,179.0,False,,,30.0,0.0,3551.1290322580644,31,0.0003823300481269939
2365.0,Vendéglátás,2025-12-10 12:44:27,2025.12.10 4159956198 BESZEDA ÉS FIAI          -ÉRINTŐ,Kimenő,VÁSÁRLÁS KÁRTYÁVAL,3Dye4gBbAdPQSto3WbqgkBu6lrj2,none,,3216bb4d-1b02-4bd1-8abb-c24a3fc2c1f4,12,2025,2,False,4,False,False,50,10,31,7763.148936170212,94,729736.0,223100.0,179.0,False,,,30.0,0.0,1414.148148148148,27,0.0032408980782091057
223100.0,Nem kategorizált,2025-12-10 15:48:00,Munkabér utalás,Bejövő,NAPKÖZBENI ÁTUTALÁS (CSOPORTOS),3Dye4gBbAdPQSto3WbqgkBu6lrj2,none,,957cf64e-6c0a-4d81-94ce-0b40a738cbf7,12,2025,2,False,4,False,False,50,10,31,7763.148936170212,94,729736.0,223100.0,179.0,False,,,30.0,0.0,45784.783672595375,5,0.13806386351302935
25400.0,Nem kategorizált,2025-12-10 15:49:00,GIROKOZLEMENY,Bejövő,NAPKÖZBENI ÁTUTALÁS (CSOPORTOS),3Dye4gBbAdPQSto3WbqgkBu6lrj2,none,,380faccc-79c9-4b37-a991-7c16b245ae47,12,2025,2,False,4,False,False,50,10,31,7763.148936170212,94,729736.0,223100.0,179.0,False,,,30.0,0.0,45784.783672595375,5,0.03480710832410625
333.0,Egyéb,2025-12-10 19:21:00,,Kimenő,ESETI MEGBÍZÁSOK KÖLTSÉGE,3Dye4gBbAdPQSto3WbqgkBu6lrj2,none,,b597a4b9-d267-44e5-8024-48a0fa9bedb5,12,2025,2,False,4,False,False,50,10,31,7763.148936170212,94,729736.0,223100.0,179.0,False,,,30.0,0.0,374.75,4,0.0004563294122806056
27000.0,"Egészség, szépség",2025-12-10 19:21:51,Tt-2025-583,Kimenő,AZONNALI FIZETÉS,3Dye4gBbAdPQSto3WbqgkBu6lrj2,none,,469359c5-b431-4f8c-885b-9d1e75733e00,12,2025,2,False,4,False,False,50,10,31,7763.148936170212,94,729736.0,223100.0,179.0,False,,,30.0,0.0,18587.5,6,0.03699968207680586
1050.0,Vendéglátás,2025-12-11 12:10:36,2025.12.12 4159956198 Fusion Befektetesi       -GOOGLE,Kimenő,VÁSÁRLÁS KÁRTYÁVAL,3Dye4gBbAdPQSto3WbqgkBu6lrj2,none,,26e39a91-2e22-4b89-b6da-eb87c922c43d,12,2025,3,False,4,False,False,50,11,31,7763.148936170212,94,729736.0,223100.0,179.0,False,,,30.0,0.0,1414.148148148148,27,0.0014388765252091168
940.0,Közlekedés,2025-12-11 18:21:41,2025.12.11 4159956198 SIMPLEP*MÁV,Kimenő,VÁSÁRLÁS KÁRTYÁVAL,3Dye4gBbAdPQSto3WbqgkBu6lrj2,none,,74e63d7b-4d26-4e7f-97f4-d62ac6e4cc01,12,2025,3,False,4,False,False,50,11,31,7763.148936170212,94,729736.0,223100.0,179.0,False,,,30.0,0.0,1308.2857142857142,7,0.0012881370797110188
260.0,Bevásárlás,2025-12-12 07:02:34,2025.12.12 4159956198 KÁROLYI ABC              -SIMPLE,Kimenő,VÁSÁRLÁS KÁRTYÁVAL,3Dye4gBbAdPQSto3WbqgkBu6lrj2,none,,f9f447be-29d1-45a0-a7af-b2372e0d1be9,12,2025,4,False,4,False,False,50,12,31,7763.148936170212,94,729736.0,223100.0,179.0,False,,,30.0,0.0,3551.1290322580644,31,0.00035629323481368606
400.0,Bevásárlás,2025-12-12 07:51:11,2025.12.12 4159956198 KÁROLYI ABC              -SIMPLE,Kimenő,VÁSÁRLÁS KÁRTYÁVAL,3Dye4gBbAdPQSto3WbqgkBu6lrj2,none,,c200631d-225d-4827-8961-671d3197bbfe,12,2025,4,False,4,False,False,50,12,31,7763.148936170212,94,729736.0,223100.0,179.0,False,,,30.0,0.0,3551.1290322580644,31,0.0005481434381749016
15035.0,"Számlák, rezsi",2025-12-12 13:03:56,2025.12.12 4159956198 SIMPLEP*NEPTUN.U-SZEGE,Kimenő,VÁSÁRLÁS KÁRTYÁVAL,3Dye4gBbAdPQSto3WbqgkBu6lrj2,none,,a3422c47-6a68-4314-8bfa-6bd064e52d14,12,2025,4,False,4,False,False,50,12,31,7763.148936170212,94,729736.0,223100.0,179.0,False,,,30.0,0.0,9941.0,6,0.020603341482399114
430.0,Vendéglátás,2025-12-12 17:09:35,"2025.12.12 4159956198 NYX*AloisDallmayrAutom   -ÉRINTŐ 1,120EUR    0,",Kimenő,VÁSÁRLÁS KÁRTYÁVAL,3Dye4gBbAdPQSto3WbqgkBu6lrj2,none,,bd16a15f-3d25-48ff-9f0b-c9cae9371e6e,12,2025,4,False,4,False,False,50,12,31,7763.148936170212,94,729736.0,223100.0,179.0,False,,,30.0,0.0,1414.148148148148,27,0.0005892541960380193
7663.0,"Egészség, szépség",2025-12-14 17:07:36,2025.12.14 4159956198 DM 216 GYULA             -ÉRINTŐ,Kimenő,VÁSÁRLÁS KÁRTYÁVAL,3Dye4gBbAdPQSto3WbqgkBu6lrj2,none,,5a74a5c1-600b-49f6-b2b5-2afc4db7b5a8,12,2025,6,True,4,False,False,50,14,31,7763.148936170212,94,729736.0,223100.0,179.0,False,,,30.0,0.0,18587.5,6,0.010501057916835678
4497.0,Bevásárlás,2025-12-14 17:58:19,2025.12.14 4159956198 SPAR 5270                -ÉRINTŐ,Kimenő,VÁSÁRLÁS KÁRTYÁVAL,3Dye4gBbAdPQSto3WbqgkBu6lrj2,none,,2e727b3b-e79e-44ea-baf4-66b1666bd425,12,2025,6,True,4,False,False,50,14,31,7763.148936170212,94,729736.0,223100.0,179.0,False,,,30.0,0.0,3551.1290322580644,31,0.006162502603681332
460.0,Vendéglátás,2025-12-15 15:52:30,2025.12.15 4159956198 HELOPAY*DITI PEKSEG V    -SIMPLE,Kimenő,VÁSÁRLÁS KÁRTYÁVAL,3Dye4gBbAdPQSto3WbqgkBu6lrj2,none,,f8b2244f-5fd3-4e93-a3a2-82f6226074b7,12,2025,0,False,4,False,False,51,15,31,7763.148936170212,94,729736.0,223100.0,179.0,False,,,30.0,0.0,1414.148148148148,27,0.0006303649539011368
820.0,Vendéglátás,2025-12-15 17:01:33,"2025.12.15 4159956198 Legenda Bufe             -ÉRINTŐ 2,140EUR    0,",Kimenő,VÁSÁRLÁS KÁRTYÁVAL,3Dye4gBbAdPQSto3WbqgkBu6lrj2,none,,57ac3418-072b-4da7-90a7-c0c4000a6342,12,2025,0,False,4,False,False,51,15,31,7763.148936170212,94,729736.0,223100.0,179.0,False,,,30.0,0.0,1414.148148148148,27,0.0011236940482585484
2038.0,Közlekedés,2025-12-16 05:15:29,2025.12.16 4159956198 BÉKÉSCSABA MÁV           -ÉRINTŐ,Kimenő,VÁSÁRLÁS KÁRTYÁVAL,3Dye4gBbAdPQSto3WbqgkBu6lrj2,none,,2179b7ac-7f87-4916-8022-58b100331827,12,2025,1,False,4,False,False,51,16,31,7763.148936170212,94,729736.0,223100.0,179.0,False,,,30.0,0.0,1308.2857142857142,7,0.0027927908175011235
3862.0,"Egészség, szépség",2025-12-16 08:54:13,2025.12.16 4159956198 DM 319.SZ.               -ÉRINTŐ,Kimenő,VÁSÁRLÁS KÁRTYÁVAL,3Dye4gBbAdPQSto3WbqgkBu6lrj2,none,,6392d32e-5023-4533-a3b9-9c343ee25ea4,12,2025,1,False,4,False,False,51,16,31,7763.148936170212,94,729736.0,223100.0,179.0,False,,,30.0,0.0,18587.5,6,0.005292324895578675
549.0,Bevásárlás,2025-12-16 09:04:56,2025.12.16 4159956198 SPAR 0190                -ÉRINTŐ,Kimenő,VÁSÁRLÁS KÁRTYÁVAL,3Dye4gBbAdPQSto3WbqgkBu6lrj2,none,,474c318a-fbcc-4c02-b9d7-761ac593839e,12,2025,1,False,4,False,False,51,16,31,7763.148936170212,94,729736.0,223100.0,179.0,False,,,30.0,0.0,3551.1290322580644,31,0.0007523268688950525
200.0,Otthon,2025-12-16 16:56:52,2025.12.16 4159956198 KÖKI Bevásárlóközp.      -ÉRINTŐ,Kimenő,VÁSÁRLÁS KÁRTYÁVAL,3Dye4gBbAdPQSto3WbqgkBu6lrj2,none,,d0cf82df-8cd4-4814-96d1-705d31b0c1b8,12,2025,1,False,4,False,False,51,16,31,7763.148936170212,94,729736.0,223100.0,179.0,False,,,30.0,0.0,200.0,1,0.0002740717190874508
1974.0,Bevásárlás,2025-12-16 17:23:13,2025.12.16 4159956198 TESCO 41059 ÖNKISZOLG    -ÉRINTŐ,Kimenő,VÁSÁRLÁS KÁRTYÁVAL,3Dye4gBbAdPQSto3WbqgkBu6lrj2,none,,a935a2aa-1c3a-4cdc-80df-7b66da87ee47,12,2025,1,False,4,False,False,51,16,31,7763.148936170212,94,729736.0,223100.0,179.0,False,,,30.0,0.0,3551.1290322580644,31,0.0027050878673931396
2190.0,Vendéglátás,2025-12-17 11:59:32,2025.12.17 4159956198 BESZEDA ÉS FIAI          -ÉRINTŐ,Kimenő,VÁSÁRLÁS KÁRTYÁVAL,3Dye4gBbAdPQSto3WbqgkBu6lrj2,none,,b8506d74-4834-4e4d-bad5-9e514de98c32,12,2025,2,False,4,False,False,51,17,31,7763.148936170212,94,729736.0,223100.0,179.0,False,,,30.0,0.0,1414.148148148148,27,0.0030010853240075865
1698.0,Bevásárlás,2025-12-17 18:14:17,2025.12.17 4159956198 CBA PR°MA KRISZTINA      -ÉRINTŐ,Kimenő,VÁSÁRLÁS KÁRTYÁVAL,3Dye4gBbAdPQSto3WbqgkBu6lrj2,none,,f2932f8d-a039-4aaa-8aab-e533d24b6c6c,12,2025,2,False,4,False,False,51,17,31,7763.148936170212,94,729736.0,223100.0,179.0,False,,,30.0,0.0,3551.1290322580644,31,0.0023268688950524572
333.0,Egyéb,2025-12-17 19:13:00,,Kimenő,ESETI MEGBÍZÁSOK KÖLTSÉGE,3Dye4gBbAdPQSto3WbqgkBu6lrj2,none,,3222e75e-e51c-43c1-bf0e-0ed19d019f35,12,2025,2,False,4,False,False,51,17,31,7763.148936170212,94,729736.0,223100.0,179.0,False,,,30.0,0.0,374.75,4,0.0004563294122806056
23000.0,"Egészség, szépség",2025-12-17 19:13:57,Tt-2025-592,Kimenő,AZONNALI FIZETÉS,3Dye4gBbAdPQSto3WbqgkBu6lrj2,none,,90eb159a-cf88-40dc-bd95-cc016226d2ce,12,2025,2,False,4,False,False,51,17,31,7763.148936170212,94,729736.0,223100.0,179.0,False,,,30.0,0.0,18587.5,6,0.031518247695056845
199.0,Bevásárlás,2025-12-18 09:05:02,2025.12.18 4159956198 LIDL ÁRUHÁZ 0333.SZ.     -ÉRINTŐ,Kimenő,VÁSÁRLÁS KÁRTYÁVAL,3Dye4gBbAdPQSto3WbqgkBu6lrj2,none,,9b5ec9a4-3580-4f3b-acb4-29edac514655,12,2025,3,False,4,False,False,51,18,31,7763.148936170212,94,729736.0,223100.0,179.0,False,,,30.0,0.0,3551.1290322580644,31,0.00027270136049201355
20293.0,Bevásárlás,2025-12-18 17:12:55,2025.12.18 4159956198 AUCHAN ÚJHEGY            -ÉRINTŐ,Kimenő,VÁSÁRLÁS KÁRTYÁVAL,3Dye4gBbAdPQSto3WbqgkBu6lrj2,none,,ce8928b2-cffa-467e-9656-4d0912f40131,12,2025,3,False,4,False,False,51,18,31,7763.148936170212,94,729736.0,223100.0,179.0,False,,,30.0,0.0,3551.1290322580644,31,0.027808686977208195
4214.0,Bevásárlás,2025-12-18 17:28:56,2025.12.18 4159956198 LIDL ÁRUHÁZ 0181.SZ.     -ÉRINTŐ,Kimenő,VÁSÁRLÁS KÁRTYÁVAL,3Dye4gBbAdPQSto3WbqgkBu6lrj2,none,,5d1a2121-9379-4c85-af24-c7fd826c5df8,12,2025,3,False,4,False,False,51,18,31,7763.148936170212,94,729736.0,223100.0,179.0,False,,,30.0,0.0,3551.1290322580644,31,0.005774691121172589
179.0,Bevásárlás,2025-12-19 09:11:01,2025.12.19 4159956198 LIDL ÁRUHÁZ 0333.SZ.     -ÉRINTŐ,Kimenő,VÁSÁRLÁS KÁRTYÁVAL,3Dye4gBbAdPQSto3WbqgkBu6lrj2,none,,8764cf52-c3b5-43ef-aaeb-7fdb3321af44,12,2025,4,False,4,False,False,51,19,31,7763.148936170212,94,729736.0,223100.0,179.0,False,,,30.0,0.0,3551.1290322580644,31,0.0002452941885832685
2520.0,Vendéglátás,2025-12-19 14:41:16,2025.12.20 4159956198 Fusion Befektetesi       -GOOGLE,Kimenő,VÁSÁRLÁS KÁRTYÁVAL,3Dye4gBbAdPQSto3WbqgkBu6lrj2,none,,d88aa244-2159-4ad1-8780-52cc118d1f35,12,2025,4,False,4,False,False,51,19,31,7763.148936170212,94,729736.0,223100.0,179.0,False,,,30.0,0.0,1414.148148148148,27,0.00345330366050188
6970.0,Szórakozás,2025-12-19 15:24:01,2025.12.19 4159956198 1029 ÁRKÁD ALULJÁRÓ      -ÉRINTŐ,Kimenő,VÁSÁRLÁS KÁRTYÁVAL,3Dye4gBbAdPQSto3WbqgkBu6lrj2,none,,78e5985d-80a2-4757-ac13-1b0eb02c5aaf,12,2025,4,False,4,False,False,51,19,31,7763.148936170212,94,729736.0,223100.0,179.0,False,,,30.0,0.0,4360.166666666667,6,0.009551399410197661
699.0,Bevásárlás,2025-12-19 15:27:06,2025.12.19 4159956198 SPAR PARTNER             -ÉRINTŐ,Kimenő,VÁSÁRLÁS KÁRTYÁVAL,3Dye4gBbAdPQSto3WbqgkBu6lrj2,none,,f1486d2f-688f-48e7-8bb3-c986fb430668,12,2025,4,False,4,False,False,51,19,31,7763.148936170212,94,729736.0,223100.0,179.0,False,,,30.0,0.0,3551.1290322580644,31,0.0009578806582106405
868.0,Bevásárlás,2025-12-19 22:09:19,2025.12.19 4159956198 NEMZETI DOHÁNYBOLT       -ÉRINTŐ,Kimenő,VÁSÁRLÁS KÁRTYÁVAL,3Dye4gBbAdPQSto3WbqgkBu6lrj2,none,,bb30dab7-231d-41c0-9102-3a4fde41b20d,12,2025,4,False,4,False,False,51,19,31,7763.148936170212,94,729736.0,223100.0,179.0,False,,,30.0,0.0,3551.1290322580644,31,0.0011894712608395365
1350.0,Vendéglátás,2025-12-19 22:25:57,2025.12.19 4159956198 MCD SZEGED 1.            -ÉRINTŐ,Kimenő,VÁSÁRLÁS KÁRTYÁVAL,3Dye4gBbAdPQSto3WbqgkBu6lrj2,none,,e2f81914-727a-4ae6-83a9-b1d660183a80,12,2025,4,False,4,False,False,51,19,31,7763.148936170212,94,729736.0,223100.0,179.0,False,,,30.0,0.0,1414.148148148148,27,0.001849984103840293
2486.0,Bevásárlás,2025-12-20 12:39:55,2025.12.20 4159956198 TESCO 41420 ÖNKISZOLG    -ÉRINTŐ,Kimenő,VÁSÁRLÁS KÁRTYÁVAL,3Dye4gBbAdPQSto3WbqgkBu6lrj2,none,,73dfb19d-cc55-4b4c-bda1-1bf4dcd7c665,12,2025,5,True,4,False,False,51,20,31,7763.148936170212,94,729736.0,223100.0,179.0,False,,,30.0,0.0,3551.1290322580644,31,0.0034067114682570137
841.0,Közlekedés,2025-12-21 10:10:58,2025.12.21 4159956198 SIMPLEP*MÁV,Kimenő,VÁSÁRLÁS KÁRTYÁVAL,3Dye4gBbAdPQSto3WbqgkBu6lrj2,none,,b966ae0e-3d26-49ba-8317-02f9fef54d14,12,2025,6,True,4,False,False,51,21,31,7763.148936170212,94,729736.0,223100.0,179.0,False,,,30.0,0.0,1308.2857142857142,7,0.0011524715787627306
700.0,Vendéglátás,2025-12-21 10:14:59,2025.12.21 4159956198 Csiga PÚksÚg -Bem utca   -SIMPLE,Kimenő,VÁSÁRLÁS KÁRTYÁVAL,3Dye4gBbAdPQSto3WbqgkBu6lrj2,none,,6481cb0c-25b6-4edc-8b5c-af4e0c344621,12,2025,6,True,4,False,False,51,21,31,7763.148936170212,94,729736.0,223100.0,179.0,False,,,30.0,0.0,1414.148148148148,27,0.0009592510168060778
300.0,Bevásárlás,2025-12-21 16:50:38,"2025.12.21 4159956198 Vendo Box Keleti pu.     -ÉRINTŐ 0,770EUR    0,",Kimenő,VÁSÁRLÁS KÁRTYÁVAL,3Dye4gBbAdPQSto3WbqgkBu6lrj2,none,,9776bb31-fdfa-4c8c-814c-2460971cf0bf,12,2025,6,True,4,False,False,51,21,31,7763.148936170212,94,729736.0,223100.0,179.0,False,,,30.0,0.0,3551.1290322580644,31,0.0004111075786311762
3785.0,Bevásárlás,2025-12-22 14:32:39,2025.12.22 4159956198 511.COOP ÜZLET           -SIMPLE,Kimenő,VÁSÁRLÁS KÁRTYÁVAL,3Dye4gBbAdPQSto3WbqgkBu6lrj2,none,,a1199ef0-8c50-41bd-9f00-f71450bcdfe0,12,2025,0,False,4,False,False,52,22,31,7763.148936170212,94,729736.0,223100.0,179.0,False,,,30.0,0.0,3551.1290322580644,31,0.005186807283730006
4246.0,Bevásárlás,2025-12-23 13:00:54,2025.12.23 4159956198 TESCO 41026 ÖNKISZOLG    -SIMPLE,Kimenő,VÁSÁRLÁS KÁRTYÁVAL,3Dye4gBbAdPQSto3WbqgkBu6lrj2,none,,2e3aab64-f7b9-40ac-aa8d-08c935640e7c,12,2025,1,False,4,False,False,52,23,31,7763.148936170212,94,729736.0,223100.0,179.0,False,,,30.0,0.0,3551.1290322580644,31,0.005818542596226581
2500.0,Szórakozás,2025-12-23 13:07:59,2025.12.23 4159956198 L°RA KÖNYVESBOLT         -ÉRINTŐ,Kimenő,VÁSÁRLÁS KÁRTYÁVAL,3Dye4gBbAdPQSto3WbqgkBu6lrj2,none,,5940faf8-d01d-42ca-b55f-cc8db0e3d07f,12,2025,1,False,4,False,False,52,23,31,7763.148936170212,94,729736.0,223100.0,179.0,False,,,30.0,0.0,4360.166666666667,6,0.003425896488593135
2388.0,Bevásárlás,2025-12-23 13:44:44,2025.12.23 4159956198 511.COOP ÜZLET           -ÉRINTŐ,Kimenő,VÁSÁRLÁS KÁRTYÁVAL,3Dye4gBbAdPQSto3WbqgkBu6lrj2,none,,2375a4e5-2aa8-4556-90fe-63c811c19ce3,12,2025,1,False,4,False,False,52,23,31,7763.148936170212,94,729736.0,223100.0,179.0,False,,,30.0,0.0,3551.1290322580644,31,0.003272416325904163
2990.0,Vendéglátás,2025-12-23 13:47:10,"2025.12.23 4159956198 ZSARNOCZAY ES FIVERE     -ÉRINTŐ 7,720EUR    0,",Kimenő,VÁSÁRLÁS KÁRTYÁVAL,3Dye4gBbAdPQSto3WbqgkBu6lrj2,none,,ca6ba90a-99fe-49a3-9b52-4bb4f2c1bd06,12,2025,1,False,4,False,False,52,23,31,7763.148936170212,94,729736.0,223100.0,179.0,False,,,30.0,0.0,1414.148148148148,27,0.00409737220035739
1500.0,"Számlák, rezsi",2025-12-24 18:46:11,"2025.12.24 4159956198 SQUARETRADE EUROPE 3,850EUR    0,",Kimenő,VÁSÁRLÁS KÁRTYÁVAL,3Dye4gBbAdPQSto3WbqgkBu6lrj2,none,,cfffc13f-3d23-4378-aad7-d7107c4fbf6e,12,2025,2,False,4,False,False,52,24,31,7763.148936170212,94,729736.0,223100.0,179.0,False,,,30.0,0.0,9941.0,6,0.002055537893155881
5231.0,Szórakozás,2025-12-25 21:23:12,"2025.12.25 4159956198 PMG EV 13,410EUR    0,",Kimenő,VÁSÁRLÁS KÁRTYÁVAL,3Dye4gBbAdPQSto3WbqgkBu6lrj2,none,,586ea8f7-f50f-4f52-bf13-e17627603805,12,2025,3,False,4,False,False,52,25,31,7763.148936170212,94,729736.0,223100.0,179.0,False,,,30.0,0.0,4360.166666666667,6,0.007168345812732276
7140.0,"Számlák, rezsi",2025-12-26 10:54:35,2025.12.26 4159956198 SIMPLEP*one,Kimenő,VÁSÁRLÁS KÁRTYÁVAL,3Dye4gBbAdPQSto3WbqgkBu6lrj2,none,,8c53c122-4957-4dcb-9a7f-85b51a5df9d9,12,2025,4,False,4,False,True,52,26,31,7763.148936170212,94,729736.0,223100.0,179.0,False,,,30.0,0.0,9941.0,6,0.009784360371421994
10000.0,Nem kategorizált,2025-12-27 10:26:31,,Bejövő,AZONNALI FIZETÉS,3Dye4gBbAdPQSto3WbqgkBu6lrj2,none,,53d30291-6421-4478-8541-f55072cb6c38,12,2025,5,True,4,False,True,52,27,31,7763.148936170212,94,729736.0,223100.0,179.0,False,,,30.0,0.0,45784.783672595375,5,0.01370358595437254
1890.0,Közlekedés,2025-12-28 14:22:17,2025.12.28 4159956198 SIMPLE MOBILJEGY,Kimenő,VÁSÁRLÁS KÁRTYÁVAL,3Dye4gBbAdPQSto3WbqgkBu6lrj2,none,,5072b69e-1dfd-4050-ba65-1b5e12d55615,12,2025,6,True,4,False,True,52,28,31,7763.148936170212,94,729736.0,223100.0,179.0,False,,,30.0,0.0,1308.2857142857142,7,0.00258997774537641
1356.0,Bevásárlás,2025-12-28 15:43:03,2025.12.28 4159956198 PENNY 9550300188         -ÉRINTŐ,Kimenő,VÁSÁRLÁS KÁRTYÁVAL,3Dye4gBbAdPQSto3WbqgkBu6lrj2,none,,3bac7502-bb54-464b-8e10-8e2cada9a98c,12,2025,6,True,4,False,True,52,28,31,7763.148936170212,94,729736.0,223100.0,179.0,False,,,30.0,0.0,3551.1290322580644,31,0.0018582062554129163
1280.0,Vendéglátás,2025-12-29 11:43:07,"2025.12.29 4159956198 Lipoti Pekseg Margit u   -ÉRINTŐ 3,290EUR    0,",Kimenő,VÁSÁRLÁS KÁRTYÁVAL,3Dye4gBbAdPQSto3WbqgkBu6lrj2,none,,09ec1129-97e5-4caf-9104-b1162fcc6927,12,2025,0,False,4,False,True,1,29,31,7763.148936170212,94,729736.0,223100.0,179.0,False,,,30.0,0.0,1414.148148148148,27,0.001754059002159685
549.0,Vendéglátás,2025-12-29 13:01:28,2025.12.29 4159956198 Keleti TSB Fornetti al   -ÉRINTŐ,Kimenő,VÁSÁRLÁS KÁRTYÁVAL,3Dye4gBbAdPQSto3WbqgkBu6lrj2,none,,ee8787e3-1afb-45c2-817e-84c365086859,12,2025,0,False,4,False,True,1,29,31,7763.148936170212,94,729736.0,223100.0,179.0,False,,,30.0,0.0,1414.148148148148,27,0.0007523268688950525
27162.0,Bevásárlás,2025-12-30 12:04:38,2025.12.30 4159956198 LIDL ÁRUHÁZ 0121.SZ.     -SIMPLE,Kimenő,VÁSÁRLÁS KÁRTYÁVAL,3Dye4gBbAdPQSto3WbqgkBu6lrj2,none,,cb0f52c3-e102-41db-ae46-091d00b1f293,12,2025,1,False,4,False,True,1,30,31,7763.148936170212,94,729736.0,223100.0,179.0,False,,,30.0,0.0,3551.1290322580644,31,0.03722168016926669
24480.0,Bevásárlás,2025-12-30 16:43:06,2025.12.30 4159956198 Alza.hu Kft.,Kimenő,VÁSÁRLÁS KÁRTYÁVAL,3Dye4gBbAdPQSto3WbqgkBu6lrj2,none,,f1e54e07-9e77-4e71-91bf-fe727b73d18e,12,2025,1,False,4,False,True,1,30,31,7763.148936170212,94,729736.0,223100.0,179.0,False,,,30.0,0.0,3551.1290322580644,31,0.03354637841630398
333.0,Egyéb,2025-12-30 17:36:00,,Kimenő,ESETI MEGBÍZÁSOK KÖLTSÉGE,3Dye4gBbAdPQSto3WbqgkBu6lrj2,none,,cded6081-966b-40f0-b9b2-8f7aaace306f,12,2025,1,False,4,False,True,1,30,31,7763.148936170212,94,729736.0,223100.0,179.0,False,,,30.0,0.0,374.75,4,0.0004563294122806056
25000.0,"Egészség, szépség",2025-12-30 17:36:01,,Kimenő,AZONNALI FIZETÉS,3Dye4gBbAdPQSto3WbqgkBu6lrj2,none,,bced1528-f503-4152-9146-f101ad63be94,12,2025,1,False,4,False,True,1,30,31,7763.148936170212,94,729736.0,223100.0,179.0,False,,,30.0,0.0,18587.5,6,0.03425896488593135
1569.0,Közlekedés,2025-12-31 10:01:35,2025.12.31 4159956198 BÉKÉSCSABA MÁV           -ÉRINTŐ,Kimenő,VÁSÁRLÁS KÁRTYÁVAL,3Dye4gBbAdPQSto3WbqgkBu6lrj2,none,,731f0355-5b8b-4f8d-af6d-346ff2f444c6,12,2025,2,False,4,False,True,1,31,31,7763.148936170212,94,729736.0,223100.0,179.0,False,,,30.0,0.0,1308.2857142857142,7,0.0021500926362410517
300.0,Bevásárlás,2025-12-31 12:59:09,"2025.12.31 4159956198 Vendo Box Keleti pu.     -SIMPLE 0,780EUR    0,",Kimenő,VÁSÁRLÁS KÁRTYÁVAL,3Dye4gBbAdPQSto3WbqgkBu6lrj2,none,,c12ec99e-b66d-4ad2-b932-9c2bc50ca2d6,12,2025,2,False,4,False,True,1,31,31,7763.148936170212,94,729736.0,223100.0,179.0,False,,,30.0,0.0,3551.1290322580644,31,0.0004111075786311762
1049.0,Vendéglátás,2025-12-31 13:05:07,"2025.12.31 4159956198 Keleti Trio              -ÉRINTŐ 2,720EUR    0,",Kimenő,VÁSÁRLÁS KÁRTYÁVAL,3Dye4gBbAdPQSto3WbqgkBu6lrj2,none,,e98c029d-ddd7-4446-96ee-d96084e8dc51,12,2025,2,False,4,False,True,1,31,31,7763.148936170212,94,729736.0,223100.0,179.0,False,,,30.0,0.0,1414.148148148148,27,0.0014375061666136795
7.0,"Számlák, rezsi",2026-01-01 06:29:00,10 SZOCHO alap: 10 SZOCHO összeg: 1 Kamatadó: 2,Bejövő,KAMATJÓVÁÍRÁS,3Dye4gBbAdPQSto3WbqgkBu6lrj2,none,,2493c693-017e-495c-8233-c91a5acffb94,1,2026,3,False,1,True,False,1,1,31,7676.795698924731,93,713942.0,238050.0,2.0,False,,,30.0,0.0,8648.875,8,9.804718030316189e-06
2.0,"Számlák, rezsi",2026-01-01 06:33:00,4 SZOCHO alap: 4 SZOCHO összeg: 1 Kamatadó: 1,Bejövő,KAMATJÓVÁÍRÁS,3Dye4gBbAdPQSto3WbqgkBu6lrj2,none,,ebf5f6a2-ce44-49d5-80d3-22aef22d2775,1,2026,3,False,1,True,False,1,1,31,7676.795698924731,93,713942.0,238050.0,2.0,False,,,30.0,0.0,8648.875,8,2.801348008661768e-06
841.0,Közlekedés,2026-01-01 17:39:09,2026.01.01 4159956198 SIMPLEP*MÁV,Kimenő,VÁSÁRLÁS KÁRTYÁVAL,3Dye4gBbAdPQSto3WbqgkBu6lrj2,none,,2ef7b862-73d1-43b3-9663-c8d6ab83b63f,1,2026,3,False,1,True,False,1,1,31,7676.795698924731,93,713942.0,238050.0,2.0,False,,,30.0,0.0,1190.6666666666667,3,0.0011779668376422734
300.0,Bevásárlás,2026-01-01 17:39:40,"2026.01.01 4159956198 Vendo Box Keleti pu.     -ÉRINTŐ 0,780EUR    0,",Kimenő,VÁSÁRLÁS KÁRTYÁVAL,3Dye4gBbAdPQSto3WbqgkBu6lrj2,none,,778ef5df-5249-4fd7-a956-567e155446d2,1,2026,3,False,1,True,False,1,1,31,7676.795698924731,93,713942.0,238050.0,2.0,False,,,30.0,0.0,2269.0,27,0.0004202022012992652
1790.0,Bevásárlás,2026-01-03 11:21:47,2026.01.03 4159956198 511.COOP ÜZLET           -ÉRINTŐ,Kimenő,VÁSÁRLÁS KÁRTYÁVAL,3Dye4gBbAdPQSto3WbqgkBu6lrj2,none,,d3a710f6-43ae-40d8-b261-af3d984fe3cc,1,2026,5,True,1,True,False,1,3,31,7676.795698924731,93,713942.0,238050.0,2.0,False,,,30.0,0.0,2269.0,27,0.0025072064677522823
500.0,Egyéb,2026-01-03 12:03:00,,Kimenő,ESETI MEGBÍZÁSOK KÖLTSÉGE,3Dye4gBbAdPQSto3WbqgkBu6lrj2,none,,94d8476b-a625-4b73-85b0-80426482c0ab,1,2026,5,True,1,True,False,1,3,31,7676.795698924731,93,713942.0,238050.0,2.0,False,,,30.0,0.0,1177.5,8,0.000700337002165442
100000.0,Utalás,2026-01-03 12:03:47,Varga Bence - lakbér - 2026 január,Kimenő,AZONNALI FIZETÉS,3Dye4gBbAdPQSto3WbqgkBu6lrj2,none,,0677bd5d-5ab6-4859-8f72-1456ddb4b005,1,2026,5,True,1,True,False,1,3,31,7676.795698924731,93,713942.0,238050.0,2.0,False,,,30.0,0.0,45784.783672595375,1,0.13806386351302935
510.0,Bevásárlás,2026-01-05 08:26:17,2026.01.05 4159956198 KÁROLYI ABC              -ÉRINTŐ,Kimenő,VÁSÁRLÁS KÁRTYÁVAL,3Dye4gBbAdPQSto3WbqgkBu6lrj2,none,,960c3240-8c80-488b-b8e5-42fc5e6c1270,1,2026,0,False,1,True,False,2,5,31,7676.795698924731,93,713942.0,238050.0,2.0,False,,,30.0,0.0,2269.0,27,0.0007143437422087508
400.0,Bevásárlás,2026-01-05 09:02:15,2026.01.05 4159956198 KÁROLYI ABC              -ÉRINTŐ,Kimenő,VÁSÁRLÁS KÁRTYÁVAL,3Dye4gBbAdPQSto3WbqgkBu6lrj2,none,,1a4aba60-085a-43f9-b66d-bd1df5649e5b,1,2026,0,False,1,True,False,2,5,31,7676.795698924731,93,713942.0,238050.0,2.0,False,,,30.0,0.0,2269.0,27,0.0005602696017323536
5899.0,Bevásárlás,2026-01-05 16:25:14,2026.01.05 4159956198 LIDL ÁRUHÁZ 0365.SZ.     -SIMPLE,Kimenő,VÁSÁRLÁS KÁRTYÁVAL,3Dye4gBbAdPQSto3WbqgkBu6lrj2,none,,85ee8372-8a3e-4ee6-949c-55785e178474,1,2026,0,False,1,True,False,2,5,31,7676.795698924731,93,713942.0,238050.0,2.0,False,,,30.0,0.0,2269.0,27,0.008262575951547885
5020.0,Szórakozás,2026-01-05 16:50:29,2026.01.05 4159956198 cinemacity.hu,Kimenő,VÁSÁRLÁS KÁRTYÁVAL,3Dye4gBbAdPQSto3WbqgkBu6lrj2,none,,2c654a26-7d11-4700-a09d-24fb8d958dfc,1,2026,0,False,1,True,False,2,5,31,7676.795698924731,93,713942.0,238050.0,2.0,False,,,30.0,0.0,4109.875,8,0.007031383501741038
1800.0,Vendéglátás,2026-01-06 12:26:16,2026.01.06 4159956198 SZOTE  telbąr Kft.       -ÉRINTŐ,Kimenő,VÁSÁRLÁS KÁRTYÁVAL,3Dye4gBbAdPQSto3WbqgkBu6lrj2,none,,c62a5cf4-8069-4abd-a363-3bfe842ac8ee,1,2026,1,False,1,False,False,2,6,31,7676.795698924731,93,713942.0,238050.0,2.0,False,,,30.0,0.0,1625.8846153846155,26,0.002521213207795591
333.0,Egyéb,2026-01-07 19:26:00,,Kimenő,ESETI MEGBÍZÁSOK KÖLTSÉGE,3Dye4gBbAdPQSto3WbqgkBu6lrj2,none,,caaa887a-575a-4e1d-bbde-4e8e48e84f43,1,2026,2,False,1,False,False,2,7,31,7676.795698924731,93,713942.0,238050.0,2.0,False,,,30.0,0.0,1177.5,8,0.0004664244434421844
25000.0,"Egészség, szépség",2026-01-07 19:26:14,Tt-2026-6,Kimenő,AZONNALI FIZETÉS,3Dye4gBbAdPQSto3WbqgkBu6lrj2,none,,83e4c37e-8120-4474-a340-2e61c3e6a73d,1,2026,2,False,1,False,False,2,7,31,7676.795698924731,93,713942.0,238050.0,2.0,False,,,30.0,0.0,25000.0,4,0.0350168501082721
2340.0,Vendéglátás,2026-01-07 19:49:03,2026.01.08 4159956198 Fusion Befektetesi       -GOOGLE,Kimenő,VÁSÁRLÁS KÁRTYÁVAL,3Dye4gBbAdPQSto3WbqgkBu6lrj2,none,,8c5d31be-180e-430e-8227-64c3be60fefd,1,2026,2,False,1,False,False,2,7,31,7676.795698924731,93,713942.0,238050.0,2.0,False,,,30.0,0.0,1625.8846153846155,26,0.0032775771701342685
3915.0,Bevásárlás,2026-01-08 08:16:19,2026.01.08 4159956198 CBA PR°MA CENTENÁRIU     -SIMPLE,Kimenő,VÁSÁRLÁS KÁRTYÁVAL,3Dye4gBbAdPQSto3WbqgkBu6lrj2,none,,cf7ece6d-3181-42ef-a180-2ebf5f21b863,1,2026,3,False,1,False,False,2,8,31,7676.795698924731,93,713942.0,238050.0,2.0,False,,,30.0,0.0,2269.0,27,0.005483638726955411
5199.0,Otthon,2026-01-08 13:52:59,2026.01.08 4159956198 MM ÁRKÁD                 -SIMPLE,Kimenő,VÁSÁRLÁS KÁRTYÁVAL,3Dye4gBbAdPQSto3WbqgkBu6lrj2,none,,f78d5af8-2e75-47bb-b6a3-0e9df7fccadc,1,2026,3,False,1,False,False,2,8,31,7676.795698924731,93,713942.0,238050.0,2.0,False,,,30.0,0.0,2749.5,2,0.007282104148516266
749.0,Vendéglátás,2026-01-08 14:12:30,"2026.01.08 4159956198 Keleti Trio              -ÉRINTŐ 1,950EUR    0,",Kimenő,VÁSÁRLÁS KÁRTYÁVAL,3Dye4gBbAdPQSto3WbqgkBu6lrj2,none,,62c53f12-a643-446d-95f8-a1ecba25d6e6,1,2026,3,False,1,False,False,2,8,31,7676.795698924731,93,713942.0,238050.0,2.0,False,,,30.0,0.0,1625.8846153846155,26,0.0010491048292438322
1390.0,Vendéglátás,2026-01-08 14:29:53,2026.01.08 4159956198 STARBUCKS KELETI         -SIMPLE,Kimenő,VÁSÁRLÁS KÁRTYÁVAL,3Dye4gBbAdPQSto3WbqgkBu6lrj2,none,,8f71757a-3dd3-4f9e-a002-a31073ccdd80,1,2026,3,False,1,False,False,2,8,31,7676.795698924731,93,713942.0,238050.0,2.0,False,,,30.0,0.0,1625.8846153846155,26,0.0019469368660199288
300.0,Bevásárlás,2026-01-08 14:32:35,"2026.01.08 4159956198 Vendo Box Keleti pu.     -ÉRINTŐ 0,780EUR    0,",Kimenő,VÁSÁRLÁS KÁRTYÁVAL,3Dye4gBbAdPQSto3WbqgkBu6lrj2,none,,a6087ddf-66dc-453e-8d06-d95c92303a8e,1,2026,3,False,1,False,False,2,8,31,7676.795698924731,93,713942.0,238050.0,2.0,False,,,30.0,0.0,2269.0,27,0.0004202022012992652
3348.0,Egyéb,2026-01-08 19:27:16,"2026.01.08 4159956198 GITHUB, INC. 8,580EUR  390,1900",Kimenő,VÁSÁRLÁS KÁRTYÁVAL,3Dye4gBbAdPQSto3WbqgkBu6lrj2,none,,465be00a-1d40-4976-a384-e51a3062f9a2,1,2026,3,False,1,False,False,2,8,31,7676.795698924731,93,713942.0,238050.0,2.0,False,,,30.0,0.0,1177.5,8,0.0046894565664998
238050.0,Nem kategorizált,2026-01-09 10:48:00,Munkabér utalás,Bejövő,NAPKÖZBENI ÁTUTALÁS (CSOPORTOS),3Dye4gBbAdPQSto3WbqgkBu6lrj2,none,,87bef3ff-6103-4af2-9681-308281eb3e86,1,2026,4,False,1,False,False,2,9,31,7676.795698924731,93,713942.0,238050.0,2.0,False,,,30.0,0.0,45784.783672595375,3,0.13806386351302935
5459.0,"Számlák, rezsi",2026-01-09 11:56:22,"2026.01.09 4159956198 NETFLIX.COM 13,990EUR  390,1900",Kimenő,VÁSÁRLÁS KÁRTYÁVAL,3Dye4gBbAdPQSto3WbqgkBu6lrj2,none,,b64ebac6-49e0-46aa-9f90-d30d83e01357,1,2026,4,False,1,False,False,2,9,31,7676.795698924731,93,713942.0,238050.0,2.0,False,,,30.0,0.0,8648.875,8,0.007646279389642296
25400.0,Nem kategorizált,2026-01-10 13:46:00,GIROKOZLEMENY,Bejövő,NAPKÖZBENI ÁTUTALÁS (CSOPORTOS),3Dye4gBbAdPQSto3WbqgkBu6lrj2,none,,0ad80d79-e3df-47f7-b1b5-6487e09d3f8b,1,2026,5,True,1,False,False,2,10,31,7676.795698924731,93,713942.0,238050.0,2.0,False,,,30.0,0.0,45784.783672595375,3,0.035577119710004455
8420.0,"Számlák, rezsi",2026-01-10 16:57:50,2026.01.10 4159956198 SIMPLEP*NEPTUN.U-SZEGE,Kimenő,VÁSÁRLÁS KÁRTYÁVAL,3Dye4gBbAdPQSto3WbqgkBu6lrj2,none,,998fdca8-fe08-4fc6-b66c-b3b83c68eee4,1,2026,5,True,1,False,False,2,10,31,7676.795698924731,93,713942.0,238050.0,2.0,False,,,30.0,0.0,8648.875,8,0.011793675116466043
22042.0,"Számlák, rezsi",2026-01-10 17:00:53,2026.01.10 4159956198 SIMPLEP*allianz,Kimenő,VÁSÁRLÁS KÁRTYÁVAL,3Dye4gBbAdPQSto3WbqgkBu6lrj2,none,,83ea06c4-8ed4-4fbf-9516-ebae25e549f8,1,2026,5,True,1,False,False,2,10,31,7676.795698924731,93,713942.0,238050.0,2.0,False,,,30.0,0.0,8648.875,8,0.030873656403461347
333.0,Egyéb,2026-01-11 09:14:00,,Kimenő,ESETI MEGBÍZÁSOK KÖLTSÉGE,3Dye4gBbAdPQSto3WbqgkBu6lrj2,none,,4888020f-be09-4764-94f0-09cc61cd24a5,1,2026,6,True,1,False,False,2,11,31,7676.795698924731,93,713942.0,238050.0,2.0,False,,,30.0,0.0,1177.5,8,0.0004664244434421844
17000.0,Szórakozás,2026-01-11 09:14:55,Pamkutyaaa pamkutyaaa,Kimenő,AZONNALI FIZETÉS,3Dye4gBbAdPQSto3WbqgkBu6lrj2,none,,8ee2e063-04fb-44da-9618-7a482d8f0bb7,1,2026,6,True,1,False,False,2,11,31,7676.795698924731,93,713942.0,238050.0,2.0,False,,,30.0,0.0,4109.875,8,0.023811458073625027
7215.0,Bevásárlás,2026-01-11 11:19:16,2026.01.11 4159956198 LIDL ÁRUHÁZ 0255.SZ.     -SIMPLE,Kimenő,VÁSÁRLÁS KÁRTYÁVAL,3Dye4gBbAdPQSto3WbqgkBu6lrj2,none,,bb0efa0e-badf-41b6-9e32-f0b47d31edfd,1,2026,6,True,1,False,False,2,11,31,7676.795698924731,93,713942.0,238050.0,2.0,False,,,30.0,0.0,2269.0,27,0.010105862941247329
1800.0,Vendéglátás,2026-01-13 12:26:28,2026.01.13 4159956198 BLAZSEKNE H ZSUZSANNA    -ÉRINTŐ,Kimenő,VÁSÁRLÁS KÁRTYÁVAL,3Dye4gBbAdPQSto3WbqgkBu6lrj2,none,,dc13a517-efb7-4bae-9cef-f5106f8acc7c,1,2026,1,False,1,False,False,3,13,31,7676.795698924731,93,713942.0,238050.0,2.0,False,,,30.0,0.0,1625.8846153846155,26,0.002521213207795591
3995.0,Ruházat,2026-01-13 16:49:22,2026.01.13 4159956198 HOUSE BUDAPEST ARKAD     -ÉRINTŐ,Kimenő,VÁSÁRLÁS KÁRTYÁVAL,3Dye4gBbAdPQSto3WbqgkBu6lrj2,none,,ec7f41f4-6356-4e9a-b4b1-c6e09d0d0204,1,2026,1,False,1,False,False,3,13,31,7676.795698924731,93,713942.0,238050.0,2.0,False,,,30.0,0.0,3995.0,1,0.005595692647301882
279.0,Bevásárlás,2026-01-13 16:56:22,2026.01.13 4159956198 SPAR PARTNER             -ÉRINTŐ,Kimenő,VÁSÁRLÁS KÁRTYÁVAL,3Dye4gBbAdPQSto3WbqgkBu6lrj2,none,,576ed0ff-34d0-4aa1-85e5-ec024a570fa1,1,2026,1,False,1,False,False,3,13,31,7676.795698924731,93,713942.0,238050.0,2.0,False,,,30.0,0.0,2269.0,27,0.00039078804720831667
1800.0,Vendéglátás,2026-01-14 13:03:26,2026.01.14 4159956198 BLAZSEKNE H ZSUZSANNA    -ÉRINTŐ,Kimenő,VÁSÁRLÁS KÁRTYÁVAL,3Dye4gBbAdPQSto3WbqgkBu6lrj2,none,,0886ee85-92f6-4374-bf7f-162fd97a9ea3,1,2026,2,False,1,False,False,3,14,31,7676.795698924731,93,713942.0,238050.0,2.0,False,,,30.0,0.0,1625.8846153846155,26,0.002521213207795591
3907.0,Egyéb,2026-01-14 15:27:05,"2026.01.14 4159956198 DISCORD* NITROMONTHLY 9,990EUR  391,0800",Kimenő,VÁSÁRLÁS KÁRTYÁVAL,3Dye4gBbAdPQSto3WbqgkBu6lrj2,none,,e7c31929-4509-46af-b1c2-e3a173b825ec,1,2026,2,False,1,False,False,3,14,31,7676.795698924731,93,713942.0,238050.0,2.0,False,,,30.0,0.0,1177.5,8,0.0054724333349207635
867.0,Bevásárlás,2026-01-14 18:10:42,2026.01.14 4159956198 CBA PR°MA KRISZTINA      -ÉRINTŐ,Kimenő,VÁSÁRLÁS KÁRTYÁVAL,3Dye4gBbAdPQSto3WbqgkBu6lrj2,none,,178a6056-73f7-4bd3-ae9e-439d9f968407,1,2026,2,False,1,False,False,3,14,31,7676.795698924731,93,713942.0,238050.0,2.0,False,,,30.0,0.0,2269.0,27,0.0012143843617548765
333.0,Egyéb,2026-01-14 19:19:00,,Kimenő,ESETI MEGBÍZÁSOK KÖLTSÉGE,3Dye4gBbAdPQSto3WbqgkBu6lrj2,none,,72e48a42-760a-42e6-a9bb-623fa44b5aa0,1,2026,2,False,1,False,False,3,14,31,7676.795698924731,93,713942.0,238050.0,2.0,False,,,30.0,0.0,1177.5,8,0.0004664244434421844
25000.0,"Egészség, szépség",2026-01-14 19:19:08,Tt-2026-18,Kimenő,AZONNALI FIZETÉS,3Dye4gBbAdPQSto3WbqgkBu6lrj2,none,,0ea5c7fb-d911-47e9-bfea-d7579e0c12a8,1,2026,2,False,1,False,False,3,14,31,7676.795698924731,93,713942.0,238050.0,2.0,False,,,30.0,0.0,25000.0,4,0.0350168501082721
300.0,Otthon,2026-01-14 19:44:45,2026.01.14 4159956198 ÁRKÁD BUDAPEST           -ÉRINTŐ,Kimenő,VÁSÁRLÁS KÁRTYÁVAL,3Dye4gBbAdPQSto3WbqgkBu6lrj2,none,,dbe7a14a-fce9-4ba9-bc71-030e5f69a30d,1,2026,2,False,1,False,False,3,14,31,7676.795698924731,93,713942.0,238050.0,2.0,False,,,30.0,0.0,2749.5,2,0.0004202022012992652
2460.0,Vendéglátás,2026-01-14 19:53:31,2026.01.15 4159956198 Fusion Befektetesi       -GOOGLE,Kimenő,VÁSÁRLÁS KÁRTYÁVAL,3Dye4gBbAdPQSto3WbqgkBu6lrj2,none,,dd6e045e-95a7-4b66-8cb2-77dd040b0578,1,2026,2,False,1,False,False,3,14,31,7676.795698924731,93,713942.0,238050.0,2.0,False,,,30.0,0.0,1625.8846153846155,26,0.003445658050653975
2400.0,Nem kategorizált,2026-01-16 13:01:09,20260116_a2519d39-1dd2-4354-8211-103c23eadef0,Bejövő,AZONNALI FIZETÉS,3Dye4gBbAdPQSto3WbqgkBu6lrj2,none,,3c39df9a-f6fe-4b65-8f62-c84ffbd5f4d4,1,2026,4,False,1,False,False,3,16,31,7676.795698924731,93,713942.0,238050.0,2.0,False,,,30.0,0.0,45784.783672595375,3,0.0033616176103941214
749.0,Vendéglátás,2026-01-16 14:13:15,"2026.01.16 4159956198 Keleti Trio              -ÉRINTŐ 1,940EUR    0,",Kimenő,VÁSÁRLÁS KÁRTYÁVAL,3Dye4gBbAdPQSto3WbqgkBu6lrj2,none,,8f040e41-c4a3-44d7-b610-dfc62b61569c,1,2026,4,False,1,False,False,3,16,31,7676.795698924731,93,713942.0,238050.0,2.0,False,,,30.0,0.0,1625.8846153846155,26,0.0010491048292438322
1199.0,Bevásárlás,2026-01-16 14:29:26,2026.01.16 4159956198 ÚTRAVALÓ                 -ÉRINTŐ,Kimenő,VÁSÁRLÁS KÁRTYÁVAL,3Dye4gBbAdPQSto3WbqgkBu6lrj2,none,,f2f1cf96-c31b-47eb-864e-401d10210701,1,2026,4,False,1,False,False,3,16,31,7676.795698924731,93,713942.0,238050.0,2.0,False,,,30.0,0.0,2269.0,27,0.00167940813119273
1800.0,Vendéglátás,2026-01-19 12:26:23,2026.01.19 4159956198 SZOTE  telbąr Kft.       -ÉRINTŐ,Kimenő,VÁSÁRLÁS KÁRTYÁVAL,3Dye4gBbAdPQSto3WbqgkBu6lrj2,none,,aeaf1642-2088-46bc-8b6e-19337c071576,1,2026,0,False,1,False,False,4,19,31,7676.795698924731,93,713942.0,238050.0,2.0,False,,,30.0,0.0,1625.8846153846155,26,0.002521213207795591
276.0,Bevásárlás,2026-01-19 20:02:49,2026.01.19 4159956198 TESCO 41420 ÖNKISZOLG    -ÉRINTŐ,Kimenő,VÁSÁRLÁS KÁRTYÁVAL,3Dye4gBbAdPQSto3WbqgkBu6lrj2,none,,d9006cd4-c6b2-4c38-9d83-4a61776cc205,1,2026,0,False,1,False,False,4,19,31,7676.795698924731,93,713942.0,238050.0,2.0,False,,,30.0,0.0,2269.0,27,0.000386586025195324
398.0,Bevásárlás,2026-01-20 09:26:09,2026.01.20 4159956198 SPAR 615. SZ.            -ÉRINTŐ,Kimenő,VÁSÁRLÁS KÁRTYÁVAL,3Dye4gBbAdPQSto3WbqgkBu6lrj2,none,,852fe993-e9e5-4a43-bc95-ecf8eaf5252c,1,2026,1,False,1,False,False,4,20,31,7676.795698924731,93,713942.0,238050.0,2.0,False,,,30.0,0.0,2269.0,27,0.0005574682537236919
897.0,Bevásárlás,2026-01-20 09:34:31,2026.01.20 4159956198 COOP SZEGEDI NAGYÁ.SZ    -ÉRINTŐ,Kimenő,VÁSÁRLÁS KÁRTYÁVAL,3Dye4gBbAdPQSto3WbqgkBu6lrj2,none,,4970b878-44d4-4669-b492-57866b551913,1,2026,1,False,1,False,False,4,20,31,7676.795698924731,93,713942.0,238050.0,2.0,False,,,30.0,0.0,2269.0,27,0.001256404581884803
10358.0,Bevásárlás,2026-01-20 11:49:37,2026.01.20 4159956198 TESCO 41420 ÖNKISZOLG    -ÉRINTŐ,Kimenő,VÁSÁRLÁS KÁRTYÁVAL,3Dye4gBbAdPQSto3WbqgkBu6lrj2,none,,e502a37e-364d-49c5-8b0d-fffd7b11d23b,1,2026,1,False,1,False,False,4,20,31,7676.795698924731,93,713942.0,238050.0,2.0,False,,,30.0,0.0,2269.0,27,0.014508181336859296
698.0,Bevásárlás,2026-01-20 15:22:59,2026.01.20 4159956198 NEMZETI DOHÁNYBOLT       -ÉRINTŐ,Kimenő,VÁSÁRLÁS KÁRTYÁVAL,3Dye4gBbAdPQSto3WbqgkBu6lrj2,none,,3036882c-6599-4f19-b60f-2f054c6a8e2a,1,2026,1,False,1,False,False,4,20,31,7676.795698924731,93,713942.0,238050.0,2.0,False,,,30.0,0.0,2269.0,27,0.000977670455022957
892.0,Szórakozás,2026-01-20 18:14:41,"2026.01.20 4159956198 DtkPub                   -ÉRINTŐ 2,320EUR    0,",Kimenő,VÁSÁRLÁS KÁRTYÁVAL,3Dye4gBbAdPQSto3WbqgkBu6lrj2,none,,0d6415dd-cf52-43f2-8b82-82c37ff1860d,1,2026,1,False,1,False,False,4,20,31,7676.795698924731,93,713942.0,238050.0,2.0,False,,,30.0,0.0,4109.875,8,0.0012494012118631486
304.0,Szórakozás,2026-01-20 18:36:52,"2026.01.20 4159956198 DtkPub                   -ÉRINTŐ 0,790EUR    0,",Kimenő,VÁSÁRLÁS KÁRTYÁVAL,3Dye4gBbAdPQSto3WbqgkBu6lrj2,none,,17425e61-a153-4785-b13e-6c98268bd5b1,1,2026,1,False,1,False,False,4,20,31,7676.795698924731,93,713942.0,238050.0,2.0,False,,,30.0,0.0,4109.875,8,0.00042580489731658877
7733.0,Bevásárlás,2026-01-21 11:24:12,2026.01.21 4159956198 LIDL ÁRUHÁZ 0365.SZ.     -SIMPLE,Kimenő,VÁSÁRLÁS KÁRTYÁVAL,3Dye4gBbAdPQSto3WbqgkBu6lrj2,none,,470bdcb1-9547-425f-a0c7-1e038a2b97e8,1,2026,2,False,1,False,False,4,21,31,7676.795698924731,93,713942.0,238050.0,2.0,False,,,30.0,0.0,2269.0,27,0.010831412075490727
841.0,Közlekedés,2026-01-21 14:22:47,2026.01.21 4159956198 SIMPLEP*MÁV,Kimenő,VÁSÁRLÁS KÁRTYÁVAL,3Dye4gBbAdPQSto3WbqgkBu6lrj2,none,,f302b1e1-aacf-490e-a966-88d51a7fdb1e,1,2026,2,False,1,False,False,4,21,31,7676.795698924731,93,713942.0,238050.0,2.0,False,,,30.0,0.0,1190.6666666666667,3,0.0011779668376422734
349.0,Bevásárlás,2026-01-21 14:25:49,2026.01.21 4159956198 NEMZETI DOHÁNYBOLT       -ÉRINTŐ,Kimenő,VÁSÁRLÁS KÁRTYÁVAL,3Dye4gBbAdPQSto3WbqgkBu6lrj2,none,,19b10dfc-b17b-4103-a9d8-00818b6f5453,1,2026,2,False,1,False,False,4,21,31,7676.795698924731,93,713942.0,238050.0,2.0,False,,,30.0,0.0,2269.0,27,0.0004888352275114785
749.0,Vendéglátás,2026-01-21 17:31:12,"2026.01.21 4159956198 Nyugati 3                -ÉRINTŐ 1,940EUR    0,",Kimenő,VÁSÁRLÁS KÁRTYÁVAL,3Dye4gBbAdPQSto3WbqgkBu6lrj2,none,,20a1896d-096f-40d3-afb5-8924a80595dd,1,2026,2,False,1,False,False,4,21,31,7676.795698924731,93,713942.0,238050.0,2.0,False,,,30.0,0.0,1625.8846153846155,26,0.0010491048292438322
1215.0,Bevásárlás,2026-01-21 18:04:01,2026.01.21 4159956198 CBA PR°MA KRISZTINA      -ÉRINTŐ,Kimenő,VÁSÁRLÁS KÁRTYÁVAL,3Dye4gBbAdPQSto3WbqgkBu6lrj2,none,,de7e7843-bcba-486e-b3bf-43a92d9a12f5,1,2026,2,False,1,False,False,4,21,31,7676.795698924731,93,713942.0,238050.0,2.0,False,,,30.0,0.0,2269.0,27,0.001701818915262024
333.0,Egyéb,2026-01-21 19:24:00,,Kimenő,ESETI MEGBÍZÁSOK KÖLTSÉGE,3Dye4gBbAdPQSto3WbqgkBu6lrj2,none,,46e04bdb-6a74-491f-bdf2-52e3f80cbadd,1,2026,2,False,1,False,False,4,21,31,7676.795698924731,93,713942.0,238050.0,2.0,False,,,30.0,0.0,1177.5,8,0.0004664244434421844
30000.0,"Egészség, szépség",2026-01-21 19:24:58,Tt-2026-27,Kimenő,AZONNALI FIZETÉS,3Dye4gBbAdPQSto3WbqgkBu6lrj2,none,,d9ff3ed3-f74f-4230-88ec-7cfce61a0388,1,2026,2,False,1,False,False,4,21,31,7676.795698924731,93,713942.0,238050.0,2.0,False,,,30.0,0.0,25000.0,4,0.04202022012992652
179.0,Bevásárlás,2026-01-22 08:57:29,2026.01.22 4159956198 LIDL ÁRUHÁZ 0333.SZ.     -ÉRINTŐ,Kimenő,VÁSÁRLÁS KÁRTYÁVAL,3Dye4gBbAdPQSto3WbqgkBu6lrj2,none,,965f02cf-d533-4bf4-bf98-b9fd443c52d5,1,2026,3,False,1,False,False,4,22,31,7676.795698924731,93,713942.0,238050.0,2.0,False,,,30.0,0.0,2269.0,27,0.0002507206467752282
1900.0,Vendéglátás,2026-01-22 11:43:08,"2026.01.22 4159956198 Jia Le Kinai Bufe        -ÉRINTŐ 4,930EUR    0,",Kimenő,VÁSÁRLÁS KÁRTYÁVAL,3Dye4gBbAdPQSto3WbqgkBu6lrj2,none,,4ed0c8a0-8429-42b2-b2cf-d1b5623cf69f,1,2026,3,False,1,False,False,4,22,31,7676.795698924731,93,713942.0,238050.0,2.0,False,,,30.0,0.0,1625.8846153846155,26,0.0026612806082286795
1280.0,Vendéglátás,2026-01-23 08:27:40,"2026.01.23 4159956198 Lipoti Pekseg Margit u   -ÉRINTŐ 3,340EUR    0,",Kimenő,VÁSÁRLÁS KÁRTYÁVAL,3Dye4gBbAdPQSto3WbqgkBu6lrj2,none,,53fe20e2-d4c1-407f-a6bf-31b591b3a6ca,1,2026,4,False,1,False,False,4,23,31,7676.795698924731,93,713942.0,238050.0,2.0,False,,,30.0,0.0,1625.8846153846155,26,0.0017928627255435316
24246.0,"Számlák, rezsi",2026-01-23 09:26:04,"791204500, vargabence0305@gmail.com",Kimenő,QVIK  FIZETÉS  BANKON BELÜL,3Dye4gBbAdPQSto3WbqgkBu6lrj2,none,,66cf58c6-ca92-4fd9-b8da-3216b41b9094,1,2026,4,False,1,False,False,4,23,31,7676.795698924731,93,713942.0,238050.0,2.0,False,,,30.0,0.0,8648.875,8,0.033960741909006616
3163.0,Szórakozás,2026-01-23 13:56:04,"2026.01.23 4159956198 ILLES-TOTH JUDIT 8,260EUR    0,",Kimenő,VÁSÁRLÁS KÁRTYÁVAL,3Dye4gBbAdPQSto3WbqgkBu6lrj2,none,,1cd199de-310c-4993-8b24-626a7bbf4660,1,2026,4,False,1,False,False,4,23,31,7676.795698924731,93,713942.0,238050.0,2.0,False,,,30.0,0.0,4109.875,8,0.004430331875698587
1049.0,Vendéglátás,2026-01-23 16:47:34,"2026.01.23 4159956198 Keleti Trio              -ÉRINTŐ 2,740EUR    0,",Kimenő,VÁSÁRLÁS KÁRTYÁVAL,3Dye4gBbAdPQSto3WbqgkBu6lrj2,none,,d9354f93-c291-42e8-9db0-a82f8f22daf6,1,2026,4,False,1,False,False,4,23,31,7676.795698924731,93,713942.0,238050.0,2.0,False,,,30.0,0.0,1625.8846153846155,26,0.0014693070305430973
10000.0,Készpénz felvétel,2026-01-24 10:00:56,2026.01.24 4159956198 Békéscsaba Andrássy út 5,Kimenő,KÉSZPÉNZFELVÉT ATM-BŐL,3Dye4gBbAdPQSto3WbqgkBu6lrj2,none,,850d205d-72cd-4048-a80e-b4d33804ecae,1,2026,5,True,1,False,False,4,24,31,7676.795698924731,93,713942.0,238050.0,2.0,False,,,30.0,0.0,10000.0,2,0.014006740043308841
7515.0,"Számlák, rezsi",2026-01-24 15:45:46,2026.01.24 4159956198 SIMPLEP*one,Kimenő,VÁSÁRLÁS KÁRTYÁVAL,3Dye4gBbAdPQSto3WbqgkBu6lrj2,none,,dc6da99a-ad84-4131-a566-82b728a340c4,1,2026,5,True,1,False,False,4,24,31,7676.795698924731,93,713942.0,238050.0,2.0,False,,,30.0,0.0,8648.875,8,0.010526065142546594
1470.0,Szórakozás,2026-01-24 18:42:56,"2026.01.24 4159956198 DtkPub                   -ÉRINTŐ 3,840EUR    0,",Kimenő,VÁSÁRLÁS KÁRTYÁVAL,3Dye4gBbAdPQSto3WbqgkBu6lrj2,none,,2ed555af-021a-4070-859a-4da632d9ec6e,1,2026,5,True,1,False,False,4,24,31,7676.795698924731,93,713942.0,238050.0,2.0,False,,,30.0,0.0,4109.875,8,0.0020589907863663996
1500.0,"Számlák, rezsi",2026-01-24 18:46:12,"2026.01.24 4159956198 SQUARETRADE EUROPE 3,920EUR    0,",Kimenő,VÁSÁRLÁS KÁRTYÁVAL,3Dye4gBbAdPQSto3WbqgkBu6lrj2,none,,954d171c-de60-4aee-8367-8d9a4fa89134,1,2026,5,True,1,False,False,4,24,31,7676.795698924731,93,713942.0,238050.0,2.0,False,,,30.0,0.0,8648.875,8,0.002101011006496326
2630.0,Szórakozás,2026-01-24 20:06:01,"2026.01.24 4159956198 DtkPub                   -ÉRINTŐ 6,880EUR    0,",Kimenő,VÁSÁRLÁS KÁRTYÁVAL,3Dye4gBbAdPQSto3WbqgkBu6lrj2,none,,c5d8f8fb-2e45-4934-bba7-8f6a34bccaf8,1,2026,5,True,1,False,False,4,24,31,7676.795698924731,93,713942.0,238050.0,2.0,False,,,30.0,0.0,4109.875,8,0.003683772631390225
1590.0,Vendéglátás,2026-01-24 23:15:46,2026.01.25 4159956198 McDonalds 34800019       -GOOGLE,Kimenő,VÁSÁRLÁS KÁRTYÁVAL,3Dye4gBbAdPQSto3WbqgkBu6lrj2,none,,46cebdc6-2214-47b6-bd6b-b1188b7f67d7,1,2026,5,True,1,False,False,4,24,31,7676.795698924731,93,713942.0,238050.0,2.0,False,,,30.0,0.0,1625.8846153846155,26,0.0022270716668861055
1950.0,Vendéglátás,2026-01-25 13:25:45,2026.01.25 4159956198 TRÓJA ÉTELBÁR            -ÉRINTŐ,Kimenő,VÁSÁRLÁS KÁRTYÁVAL,3Dye4gBbAdPQSto3WbqgkBu6lrj2,none,,67910c17-916e-48a2-bdc1-642033cad72a,1,2026,6,True,1,False,False,4,25,31,7676.795698924731,93,713942.0,238050.0,2.0,False,,,30.0,0.0,1625.8846153846155,26,0.0027313143084452237
399.0,Bevásárlás,2026-01-25 14:42:01,2026.01.25 4159956198 KÁROLYI ABC              -ÉRINTŐ,Kimenő,VÁSÁRLÁS KÁRTYÁVAL,3Dye4gBbAdPQSto3WbqgkBu6lrj2,none,,e81492a7-93bc-4a68-afb8-db908145483a,1,2026,6,True,1,False,False,4,25,31,7676.795698924731,93,713942.0,238050.0,2.0,False,,,30.0,0.0,2269.0,27,0.0005588689277280227
560.0,Vendéglátás,2026-01-25 17:06:36,2026.01.25 4159956198 Csiga PÚksÚg -Bem utca   -ÉRINTŐ,Kimenő,VÁSÁRLÁS KÁRTYÁVAL,3Dye4gBbAdPQSto3WbqgkBu6lrj2,none,,d6290c62-fc01-4666-9341-13cb3a9184b1,1,2026,6,True,1,False,False,4,25,31,7676.795698924731,93,713942.0,238050.0,2.0,False,,,30.0,0.0,1625.8846153846155,26,0.000784377442425295
360.0,Vendéglátás,2026-01-25 17:09:45,"2026.01.25 4159956198 NYX*AloisDallmayrAutom   -ÉRINTŐ 0,940EUR    0,",Kimenő,VÁSÁRLÁS KÁRTYÁVAL,3Dye4gBbAdPQSto3WbqgkBu6lrj2,none,,ecfe2364-3093-4ee4-98bb-daff7e67ff42,1,2026,6,True,1,False,False,4,25,31,7676.795698924731,93,713942.0,238050.0,2.0,False,,,30.0,0.0,1625.8846153846155,26,0.0005042426415591182
9194.0,Bevásárlás,2026-01-25 22:37:14,2026.01.25 4159956198 TESCO 41400 ÖNKISZOLG    -ÉRINTŐ,Kimenő,VÁSÁRLÁS KÁRTYÁVAL,3Dye4gBbAdPQSto3WbqgkBu6lrj2,none,,46769139-6fdf-4630-8ccf-60db7f2d70a3,1,2026,6,True,1,False,False,4,25,31,7676.795698924731,93,713942.0,238050.0,2.0,False,,,30.0,0.0,2269.0,27,0.012877796795818148
2670.0,Vendéglátás,2026-01-26 13:54:56,2026.01.26 4159956198 MCD TOPÁNKA              -ÉRINTŐ,Kimenő,VÁSÁRLÁS KÁRTYÁVAL,3Dye4gBbAdPQSto3WbqgkBu6lrj2,none,,f8a56c69-80df-439e-b552-7e5e0e8df73b,1,2026,0,False,1,False,True,5,26,31,7676.795698924731,93,713942.0,238050.0,2.0,False,,,30.0,0.0,1625.8846153846155,26,0.0037397995915634604
2400.0,Szórakozás,2026-01-26 15:40:46,2026.01.26 4159956198 TOLDINMOZI.HU,Kimenő,VÁSÁRLÁS KÁRTYÁVAL,3Dye4gBbAdPQSto3WbqgkBu6lrj2,none,,c177cafe-dd2e-4d00-a7de-6e5e86d54295,1,2026,0,False,1,False,True,5,26,31,7676.795698924731,93,713942.0,238050.0,2.0,False,,,30.0,0.0,4109.875,8,0.0033616176103941214
1380.0,Vendéglátás,2026-01-26 18:20:48,2026.01.26 4159956198 TOLDI KLUB               -ÉRINTŐ,Kimenő,VÁSÁRLÁS KÁRTYÁVAL,3Dye4gBbAdPQSto3WbqgkBu6lrj2,none,,4ede5aaa-6694-47de-8126-a4c0c958bd12,1,2026,0,False,1,False,True,5,26,31,7676.795698924731,93,713942.0,238050.0,2.0,False,,,30.0,0.0,1625.8846153846155,26,0.00193293012597662
129.0,Bevásárlás,2026-01-27 09:03:24,2026.01.27 4159956198 LIDL ÁRUHÁZ 0333.SZ.     -SIMPLE,Kimenő,VÁSÁRLÁS KÁRTYÁVAL,3Dye4gBbAdPQSto3WbqgkBu6lrj2,none,,4e3a1ea3-4d01-4452-8975-957c819b1ca9,1,2026,1,False,1,False,True,5,27,31,7676.795698924731,93,713942.0,238050.0,2.0,False,,,30.0,0.0,2269.0,27,0.00018068694655868405
2190.0,Vendéglátás,2026-01-27 12:17:37,2026.01.27 4159956198 BESZEDA ÉS FIAI          -SIMPLE,Kimenő,VÁSÁRLÁS KÁRTYÁVAL,3Dye4gBbAdPQSto3WbqgkBu6lrj2,none,,bc37a4db-dac6-4bdd-a38e-d3f39315b4dd,1,2026,1,False,1,False,True,5,27,31,7676.795698924731,93,713942.0,238050.0,2.0,False,,,30.0,0.0,1625.8846153846155,26,0.003067476069484636
2190.0,Vendéglátás,2026-01-28 11:57:53,2026.01.28 4159956198 BESZEDA ÉS FIAI          -ÉRINTŐ,Kimenő,VÁSÁRLÁS KÁRTYÁVAL,3Dye4gBbAdPQSto3WbqgkBu6lrj2,none,,1e5697e9-7c0b-4958-9f9a-6134352ce3e1,1,2026,2,False,1,False,True,5,28,31,7676.795698924731,93,713942.0,238050.0,2.0,False,,,30.0,0.0,1625.8846153846155,26,0.003067476069484636
1661.0,Bevásárlás,2026-01-28 17:58:23,2026.01.28 4159956198 CBA PR°MA KRISZTINA      -ÉRINTŐ,Kimenő,VÁSÁRLÁS KÁRTYÁVAL,3Dye4gBbAdPQSto3WbqgkBu6lrj2,none,,742834cb-85b8-4411-a9b5-4d0d1cf6449c,1,2026,2,False,1,False,True,5,28,31,7676.795698924731,93,713942.0,238050.0,2.0,False,,,30.0,0.0,2269.0,27,0.0023265195211935982
333.0,Egyéb,2026-01-28 19:23:00,,Kimenő,ESETI MEGBÍZÁSOK KÖLTSÉGE,3Dye4gBbAdPQSto3WbqgkBu6lrj2,none,,9c9d2dcb-f615-4d60-82f4-5cea007a1bdb,1,2026,2,False,1,False,True,5,28,31,7676.795698924731,93,713942.0,238050.0,2.0,False,,,30.0,0.0,1177.5,8,0.0004664244434421844
20000.0,"Egészség, szépség",2026-01-28 19:23:25,Tt-2026-38,Kimenő,AZONNALI FIZETÉS,3Dye4gBbAdPQSto3WbqgkBu6lrj2,none,,535b48b6-86da-4ace-afca-ad8da5f2c105,1,2026,2,False,1,False,True,5,28,31,7676.795698924731,93,713942.0,238050.0,2.0,False,,,30.0,0.0,25000.0,4,0.028013480086617682
2190.0,Vendéglátás,2026-01-29 12:17:03,2026.01.29 4159956198 BESZEDA ÉS FIAI          -ÉRINTŐ,Kimenő,VÁSÁRLÁS KÁRTYÁVAL,3Dye4gBbAdPQSto3WbqgkBu6lrj2,none,,8b275fbd-84c5-4866-88b7-068d795035ed,1,2026,3,False,1,False,True,5,29,31,7676.795698924731,93,713942.0,238050.0,2.0,False,,,30.0,0.0,1625.8846153846155,26,0.003067476069484636
3505.0,Bevásárlás,2026-01-29 17:53:02,2026.01.29 4159956198 LIDL ÁRUHÁZ 0333.SZ.     -ÉRINTŐ,Kimenő,VÁSÁRLÁS KÁRTYÁVAL,3Dye4gBbAdPQSto3WbqgkBu6lrj2,none,,4527447f-8c01-43af-b51b-92bb105ed610,1,2026,3,False,1,False,True,5,29,31,7676.795698924731,93,713942.0,238050.0,2.0,False,,,30.0,0.0,2269.0,27,0.004909362385179749
1590.0,Vendéglátás,2026-01-30 12:27:44,"2026.01.30 4159956198 GYROS NEPPER             -ÉRINTŐ 4,180EUR    0,",Kimenő,VÁSÁRLÁS KÁRTYÁVAL,3Dye4gBbAdPQSto3WbqgkBu6lrj2,none,,10c7b720-808f-4582-9320-31796fde4545,1,2026,4,False,1,False,True,5,30,31,7676.795698924731,93,713942.0,238050.0,2.0,False,,,30.0,0.0,1625.8846153846155,26,0.0022270716668861055
898.0,Bevásárlás,2026-01-30 12:43:46,2026.01.30 4159956198 SPAR 0045                -SIMPLE,Kimenő,VÁSÁRLÁS KÁRTYÁVAL,3Dye4gBbAdPQSto3WbqgkBu6lrj2,none,,786aea5e-6573-44aa-aead-ccbe6c6631c7,1,2026,4,False,1,False,True,5,30,31,7676.795698924731,93,713942.0,238050.0,2.0,False,,,30.0,0.0,2269.0,27,0.0012578052558891337
700.0,Bevásárlás,2026-01-30 18:33:11,"2026.01.30 4159956198 Chococafe Kft            -ÉRINTŐ 1,840EUR    0,",Kimenő,VÁSÁRLÁS KÁRTYÁVAL,3Dye4gBbAdPQSto3WbqgkBu6lrj2,none,,b12372ff-6b06-4980-8152-7e1138f87e15,1,2026,4,False,1,False,True,5,30,31,7676.795698924731,93,713942.0,238050.0,2.0,False,,,30.0,0.0,2269.0,27,0.0009804718030316188
550.0,Vendéglátás,2026-01-30 20:43:09,"2026.01.30 4159956198 Barhole                  -ÉRINTŐ 1,440EUR    0,",Kimenő,VÁSÁRLÁS KÁRTYÁVAL,3Dye4gBbAdPQSto3WbqgkBu6lrj2,none,,794025e9-b80e-4070-9ca3-eb9a5b56c6e2,1,2026,4,False,1,False,True,5,30,31,7676.795698924731,93,713942.0,238050.0,2.0,False,,,30.0,0.0,1625.8846153846155,26,0.0007703707023819862
1890.0,Közlekedés,2026-01-30 23:25:18,2026.01.30 4159956198 SIMPLE MOBILJEGY,Kimenő,VÁSÁRLÁS KÁRTYÁVAL,3Dye4gBbAdPQSto3WbqgkBu6lrj2,none,,9553f830-5dde-44f7-b164-2cfb1e6f8498,1,2026,4,False,1,False,True,5,30,31,7676.795698924731,93,713942.0,238050.0,2.0,False,,,30.0,0.0,1190.6666666666667,3,0.0026472738681853707
2747.0,Vendéglátás,2026-01-31 07:59:14,2026.01.31 4159956198 Keleti TSB Fornetti al   -ÉRINTŐ,Kimenő,VÁSÁRLÁS KÁRTYÁVAL,3Dye4gBbAdPQSto3WbqgkBu6lrj2,none,,37afac07-70ac-4983-b12d-43c9197e3c92,1,2026,5,True,1,False,True,5,31,31,7676.795698924731,93,713942.0,238050.0,2.0,False,,,30.0,0.0,1625.8846153846155,26,0.0038476514898969382
10000.0,Készpénz felvétel,2026-01-31 14:54:24,2026.01.31 4159956198 Gyula Budapest krt.1,Kimenő,KÉSZPÉNZFELVÉT ATM-BŐL,3Dye4gBbAdPQSto3WbqgkBu6lrj2,none,,70523217-aa4f-44e7-bafd-c88b693d0e44,1,2026,5,True,1,False,True,5,31,31,7676.795698924731,93,713942.0,238050.0,2.0,False,,,30.0,0.0,10000.0,2,0.014006740043308841
2440.0,Vendéglátás,2026-01-31 16:43:01,2026.01.31 4159956198 BURGER KING BÉKÉSCSA     -ÉRINTŐ,Kimenő,VÁSÁRLÁS KÁRTYÁVAL,3Dye4gBbAdPQSto3WbqgkBu6lrj2,none,,54398e9a-5749-4ce4-9ea7-1d2cbedf9d49,1,2026,5,True,1,False,True,5,31,31,7676.795698924731,93,713942.0,238050.0,2.0,False,,,30.0,0.0,1625.8846153846155,26,0.003417644570567357
18979.0,Bevásárlás,2026-02-01 11:20:22,2026.02.01 4159956198 LIDL ÁRUHÁZ 0121.SZ.     -SIMPLE,Kimenő,VÁSÁRLÁS KÁRTYÁVAL,3Dye4gBbAdPQSto3WbqgkBu6lrj2,none,,9f1f8c5e-6db9-427d-b9af-c2aabb5ef02e,2,2026,6,True,1,True,False,5,1,28,6387.4051724137935,116,740939.0,187500.0,98.0,False,,,30.0,0.0,3450.7027027027025,37,0.025614794200332282
500.0,Egyéb,2026-02-03 08:36:00,,Kimenő,ESETI MEGBÍZÁSOK KÖLTSÉGE,3Dye4gBbAdPQSto3WbqgkBu6lrj2,none,,8acf217e-ba4e-4323-96f6-5e249f48b8fa,2,2026,1,False,1,True,False,6,3,28,6387.4051724137935,116,740939.0,187500.0,98.0,False,,,30.0,0.0,776.0,7,0.0006748193845917141
100000.0,Utalás,2026-02-03 08:36:50,Varga Bence - februári lakbér,Kimenő,AZONNALI FIZETÉS,3Dye4gBbAdPQSto3WbqgkBu6lrj2,none,,8aaa0b4e-040e-4b7f-9050-4b70d89e72aa,2,2026,1,False,1,True,False,6,3,28,6387.4051724137935,116,740939.0,187500.0,98.0,False,,,30.0,0.0,45784.783672595375,1,0.1349638769183428
500.0,Közlekedés,2026-02-03 15:05:21,2026.02.03 4159956198 VOLANBUSZ_AUTOBUSZ,Kimenő,VÁSÁRLÁS KÁRTYÁVAL,3Dye4gBbAdPQSto3WbqgkBu6lrj2,none,,74670814-c763-4f08-bc55-d028c7042a29,2,2026,1,False,1,True,False,6,3,28,6387.4051724137935,116,740939.0,187500.0,98.0,False,,,30.0,0.0,745.875,8,0.0006748193845917141
841.0,Közlekedés,2026-02-03 15:59:40,2026.02.03 4159956198 SIMPLEP*MÁV,Kimenő,VÁSÁRLÁS KÁRTYÁVAL,3Dye4gBbAdPQSto3WbqgkBu6lrj2,none,,baa11d53-7b59-4540-bf9a-2fcc697a6314,2,2026,1,False,1,True,False,6,3,28,6387.4051724137935,116,740939.0,187500.0,98.0,False,,,30.0,0.0,745.875,8,0.001135046204883263
1100.0,Vendéglátás,2026-02-03 16:04:21,"2026.02.03 4159956198 Legenda Bufe             -ÉRINTŐ 2,890EUR    0,",Kimenő,VÁSÁRLÁS KÁRTYÁVAL,3Dye4gBbAdPQSto3WbqgkBu6lrj2,none,,6fb04cb5-8811-4048-a944-e24ea9bdb2b2,2,2026,1,False,1,True,False,6,3,28,6387.4051724137935,116,740939.0,187500.0,98.0,False,,,30.0,0.0,1468.4864864864865,37,0.0014846026461017708
421.0,Közlekedés,2026-02-03 19:40:27,2026.02.03 4159956198 SIMPLEP*MÁV,Bejövő,ÁRUVISSZAVÉT ELLENÉRTÉKE,3Dye4gBbAdPQSto3WbqgkBu6lrj2,none,,fb5e5600-cca2-425d-86a5-10f2f7555846,2,2026,1,False,1,True,False,6,3,28,6387.4051724137935,116,740939.0,187500.0,98.0,False,,,30.0,0.0,745.875,8,0.0005681979218262232
508.0,Bevásárlás,2026-02-03 19:45:12,2026.02.03 4159956198 SPAR PARTNER             -ÉRINTŐ,Kimenő,VÁSÁRLÁS KÁRTYÁVAL,3Dye4gBbAdPQSto3WbqgkBu6lrj2,none,,818f166a-ea25-4145-8704-0eb7440d6149,2,2026,1,False,1,True,False,6,3,28,6387.4051724137935,116,740939.0,187500.0,98.0,False,,,30.0,0.0,3450.7027027027025,37,0.0006856164947451815
333.0,Egyéb,2026-02-03 20:52:00,,Kimenő,ESETI MEGBÍZÁSOK KÖLTSÉGE,3Dye4gBbAdPQSto3WbqgkBu6lrj2,none,,947b0082-f9b1-4ac4-9c74-da18e789d8ea,2,2026,1,False,1,True,False,6,3,28,6387.4051724137935,116,740939.0,187500.0,98.0,False,,,30.0,0.0,776.0,7,0.00044942971013808153
5000.0,Otthon,2026-02-03 20:52:24,DIJ-2026/347/Z,Kimenő,AZONNALI FIZETÉS,3Dye4gBbAdPQSto3WbqgkBu6lrj2,none,,1caad5e1-655b-438b-9cec-729b97da597d,2,2026,1,False,1,True,False,6,3,28,6387.4051724137935,116,740939.0,187500.0,98.0,False,,,30.0,0.0,3933.0,3,0.006748193845917141
2000.0,Vendéglátás,2026-02-04 12:10:34,2026.02.04 4159956198 BLAZSEKNE H ZSUZSANNA    -SIMPLE,Kimenő,VÁSÁRLÁS KÁRTYÁVAL,3Dye4gBbAdPQSto3WbqgkBu6lrj2,none,,dd1d1482-30c0-4e7c-84c1-de61f6f9586c,2,2026,2,False,1,True,False,6,4,28,6387.4051724137935,116,740939.0,187500.0,98.0,False,,,30.0,0.0,1468.4864864864865,37,0.0026992775383668562
2460.0,Bevásárlás,2026-02-04 18:07:30,2026.02.04 4159956198 CBA PR°MA KRISZTINA      -ÉRINTŐ,Kimenő,VÁSÁRLÁS KÁRTYÁVAL,3Dye4gBbAdPQSto3WbqgkBu6lrj2,none,,a94ccbfb-5601-43e0-8141-cd4b1420abf1,2,2026,2,False,1,True,False,6,4,28,6387.4051724137935,116,740939.0,187500.0,98.0,False,,,30.0,0.0,3450.7027027027025,37,0.003320111372191233
333.0,Egyéb,2026-02-04 19:23:00,,Kimenő,ESETI MEGBÍZÁSOK KÖLTSÉGE,3Dye4gBbAdPQSto3WbqgkBu6lrj2,none,,fda22963-33c8-44df-92d3-29a801180910,2,2026,2,False,1,True,False,6,4,28,6387.4051724137935,116,740939.0,187500.0,98.0,False,,,30.0,0.0,776.0,7,0.00044942971013808153
25000.0,"Egészség, szépség",2026-02-04 19:23:37,Tt-2026-46,Kimenő,AZONNALI FIZETÉS,3Dye4gBbAdPQSto3WbqgkBu6lrj2,none,,f74d8bfc-134c-49b3-b8b6-87a7a2ec491c,2,2026,2,False,1,True,False,6,4,28,6387.4051724137935,116,740939.0,187500.0,98.0,False,,,30.0,0.0,20079.8,5,0.0337409692295857
3200.0,Vendéglátás,2026-02-05 13:33:41,2026.02.05 4159956198 KASHMIR BUFE             -ÉRINTŐ,Kimenő,VÁSÁRLÁS KÁRTYÁVAL,3Dye4gBbAdPQSto3WbqgkBu6lrj2,none,,cca61755-87d4-4837-ac93-9ed071ae3f61,2,2026,3,False,1,True,False,6,5,28,6387.4051724137935,116,740939.0,187500.0,98.0,False,,,30.0,0.0,1468.4864864864865,37,0.00431884406138697
841.0,Közlekedés,2026-02-05 17:42:48,2026.02.05 4159956198 SIMPLEP*MÁV,Kimenő,VÁSÁRLÁS KÁRTYÁVAL,3Dye4gBbAdPQSto3WbqgkBu6lrj2,none,,1b738e46-7688-4375-b701-e8ed6e8d00a7,2,2026,3,False,1,True,False,6,5,28,6387.4051724137935,116,740939.0,187500.0,98.0,False,,,30.0,0.0,745.875,8,0.001135046204883263
749.0,Vendéglátás,2026-02-05 18:15:00,"2026.02.05 4159956198 Nyugati 3                -ÉRINTŐ 1,970EUR    0,",Kimenő,VÁSÁRLÁS KÁRTYÁVAL,3Dye4gBbAdPQSto3WbqgkBu6lrj2,none,,8d70664b-675f-40ac-b17f-75e2cc6d8fb3,2,2026,3,False,1,True,False,6,5,28,6387.4051724137935,116,740939.0,187500.0,98.0,False,,,30.0,0.0,1468.4864864864865,37,0.0010108794381183876
2510.0,Bevásárlás,2026-02-06 12:46:13,2026.02.06 4159956198 TESCO 41420 ÖNKISZOLG    -ÉRINTŐ,Kimenő,VÁSÁRLÁS KÁRTYÁVAL,3Dye4gBbAdPQSto3WbqgkBu6lrj2,none,,77293d14-3809-4825-965e-81ede03ac496,2,2026,4,False,1,False,False,6,6,28,6387.4051724137935,116,740939.0,187500.0,98.0,False,,,30.0,0.0,3450.7027027027025,37,0.003387593310650404
7097.0,Bevásárlás,2026-02-06 17:07:35,2026.02.06 4159956198 MAXI MARK Mall Kft.      -ÉRINTŐ,Kimenő,VÁSÁRLÁS KÁRTYÁVAL,3Dye4gBbAdPQSto3WbqgkBu6lrj2,none,,c3d4a20e-d717-41fc-b756-47cac6fabd8d,2,2026,4,False,1,False,False,6,6,28,6387.4051724137935,116,740939.0,187500.0,98.0,False,,,30.0,0.0,3450.7027027027025,37,0.00957838634489479
880.0,Vendéglátás,2026-02-06 20:47:18,2026.02.06 4159956198 MCD SZEGED 1.            -ÉRINTŐ,Kimenő,VÁSÁRLÁS KÁRTYÁVAL,3Dye4gBbAdPQSto3WbqgkBu6lrj2,none,,c61b4e34-24ec-4991-af77-0b0d224ff58d,2,2026,4,False,1,False,False,6,6,28,6387.4051724137935,116,740939.0,187500.0,98.0,False,,,30.0,0.0,1468.4864864864865,37,0.0011876821168814167
1606.0,Vendéglátás,2026-02-06 21:09:06,2026.02.06 4159956198 HELOPAY*PIXEL BARESKAVEZO-ÉRINTŐ,Kimenő,VÁSÁRLÁS KÁRTYÁVAL,3Dye4gBbAdPQSto3WbqgkBu6lrj2,none,,634d550f-16dc-4d86-9161-4deea7785d43,2,2026,4,False,1,False,False,6,6,28,6387.4051724137935,116,740939.0,187500.0,98.0,False,,,30.0,0.0,1468.4864864864865,37,0.0021675198633085853
1039.0,Vendéglátás,2026-02-06 23:22:37,2026.02.06 4159956198 HELOPAY*PIXEL BARESKAVEZO-ÉRINTŐ,Kimenő,VÁSÁRLÁS KÁRTYÁVAL,3Dye4gBbAdPQSto3WbqgkBu6lrj2,none,,339c36eb-fcac-49e4-84f0-617561c8d169,2,2026,4,False,1,False,False,6,6,28,6387.4051724137935,116,740939.0,187500.0,98.0,False,,,30.0,0.0,1468.4864864864865,37,0.0014022746811815819
700.0,Vendéglátás,2026-02-07 09:42:38,2026.02.07 4159956198 Csiga PÚksÚg -Bem utca   -ÉRINTŐ,Kimenő,VÁSÁRLÁS KÁRTYÁVAL,3Dye4gBbAdPQSto3WbqgkBu6lrj2,none,,3dc8c000-3017-4a62-8acf-299fd46aac31,2,2026,5,True,1,False,False,6,7,28,6387.4051724137935,116,740939.0,187500.0,98.0,False,,,30.0,0.0,1468.4864864864865,37,0.0009447471384283996
360.0,Vendéglátás,2026-02-07 10:04:11,"2026.02.07 4159956198 NYX*AloisDallmayrAutom   -ÉRINTŐ 0,950EUR    0,",Kimenő,VÁSÁRLÁS KÁRTYÁVAL,3Dye4gBbAdPQSto3WbqgkBu6lrj2,none,,d93d803a-c7c3-497b-ba0e-9d7b5efe9b5e,2,2026,5,True,1,False,False,6,7,28,6387.4051724137935,116,740939.0,187500.0,98.0,False,,,30.0,0.0,1468.4864864864865,37,0.0004858699569060341
699.0,Vendéglátás,2026-02-07 10:15:07,2026.02.07 4159956198 MAV SZEGED BUFE          -ÉRINTŐ,Kimenő,VÁSÁRLÁS KÁRTYÁVAL,3Dye4gBbAdPQSto3WbqgkBu6lrj2,none,,1d899868-a444-43aa-8d80-901e01a6a68b,2,2026,5,True,1,False,False,6,7,28,6387.4051724137935,116,740939.0,187500.0,98.0,False,,,30.0,0.0,1468.4864864864865,37,0.0009433974996592162
9990.0,Ruházat,2026-02-07 13:46:54,2026.02.07 4159956198 NEW YORKER WESTEND       -ÉRINTŐ,Kimenő,VÁSÁRLÁS KÁRTYÁVAL,3Dye4gBbAdPQSto3WbqgkBu6lrj2,none,,75b887f3-078b-49a5-8378-31d55af92cc5,2,2026,5,True,1,False,False,6,7,28,6387.4051724137935,116,740939.0,187500.0,98.0,False,,,30.0,0.0,9990.0,1,0.013482891304142446
2971.0,Bevásárlás,2026-02-07 21:34:10,2026.02.07 4159956198 TESCO 41400 ÖNKISZOLG    -ÉRINTŐ,Kimenő,VÁSÁRLÁS KÁRTYÁVAL,3Dye4gBbAdPQSto3WbqgkBu6lrj2,none,,76ab7ac6-324a-4f9a-91c0-1cd69df1c09d,2,2026,5,True,1,False,False,6,7,28,6387.4051724137935,116,740939.0,187500.0,98.0,False,,,30.0,0.0,3450.7027027027025,37,0.004009776783243965
25000.0,Készpénz felvétel,2026-02-07 21:38:22,"2026.02.07 4159956198 Budapest,XIV.Pillangó u.1",Kimenő,KÉSZPÉNZFELVÉT ATM-BŐL,3Dye4gBbAdPQSto3WbqgkBu6lrj2,none,,c033960e-edce-4240-8420-73f8fa87b66d,2,2026,5,True,1,False,False,6,7,28,6387.4051724137935,116,740939.0,187500.0,98.0,False,,,30.0,0.0,25000.0,1,0.0337409692295857
450.0,Vendéglátás,2026-02-08 10:29:22,2026.02.08 4159956198 Fornetti LątvąnypÚk      -ÉRINTŐ,Kimenő,VÁSÁRLÁS KÁRTYÁVAL,3Dye4gBbAdPQSto3WbqgkBu6lrj2,none,,79e21e1f-e797-4c7b-97f2-a7cbd00dcf72,2,2026,6,True,1,False,False,6,8,28,6387.4051724137935,116,740939.0,187500.0,98.0,False,,,30.0,0.0,1468.4864864864865,37,0.0006073374461325426
430.0,Vendéglátás,2026-02-08 15:14:23,"2026.02.08 4159956198 NYX*AloisDallmayrAutom   -ÉRINTŐ 1,130EUR    0,",Kimenő,VÁSÁRLÁS KÁRTYÁVAL,3Dye4gBbAdPQSto3WbqgkBu6lrj2,none,,8fb4951a-4be4-4850-953e-ab5093d83e9e,2,2026,6,True,1,False,False,6,8,28,6387.4051724137935,116,740939.0,187500.0,98.0,False,,,30.0,0.0,1468.4864864864865,37,0.0005803446707488741
98.0,Bevásárlás,2026-02-08 18:59:06,2026.02.08 4159956198 TESCO 41420 ÖNKISZOLG    -ÉRINTŐ,Kimenő,VÁSÁRLÁS KÁRTYÁVAL,3Dye4gBbAdPQSto3WbqgkBu6lrj2,none,,5ce614ab-027e-4d9b-a09c-79953c7d968a,2,2026,6,True,1,False,False,6,8,28,6387.4051724137935,116,740939.0,187500.0,98.0,False,,,30.0,0.0,3450.7027027027025,37,0.00013226459937997596
3267.0,Egyéb,2026-02-08 20:52:04,"2026.02.08 4159956198 GITHUB, INC. 8,540EUR  382,5300",Kimenő,VÁSÁRLÁS KÁRTYÁVAL,3Dye4gBbAdPQSto3WbqgkBu6lrj2,none,,b8efd9bd-8c9e-45c1-a0d6-42d319a36292,2,2026,6,True,1,False,False,6,8,28,6387.4051724137935,116,740939.0,187500.0,98.0,False,,,30.0,0.0,776.0,7,0.004409269858922259
5352.0,"Számlák, rezsi",2026-02-09 04:01:47,"2026.02.09 4159956198 Netflix.com 13,990EUR  382,5300",Kimenő,VÁSÁRLÁS KÁRTYÁVAL,3Dye4gBbAdPQSto3WbqgkBu6lrj2,none,,10c26ba8-b783-46cd-9f9a-cfa335f92b9c,2,2026,0,False,1,False,False,7,9,28,6387.4051724137935,116,740939.0,187500.0,98.0,False,,,30.0,0.0,4515.5,4,0.007223266692669707
1901.0,Bevásárlás,2026-02-09 10:01:42,2026.02.09 4159956198 KÁROLYI ABC              -ÉRINTŐ,Kimenő,VÁSÁRLÁS KÁRTYÁVAL,3Dye4gBbAdPQSto3WbqgkBu6lrj2,none,,cc430e5e-6f39-4f48-9c0c-30badbbb25f4,2,2026,0,False,1,False,False,7,9,28,6387.4051724137935,116,740939.0,187500.0,98.0,False,,,30.0,0.0,3450.7027027027025,37,0.0025656633002176968
360.0,Vendéglátás,2026-02-09 12:46:27,"2026.02.09 4159956198 NYX*AloisDallmayrAutom   -ÉRINTŐ 0,950EUR    0,",Kimenő,VÁSÁRLÁS KÁRTYÁVAL,3Dye4gBbAdPQSto3WbqgkBu6lrj2,none,,a5e9cf03-21cd-4e14-a0b4-29a74c1b2afd,2,2026,0,False,1,False,False,7,9,28,6387.4051724137935,116,740939.0,187500.0,98.0,False,,,30.0,0.0,1468.4864864864865,37,0.0004858699569060341
841.0,Közlekedés,2026-02-09 12:49:16,2026.02.09 4159956198 SIMPLEP*MÁV,Kimenő,VÁSÁRLÁS KÁRTYÁVAL,3Dye4gBbAdPQSto3WbqgkBu6lrj2,none,,cb232999-5c25-400a-badc-11c4f9554a4c,2,2026,0,False,1,False,False,7,9,28,6387.4051724137935,116,740939.0,187500.0,98.0,False,,,30.0,0.0,745.875,8,0.001135046204883263
550.0,Vendéglátás,2026-02-09 14:04:33,2026.02.09 4159956198 UTASELLÁTÓ               -ÉRINTŐ,Kimenő,VÁSÁRLÁS KÁRTYÁVAL,3Dye4gBbAdPQSto3WbqgkBu6lrj2,none,,4f78f7d4-76f2-4fed-ab90-426ac0865fc7,2,2026,0,False,1,False,False,7,9,28,6387.4051724137935,116,740939.0,187500.0,98.0,False,,,30.0,0.0,1468.4864864864865,37,0.0007423013230508854
187500.0,Nem kategorizált,2026-02-10 10:47:00,Munkabér utalás,Bejövő,NAPKÖZBENI ÁTUTALÁS (CSOPORTOS),3Dye4gBbAdPQSto3WbqgkBu6lrj2,none,,ab7e4455-366c-4290-96bc-95d9b84d9efb,2,2026,1,False,1,False,False,7,10,28,6387.4051724137935,116,740939.0,187500.0,98.0,False,,,30.0,0.0,45784.783672595375,3,0.13806386351302935
2900.0,Nem kategorizált,2026-02-10 14:26:55,20260210_363219d7-9fb7-39ac-b81a-c31f9d45dbe1,Bejövő,AZONNALI FIZETÉS,3Dye4gBbAdPQSto3WbqgkBu6lrj2,none,,405c8822-8d0b-49df-a3a4-913bf8e5e90b,2,2026,1,False,1,False,False,7,10,28,6387.4051724137935,116,740939.0,187500.0,98.0,False,,,30.0,0.0,45784.783672595375,3,0.003913952430631942
11931.0,Bevásárlás,2026-02-10 14:51:13,2026.02.10 4159956198 LIDL ÁRUHÁZ 0255.SZ.     -ÉRINTŐ,Kimenő,VÁSÁRLÁS KÁRTYÁVAL,3Dye4gBbAdPQSto3WbqgkBu6lrj2,none,,55846536-dd01-41e9-bc4a-e1ce33740b30,2,2026,1,False,1,False,False,7,10,28,6387.4051724137935,116,740939.0,187500.0,98.0,False,,,30.0,0.0,3450.7027027027025,37,0.01610254015512748
4690.0,Vendéglátás,2026-02-10 15:57:58,2026.02.10 4159956198 MCD KEREPESI             -ÉRINTŐ,Kimenő,VÁSÁRLÁS KÁRTYÁVAL,3Dye4gBbAdPQSto3WbqgkBu6lrj2,none,,36f544a2-e2d6-4883-a582-cf7730b43136,2,2026,1,False,1,False,False,7,10,28,6387.4051724137935,116,740939.0,187500.0,98.0,False,,,30.0,0.0,1468.4864864864865,37,0.006329805827470277
338.0,Bevásárlás,2026-02-11 09:01:48,2026.02.11 4159956198 LIDL ÁRUHÁZ 0333.SZ.     -SIMPLE,Kimenő,VÁSÁRLÁS KÁRTYÁVAL,3Dye4gBbAdPQSto3WbqgkBu6lrj2,none,,cf47950a-f15b-4c3b-bde6-4a195574ea5c,2,2026,2,False,1,False,False,7,11,28,6387.4051724137935,116,740939.0,187500.0,98.0,False,,,30.0,0.0,3450.7027027027025,37,0.0004561779039839987
25400.0,Nem kategorizált,2026-02-11 10:47:00,GIROKOZLEMENY,Bejövő,NAPKÖZBENI ÁTUTALÁS (CSOPORTOS),3Dye4gBbAdPQSto3WbqgkBu6lrj2,none,,c626abff-343f-4f0d-b670-36207fc17c38,2,2026,2,False,1,False,False,7,11,28,6387.4051724137935,116,740939.0,187500.0,98.0,False,,,30.0,0.0,45784.783672595375,3,0.034280824737259075
2052.0,Bevásárlás,2026-02-11 19:21:01,2026.02.11 4159956198 CBA PR°MA KRISZTINA      -ÉRINTŐ,Kimenő,VÁSÁRLÁS KÁRTYÁVAL,3Dye4gBbAdPQSto3WbqgkBu6lrj2,none,,13aff1ab-6daf-4d29-bf36-45f9a8329e13,2,2026,2,False,1,False,False,7,11,28,6387.4051724137935,116,740939.0,187500.0,98.0,False,,,30.0,0.0,3450.7027027027025,37,0.0027694587543643946
333.0,Egyéb,2026-02-11 20:06:00,,Kimenő,ESETI MEGBÍZÁSOK KÖLTSÉGE,3Dye4gBbAdPQSto3WbqgkBu6lrj2,none,,0eb317af-f7bb-4d98-a590-6ff536997091,2,2026,2,False,1,False,False,7,11,28,6387.4051724137935,116,740939.0,187500.0,98.0,False,,,30.0,0.0,776.0,7,0.00044942971013808153
25000.0,"Egészség, szépség",2026-02-11 20:06:12,Tt-2026-56,Kimenő,AZONNALI FIZETÉS,3Dye4gBbAdPQSto3WbqgkBu6lrj2,none,,2d23e31c-6ae2-4492-afc0-eabd9c05cc05,2,2026,2,False,1,False,False,7,11,28,6387.4051724137935,116,740939.0,187500.0,98.0,False,,,30.0,0.0,20079.8,5,0.0337409692295857
1049.0,Vendéglátás,2026-02-12 14:36:40,"2026.02.12 4159956198 Keleti Trio              -ÉRINTŐ 2,770EUR    0,",Kimenő,VÁSÁRLÁS KÁRTYÁVAL,3Dye4gBbAdPQSto3WbqgkBu6lrj2,none,,6ccb176b-ab24-4388-a42e-e1ae20089e74,2,2026,3,False,1,False,False,7,12,28,6387.4051724137935,116,740939.0,187500.0,98.0,False,,,30.0,0.0,1468.4864864864865,37,0.001415771068873416
300.0,Bevásárlás,2026-02-12 14:46:33,"2026.02.12 4159956198 Vendo Box Keleti pu.     -ÉRINTŐ 0,790EUR    0,",Kimenő,VÁSÁRLÁS KÁRTYÁVAL,3Dye4gBbAdPQSto3WbqgkBu6lrj2,none,,10ad9bad-4a43-4b6c-b3d9-17473b541890,2,2026,3,False,1,False,False,7,12,28,6387.4051724137935,116,740939.0,187500.0,98.0,False,,,30.0,0.0,3450.7027027027025,37,0.0004048916307550284
439.0,Vendéglátás,2026-02-12 14:51:46,2026.02.12 4159956198 Keleti TSB Fornetti al   -ÉRINTŐ,Kimenő,VÁSÁRLÁS KÁRTYÁVAL,3Dye4gBbAdPQSto3WbqgkBu6lrj2,none,,fdb3a276-af90-4d57-8f16-a00421c27894,2,2026,3,False,1,False,False,7,12,28,6387.4051724137935,116,740939.0,187500.0,98.0,False,,,30.0,0.0,1468.4864864864865,37,0.000592491419671525
48053.0,Szórakozás,2026-02-13 14:16:34,"2026.02.13 4159956198 TM *TICKETMASTER 125,200EUR  383,8100",Kimenő,VÁSÁRLÁS KÁRTYÁVAL,3Dye4gBbAdPQSto3WbqgkBu6lrj2,none,,e95571b1-170a-4658-81a7-db2276e5a901,2,2026,4,False,1,False,False,7,13,28,6387.4051724137935,116,740939.0,187500.0,98.0,False,,,30.0,0.0,7386.666666666667,9,0.06485419177557127
18112.0,Bevásárlás,2026-02-14 12:44:31,2026.02.14 4159956198 LIDL ÁRUHÁZ 0121.SZ.     -SIMPLE,Kimenő,VÁSÁRLÁS KÁRTYÁVAL,3Dye4gBbAdPQSto3WbqgkBu6lrj2,none,,c399ca77-a3e0-48ef-8834-8387e069efad,2,2026,5,True,1,False,False,7,14,28,6387.4051724137935,116,740939.0,187500.0,98.0,False,,,30.0,0.0,3450.7027027027025,37,0.02444465738745025
9320.0,"Számlák, rezsi",2026-02-16 07:02:07,2026.02.16 4159956198 SIMPLEP*NEPTUN.U-SZEGE,Kimenő,VÁSÁRLÁS KÁRTYÁVAL,3Dye4gBbAdPQSto3WbqgkBu6lrj2,none,,45c3aa98-595f-4406-b292-478e0d9712be,2,2026,0,False,1,False,False,8,16,28,6387.4051724137935,116,740939.0,187500.0,98.0,False,,,30.0,0.0,4515.5,4,0.01257863332878955
1219.0,Vendéglátás,2026-02-16 08:24:37,2026.02.16 4159956198 F LEGYH ZI P KS G 71     -ÉRINTŐ,Kimenő,VÁSÁRLÁS KÁRTYÁVAL,3Dye4gBbAdPQSto3WbqgkBu6lrj2,none,,32f1f5cd-4145-40cf-9b96-4964ec97bad5,2,2026,0,False,1,False,False,8,16,28,6387.4051724137935,116,740939.0,187500.0,98.0,False,,,30.0,0.0,1468.4864864864865,37,0.0016452096596345988
1800.0,Vendéglátás,2026-02-16 12:13:01,2026.02.16 4159956198 SZOTE  telbąr Kft.       -ÉRINTŐ,Kimenő,VÁSÁRLÁS KÁRTYÁVAL,3Dye4gBbAdPQSto3WbqgkBu6lrj2,none,,ac005cfe-7db5-4126-80d2-f592b1fa6283,2,2026,0,False,1,False,False,8,16,28,6387.4051724137935,116,740939.0,187500.0,98.0,False,,,30.0,0.0,1468.4864864864865,37,0.0024293497845301703
309.0,Bevásárlás,2026-02-16 13:45:52,2026.02.16 4159956198 Goods Market2            -ÉRINTŐ,Kimenő,VÁSÁRLÁS KÁRTYÁVAL,3Dye4gBbAdPQSto3WbqgkBu6lrj2,none,,d4c8110b-8202-4a5a-bbe5-83aac65d449d,2,2026,0,False,1,False,False,8,16,28,6387.4051724137935,116,740939.0,187500.0,98.0,False,,,30.0,0.0,3450.7027027027025,37,0.00041703837967767927
778.0,Bevásárlás,2026-02-16 16:50:16,2026.02.16 4159956198 KÁROLYI ABC              -ÉRINTŐ,Kimenő,VÁSÁRLÁS KÁRTYÁVAL,3Dye4gBbAdPQSto3WbqgkBu6lrj2,none,,be04e666-3c49-46ba-b92c-8cafbeaac136,2,2026,0,False,1,False,False,8,16,28,6387.4051724137935,116,740939.0,187500.0,98.0,False,,,30.0,0.0,3450.7027027027025,37,0.001050018962424707
850.0,Szórakozás,2026-02-16 20:09:28,"2026.02.16 4159956198 DtkPub                   -ÉRINTŐ 2,240EUR    0,",Kimenő,VÁSÁRLÁS KÁRTYÁVAL,3Dye4gBbAdPQSto3WbqgkBu6lrj2,none,,e51615d6-4707-4d71-b04c-9ba1ccb99c33,2,2026,0,False,1,False,False,8,16,28,6387.4051724137935,116,740939.0,187500.0,98.0,False,,,30.0,0.0,7386.666666666667,9,0.0011471929538059138
1740.0,Szórakozás,2026-02-16 21:10:06,"2026.02.16 4159956198 DtkPub                   -ÉRINTŐ 4,600EUR    0,",Kimenő,VÁSÁRLÁS KÁRTYÁVAL,3Dye4gBbAdPQSto3WbqgkBu6lrj2,none,,4f9264a7-0072-4218-b62e-7b7d0b1e151a,2,2026,0,False,1,False,False,8,16,28,6387.4051724137935,116,740939.0,187500.0,98.0,False,,,30.0,0.0,7386.666666666667,9,0.0023483714583791646
2804.0,Szórakozás,2026-02-16 22:25:48,"2026.02.16 4159956198 DtkPub                   -ÉRINTŐ 7,410EUR    0,",Kimenő,VÁSÁRLÁS KÁRTYÁVAL,3Dye4gBbAdPQSto3WbqgkBu6lrj2,none,,d38cee2f-61b5-4d3d-8392-cc7170222ace,2,2026,0,False,1,False,False,8,16,28,6387.4051724137935,116,740939.0,187500.0,98.0,False,,,30.0,0.0,7386.666666666667,9,0.0037843871087903324
1128.0,Bevásárlás,2026-02-17 09:22:58,2026.02.17 4159956198 KÁROLYI ABC              -ÉRINTŐ,Kimenő,VÁSÁRLÁS KÁRTYÁVAL,3Dye4gBbAdPQSto3WbqgkBu6lrj2,none,,a3004f18-80d0-4ce7-9336-828c7fd4d15b,2,2026,1,False,1,False,False,8,17,28,6387.4051724137935,116,740939.0,187500.0,98.0,False,,,30.0,0.0,3450.7027027027025,37,0.0015223925316389067
4786.0,Bevásárlás,2026-02-17 13:33:21,2026.02.17 4159956198 TESCO 41420 ÖNKISZOLG    -ÉRINTŐ,Kimenő,VÁSÁRLÁS KÁRTYÁVAL,3Dye4gBbAdPQSto3WbqgkBu6lrj2,none,,71b751a0-d089-4d75-9eec-3c3a728c1c91,2,2026,1,False,1,False,False,8,17,28,6387.4051724137935,116,740939.0,187500.0,98.0,False,,,30.0,0.0,3450.7027027027025,37,0.006459371149311887
600.0,Vendéglátás,2026-02-17 18:55:12,2026.02.17 4159956198 Csiga PÚksÚg -Bem utca   -ÉRINTŐ,Kimenő,VÁSÁRLÁS KÁRTYÁVAL,3Dye4gBbAdPQSto3WbqgkBu6lrj2,none,,825c4085-42f7-45e0-a701-43ba166c072a,2,2026,1,False,1,False,False,8,17,28,6387.4051724137935,116,740939.0,187500.0,98.0,False,,,30.0,0.0,1468.4864864864865,37,0.0008097832615100568
841.0,Közlekedés,2026-02-17 19:00:28,2026.02.17 4159956198 SIMPLEP*mav-start,Kimenő,VÁSÁRLÁS KÁRTYÁVAL,3Dye4gBbAdPQSto3WbqgkBu6lrj2,none,,1ddf65fe-6019-4e01-9156-85002fda7aaf,2,2026,1,False,1,False,False,8,17,28,6387.4051724137935,116,740939.0,187500.0,98.0,False,,,30.0,0.0,745.875,8,0.001135046204883263
1618.0,Bevásárlás,2026-02-17 22:54:03,2026.02.17 4159956198 TESCO 41400 ÖNKISZOLG    -ÉRINTŐ,Kimenő,VÁSÁRLÁS KÁRTYÁVAL,3Dye4gBbAdPQSto3WbqgkBu6lrj2,none,,e2956a47-f765-4c71-b9db-b639524cd849,2,2026,1,False,1,False,False,8,17,28,6387.4051724137935,116,740939.0,187500.0,98.0,False,,,30.0,0.0,3450.7027027027025,37,0.0021837155285387867
2190.0,Vendéglátás,2026-02-18 12:02:07,2026.02.18 4159956198 BESZEDA ÉS FIAI          -ÉRINTŐ,Kimenő,VÁSÁRLÁS KÁRTYÁVAL,3Dye4gBbAdPQSto3WbqgkBu6lrj2,none,,65252ecf-67ad-4727-bf57-ef6099a60cef,2,2026,2,False,1,False,False,8,18,28,6387.4051724137935,116,740939.0,187500.0,98.0,False,,,30.0,0.0,1468.4864864864865,37,0.0029557089045117073
1250.0,Bevásárlás,2026-02-18 16:42:22,2026.02.18 4159956198 PELLE CSEMEGE            -ÉRINTŐ,Kimenő,VÁSÁRLÁS KÁRTYÁVAL,3Dye4gBbAdPQSto3WbqgkBu6lrj2,none,,9d0a650f-9c6a-4205-9d59-273c019d9b3d,2,2026,2,False,1,False,False,8,18,28,6387.4051724137935,116,740939.0,187500.0,98.0,False,,,30.0,0.0,3450.7027027027025,37,0.0016870484614792851
1074.0,Bevásárlás,2026-02-18 18:03:27,2026.02.18 4159956198 CBA PR°MA KRISZTINA      -ÉRINTŐ,Kimenő,VÁSÁRLÁS KÁRTYÁVAL,3Dye4gBbAdPQSto3WbqgkBu6lrj2,none,,a3c68e3f-1f1e-47b9-b944-11a8ff15d8d7,2,2026,2,False,1,False,False,8,18,28,6387.4051724137935,116,740939.0,187500.0,98.0,False,,,30.0,0.0,3450.7027027027025,37,0.0014495120381030017
333.0,Egyéb,2026-02-18 19:24:00,,Kimenő,ESETI MEGBÍZÁSOK KÖLTSÉGE,3Dye4gBbAdPQSto3WbqgkBu6lrj2,none,,e2975b25-3f97-442f-8e1e-02cf6f34c8e2,2,2026,2,False,1,False,False,8,18,28,6387.4051724137935,116,740939.0,187500.0,98.0,False,,,30.0,0.0,776.0,7,0.00044942971013808153
25000.0,"Egészség, szépség",2026-02-18 19:24:48,Tt-2026-66,Kimenő,AZONNALI FIZETÉS,3Dye4gBbAdPQSto3WbqgkBu6lrj2,none,,dc1f89e8-05f2-4253-957b-867ac2600b68,2,2026,2,False,1,False,False,8,18,28,6387.4051724137935,116,740939.0,187500.0,98.0,False,,,30.0,0.0,20079.8,5,0.0337409692295857
2456.0,Vendéglátás,2026-02-18 22:28:51,"2026.02.18 4159956198 Game Up Pub              -ÉRINTŐ 6,500EUR    0,",Kimenő,VÁSÁRLÁS KÁRTYÁVAL,3Dye4gBbAdPQSto3WbqgkBu6lrj2,none,,2c729ca7-f22e-43a5-a1ab-3cc42fe4d30c,2,2026,2,False,1,False,False,8,18,28,6387.4051724137935,116,740939.0,187500.0,98.0,False,,,30.0,0.0,1468.4864864864865,37,0.0033147128171144994
4220.0,Vendéglátás,2026-02-19 11:41:14,"2026.02.19 4159956198 Simons Burger COR Kft    -ÉRINTŐ 11,160EUR    0,",Kimenő,VÁSÁRLÁS KÁRTYÁVAL,3Dye4gBbAdPQSto3WbqgkBu6lrj2,none,,d1a4cb22-e25d-4223-8753-6f1db990c44b,2,2026,3,False,1,False,False,8,19,28,6387.4051724137935,116,740939.0,187500.0,98.0,False,,,30.0,0.0,1468.4864864864865,37,0.005695475605954067
2114.0,Bevásárlás,2026-02-19 16:47:55,2026.02.19 4159956198 LIDL ÁRUHÁZ 0333.SZ.     -ÉRINTŐ,Kimenő,VÁSÁRLÁS KÁRTYÁVAL,3Dye4gBbAdPQSto3WbqgkBu6lrj2,none,,3a9c0538-9805-4351-9617-146dc2675f7e,2,2026,3,False,1,False,False,8,19,28,6387.4051724137935,116,740939.0,187500.0,98.0,False,,,30.0,0.0,3450.7027027027025,37,0.002853136358053767
300.0,Otthon,2026-02-19 17:25:58,2026.02.19 4159956198 ÁRKÁD BUDAPEST           -ÉRINTŐ,Kimenő,VÁSÁRLÁS KÁRTYÁVAL,3Dye4gBbAdPQSto3WbqgkBu6lrj2,none,,6576906c-7e86-4779-884e-c65aad6c61ce,2,2026,3,False,1,False,False,8,19,28,6387.4051724137935,116,740939.0,187500.0,98.0,False,,,30.0,0.0,3933.0,3,0.0004048916307550284
1049.0,Vendéglátás,2026-02-20 13:07:07,"2026.02.20 4159956198 Keleti Trio              -ÉRINTŐ 2,770EUR    0,",Kimenő,VÁSÁRLÁS KÁRTYÁVAL,3Dye4gBbAdPQSto3WbqgkBu6lrj2,none,,48d27bee-0268-4614-a5fb-1fb242bfc220,2,2026,4,False,1,False,False,8,20,28,6387.4051724137935,116,740939.0,187500.0,98.0,False,,,30.0,0.0,1468.4864864864865,37,0.001415771068873416
960.0,Vendéglátás,2026-02-21 09:52:02,2026.02.21 4159956198 HELOPAY*DITI PEKSEG V    -ÉRINTŐ,Kimenő,VÁSÁRLÁS KÁRTYÁVAL,3Dye4gBbAdPQSto3WbqgkBu6lrj2,none,,2fa44cc4-8ba7-4983-b68a-07fe48ba20b9,2,2026,5,True,1,False,False,8,21,28,6387.4051724137935,116,740939.0,187500.0,98.0,False,,,30.0,0.0,1468.4864864864865,37,0.001295653218416091
18454.0,Bevásárlás,2026-02-21 12:05:34,2026.02.21 4159956198 LIDL ÁRUHÁZ 0121.SZ.     -SIMPLE,Kimenő,VÁSÁRLÁS KÁRTYÁVAL,3Dye4gBbAdPQSto3WbqgkBu6lrj2,none,,fd1d14c9-4eb5-42c6-9d4c-893bd8f1297e,2,2026,5,True,1,False,False,8,21,28,6387.4051724137935,116,740939.0,187500.0,98.0,False,,,30.0,0.0,3450.7027027027025,37,0.024906233846510983
2170.0,Bevásárlás,2026-02-21 16:10:25,2026.02.21 4159956198 NEMZETI DOHÁNYBOLT       -ÉRINTŐ,Kimenő,VÁSÁRLÁS KÁRTYÁVAL,3Dye4gBbAdPQSto3WbqgkBu6lrj2,none,,1441d571-b604-4e1e-9bd3-48970c5911fa,2,2026,5,True,1,False,False,8,21,28,6387.4051724137935,116,740939.0,187500.0,98.0,False,,,30.0,0.0,3450.7027027027025,37,0.002928716129128039
5280.0,Vendéglátás,2026-02-21 23:37:57,"2026.02.21 4159956198 Elements Bar             -ÉRINTŐ 13,910EUR    0,",Kimenő,VÁSÁRLÁS KÁRTYÁVAL,3Dye4gBbAdPQSto3WbqgkBu6lrj2,none,,900fd56f-0be0-4655-bdfd-695d6dea016c,2,2026,5,True,1,False,False,8,21,28,6387.4051724137935,116,740939.0,187500.0,98.0,False,,,30.0,0.0,1468.4864864864865,37,0.0071260927012885
3163.0,Szórakozás,2026-02-22 13:45:21,"2026.02.22 4159956198 BILJARSZKI MAXIM 8,330EUR    0,",Kimenő,VÁSÁRLÁS KÁRTYÁVAL,3Dye4gBbAdPQSto3WbqgkBu6lrj2,none,,a5e7419b-0caf-461d-a818-04b2f6740919,2,2026,6,True,1,False,False,8,22,28,6387.4051724137935,116,740939.0,187500.0,98.0,False,,,30.0,0.0,7386.666666666667,9,0.004268907426927183
3163.0,Szórakozás,2026-02-22 15:50:32,"2026.02.22 4159956198 BILJARSZKI MAXIM 8,330EUR    0,",Kimenő,VÁSÁRLÁS KÁRTYÁVAL,3Dye4gBbAdPQSto3WbqgkBu6lrj2,none,,50b351a3-e8d1-4a3b-94bc-069f02852bdf,2,2026,6,True,1,False,False,8,22,28,6387.4051724137935,116,740939.0,187500.0,98.0,False,,,30.0,0.0,7386.666666666667,9,0.004268907426927183
730.0,Vendéglátás,2026-02-23 09:57:59,2026.02.23 4159956198 F LEGYH ZI P KS G 71     -ÉRINTŐ,Kimenő,VÁSÁRLÁS KÁRTYÁVAL,3Dye4gBbAdPQSto3WbqgkBu6lrj2,none,,927c2c91-895b-4fc8-9b64-b707a5394da8,2,2026,0,False,1,False,True,9,23,28,6387.4051724137935,116,740939.0,187500.0,98.0,False,,,30.0,0.0,1468.4864864864865,37,0.0009852363015039026
4485.0,Bevásárlás,2026-02-23 12:03:36,2026.02.23 4159956198 LIDL ÁRUHÁZ 0365.SZ.     -ÉRINTŐ,Kimenő,VÁSÁRLÁS KÁRTYÁVAL,3Dye4gBbAdPQSto3WbqgkBu6lrj2,none,,c91c1589-8a53-41fb-9d64-e3f437dab2ce,2,2026,0,False,1,False,True,9,23,28,6387.4051724137935,116,740939.0,187500.0,98.0,False,,,30.0,0.0,3450.7027027027025,37,0.006053129879787675
1598.0,Bevásárlás,2026-02-23 12:09:28,2026.02.23 4159956198 MAXI MARK Mall Kft.      -ÉRINTŐ,Kimenő,VÁSÁRLÁS KÁRTYÁVAL,3Dye4gBbAdPQSto3WbqgkBu6lrj2,none,,7d8a53f4-e4ed-4a64-b00c-5221964ea920,2,2026,0,False,1,False,True,9,23,28,6387.4051724137935,116,740939.0,187500.0,98.0,False,,,30.0,0.0,3450.7027027027025,37,0.002156722753155118
1203.0,Bevásárlás,2026-02-23 16:34:39,2026.02.23 4159956198 KÁROLYI ABC              -ÉRINTŐ,Kimenő,VÁSÁRLÁS KÁRTYÁVAL,3Dye4gBbAdPQSto3WbqgkBu6lrj2,none,,6c7c7c30-cf9d-474e-bc45-70265e174b9f,2,2026,0,False,1,False,True,9,23,28,6387.4051724137935,116,740939.0,187500.0,98.0,False,,,30.0,0.0,3450.7027027027025,37,0.001623615439327664
560.0,Vendéglátás,2026-02-23 18:37:09,2026.02.23 4159956198 Csiga Bakery Kft         -ÉRINTŐ,Kimenő,VÁSÁRLÁS KÁRTYÁVAL,3Dye4gBbAdPQSto3WbqgkBu6lrj2,none,,8f1d0682-59bd-4db4-a9f6-fec7f07ac383,2,2026,0,False,1,False,True,9,23,28,6387.4051724137935,116,740939.0,187500.0,98.0,False,,,30.0,0.0,1468.4864864864865,37,0.0007557977107427197
2762.0,Szórakozás,2026-02-23 20:34:17,"2026.02.23 4159956198 DtkPub                   -ÉRINTŐ 7,280EUR    0,",Kimenő,VÁSÁRLÁS KÁRTYÁVAL,3Dye4gBbAdPQSto3WbqgkBu6lrj2,none,,afbe416c-5079-4b7b-be46-39d39dd38ead,2,2026,0,False,1,False,True,9,23,28,6387.4051724137935,116,740939.0,187500.0,98.0,False,,,30.0,0.0,7386.666666666667,9,0.0037277022804846284
2205.0,Szórakozás,2026-02-23 21:16:41,"2026.02.23 4159956198 DtkPub                   -ÉRINTŐ 5,800EUR    0,",Kimenő,VÁSÁRLÁS KÁRTYÁVAL,3Dye4gBbAdPQSto3WbqgkBu6lrj2,none,,bbc82f33-16c9-492d-8e21-e3b34bbee2fb,2,2026,0,False,1,False,True,9,23,28,6387.4051724137935,116,740939.0,187500.0,98.0,False,,,30.0,0.0,7386.666666666667,9,0.002975953486049459
1740.0,Szórakozás,2026-02-23 21:24:11,"2026.02.23 4159956198 DtkPub                   -ÉRINTŐ 4,580EUR    0,",Kimenő,VÁSÁRLÁS KÁRTYÁVAL,3Dye4gBbAdPQSto3WbqgkBu6lrj2,none,,98ae7120-7d00-410d-92d3-808295a8c337,2,2026,0,False,1,False,True,9,23,28,6387.4051724137935,116,740939.0,187500.0,98.0,False,,,30.0,0.0,7386.666666666667,9,0.0023483714583791646
2350.0,Vendéglátás,2026-02-23 23:36:43,2026.02.24 4159956198 McDonalds 34800019       -GOOGLE,Kimenő,VÁSÁRLÁS KÁRTYÁVAL,3Dye4gBbAdPQSto3WbqgkBu6lrj2,none,,399dfc85-4d6c-44e1-9830-9bc40e836a1c,2,2026,0,False,1,False,True,9,23,28,6387.4051724137935,116,740939.0,187500.0,98.0,False,,,30.0,0.0,1468.4864864864865,37,0.0031716511075810558
400.0,Bevásárlás,2026-02-24 10:37:40,2026.02.24 4159956198 KÁROLYI ABC              -SIMPLE,Kimenő,VÁSÁRLÁS KÁRTYÁVAL,3Dye4gBbAdPQSto3WbqgkBu6lrj2,none,,26b74a6f-fe21-470d-b053-0b79aeddc8e3,2,2026,1,False,1,False,True,9,24,28,6387.4051724137935,116,740939.0,187500.0,98.0,False,,,30.0,0.0,3450.7027027027025,37,0.0005398555076733712
1668.0,Bevásárlás,2026-02-24 13:17:52,2026.02.24 4159956198 TESCO 41420 ÖNKISZOLG    -ÉRINTŐ,Kimenő,VÁSÁRLÁS KÁRTYÁVAL,3Dye4gBbAdPQSto3WbqgkBu6lrj2,none,,3a1075da-afdc-415c-9a66-1284bad2686f,2,2026,1,False,1,False,True,9,24,28,6387.4051724137935,116,740939.0,187500.0,98.0,False,,,30.0,0.0,3450.7027027027025,37,0.002251197466997958
1890.0,"Számlák, rezsi",2026-02-24 14:22:20,"2026.02.25 4159956198 CRUNCHYROLL *HUF 4,970EUR    0,",Kimenő,VÁSÁRLÁS KÁRTYÁVAL,3Dye4gBbAdPQSto3WbqgkBu6lrj2,none,,4186ca64-3053-4fb0-be76-bf0728ae67c8,2,2026,1,False,1,False,True,9,24,28,6387.4051724137935,116,740939.0,187500.0,98.0,False,,,30.0,0.0,4515.5,4,0.002550817273756679
700.0,Vendéglátás,2026-02-24 17:35:16,2026.02.24 4159956198 Csiga PÚksÚg -Bem utca   -ÉRINTŐ,Kimenő,VÁSÁRLÁS KÁRTYÁVAL,3Dye4gBbAdPQSto3WbqgkBu6lrj2,none,,f17ac2b4-79f3-4f18-b1c7-36007bd4b402,2,2026,1,False,1,False,True,9,24,28,6387.4051724137935,116,740939.0,187500.0,98.0,False,,,30.0,0.0,1468.4864864864865,37,0.0009447471384283996
841.0,Közlekedés,2026-02-24 17:37:12,2026.02.24 4159956198 SIMPLEP*mav-start,Kimenő,VÁSÁRLÁS KÁRTYÁVAL,3Dye4gBbAdPQSto3WbqgkBu6lrj2,none,,086ca54c-210e-4dbc-b733-f08f2b7df25b,2,2026,1,False,1,False,True,9,24,28,6387.4051724137935,116,740939.0,187500.0,98.0,False,,,30.0,0.0,745.875,8,0.001135046204883263
550.0,Vendéglátás,2026-02-24 17:58:32,2026.02.24 4159956198 UTASELLÁTÓ               -SIMPLE,Kimenő,VÁSÁRLÁS KÁRTYÁVAL,3Dye4gBbAdPQSto3WbqgkBu6lrj2,none,,80df18b3-cfcb-405f-a3ea-a5c2f6ccde14,2,2026,1,False,1,False,True,9,24,28,6387.4051724137935,116,740939.0,187500.0,98.0,False,,,30.0,0.0,1468.4864864864865,37,0.0007423013230508854
1500.0,"Számlák, rezsi",2026-02-24 18:46:14,"2026.02.24 4159956198 SQUARETRADE EUROPE 3,950EUR    0,",Kimenő,VÁSÁRLÁS KÁRTYÁVAL,3Dye4gBbAdPQSto3WbqgkBu6lrj2,none,,7facb79d-9d06-431c-9e0a-21b003662ba7,2,2026,1,False,1,False,True,9,24,28,6387.4051724137935,116,740939.0,187500.0,98.0,False,,,30.0,0.0,4515.5,4,0.002024458153775142
219.0,Bevásárlás,2026-02-25 09:08:21,2026.02.25 4159956198 LIDL ÁRUHÁZ 0333.SZ.     -ÉRINTŐ,Kimenő,VÁSÁRLÁS KÁRTYÁVAL,3Dye4gBbAdPQSto3WbqgkBu6lrj2,none,,69b8be30-9074-4f52-92ef-45c9a1903b6a,2,2026,2,False,1,False,True,9,25,28,6387.4051724137935,116,740939.0,187500.0,98.0,False,,,30.0,0.0,3450.7027027027025,37,0.00029557089045117074
3398.0,Bevásárlás,2026-02-25 11:08:20,2026.02.25 4159956198 SPAR 0022                -ÉRINTŐ,Kimenő,VÁSÁRLÁS KÁRTYÁVAL,3Dye4gBbAdPQSto3WbqgkBu6lrj2,none,,a04c9fdb-17c9-4ae4-a0f4-8bc231e64c1a,2,2026,2,False,1,False,True,9,25,28,6387.4051724137935,116,740939.0,187500.0,98.0,False,,,30.0,0.0,3450.7027027027025,37,0.004586072537685289
699.0,Bevásárlás,2026-02-25 16:03:43,2026.02.25 4159956198 PELLE CSEMEGE            -ÉRINTŐ,Kimenő,VÁSÁRLÁS KÁRTYÁVAL,3Dye4gBbAdPQSto3WbqgkBu6lrj2,none,,766ca41c-b4e7-4542-846d-7528b03376bd,2,2026,2,False,1,False,True,9,25,28,6387.4051724137935,116,740939.0,187500.0,98.0,False,,,30.0,0.0,3450.7027027027025,37,0.0009433974996592162
1502.0,Bevásárlás,2026-02-25 17:42:20,2026.02.25 4159956198 CBA PR°MA KRISZTINA      -ÉRINTŐ,Kimenő,VÁSÁRLÁS KÁRTYÁVAL,3Dye4gBbAdPQSto3WbqgkBu6lrj2,none,,ceced285-114c-46f5-a74b-ed8433f2e7ab,2,2026,2,False,1,False,True,9,25,28,6387.4051724137935,116,740939.0,187500.0,98.0,False,,,30.0,0.0,3450.7027027027025,37,0.002027157431313509
333.0,Egyéb,2026-02-25 19:29:00,,Kimenő,ESETI MEGBÍZÁSOK KÖLTSÉGE,3Dye4gBbAdPQSto3WbqgkBu6lrj2,none,,88c96ef0-6ae4-4838-9d92-a04ea8cca2aa,2,2026,2,False,1,False,True,9,25,28,6387.4051724137935,116,740939.0,187500.0,98.0,False,,,30.0,0.0,776.0,7,0.00044942971013808153
25000.0,"Egészség, szépség",2026-02-25 19:29:02,Tt-2026-78,Kimenő,AZONNALI FIZETÉS,3Dye4gBbAdPQSto3WbqgkBu6lrj2,none,,98b491c8-25b9-41be-b356-bd92d44162ee,2,2026,2,False,1,False,True,9,25,28,6387.4051724137935,116,740939.0,187500.0,98.0,False,,,30.0,0.0,20079.8,5,0.0337409692295857
699.0,Bevásárlás,2026-02-26 08:53:05,2026.02.26 4159956198 PELLE CSEMEGE            -ÉRINTŐ,Kimenő,VÁSÁRLÁS KÁRTYÁVAL,3Dye4gBbAdPQSto3WbqgkBu6lrj2,none,,82f37e7c-7102-4f52-a8f9-cbdb5941590d,2,2026,3,False,1,False,True,9,26,28,6387.4051724137935,116,740939.0,187500.0,98.0,False,,,30.0,0.0,3450.7027027027025,37,0.0009433974996592162
1090.0,Vendéglátás,2026-02-26 09:03:50,2026.02.26 4159956198 CAFÉ KANTINETTA          -ÉRINTŐ,Kimenő,VÁSÁRLÁS KÁRTYÁVAL,3Dye4gBbAdPQSto3WbqgkBu6lrj2,none,,d9c967b0-24ab-4f88-b269-f491f37187c0,2,2026,3,False,1,False,True,9,26,28,6387.4051724137935,116,740939.0,187500.0,98.0,False,,,30.0,0.0,1468.4864864864865,37,0.0014711062584099365
2490.0,Vendéglátás,2026-02-26 12:12:14,2026.02.26 4159956198 HELOPAY*GNOCCO CORVIN SET-ÉRINTŐ,Kimenő,VÁSÁRLÁS KÁRTYÁVAL,3Dye4gBbAdPQSto3WbqgkBu6lrj2,none,,c98a80f0-8a85-49f0-901e-dfed0bfc46ed,2,2026,3,False,1,False,True,9,26,28,6387.4051724137935,116,740939.0,187500.0,98.0,False,,,30.0,0.0,1468.4864864864865,37,0.003360600535266736
6499.0,Otthon,2026-02-26 17:50:48,2026.02.26 4159956198 OBI 024 FOGARASI         -ÉRINTŐ,Kimenő,VÁSÁRLÁS KÁRTYÁVAL,3Dye4gBbAdPQSto3WbqgkBu6lrj2,none,,6ccb4c4f-6628-49af-aa2b-b452f5068d45,2,2026,3,False,1,False,True,9,26,28,6387.4051724137935,116,740939.0,187500.0,98.0,False,,,30.0,0.0,3933.0,3,0.008771302360923099
898.0,Bevásárlás,2026-02-26 18:19:43,2026.02.26 4159956198 DISZKONT ÉLELMISZER D    -ÉRINTŐ,Kimenő,VÁSÁRLÁS KÁRTYÁVAL,3Dye4gBbAdPQSto3WbqgkBu6lrj2,none,,c8ceb203-b820-4ddf-a44d-019be68dcd1c,2,2026,3,False,1,False,True,9,26,28,6387.4051724137935,116,740939.0,187500.0,98.0,False,,,30.0,0.0,3450.7027027027025,37,0.0012119756147267184
2490.0,Vendéglátás,2026-02-27 13:08:12,"2026.02.27 4159956198 GYROS NEPPER             -ÉRINTŐ 6,630EUR    0,",Kimenő,VÁSÁRLÁS KÁRTYÁVAL,3Dye4gBbAdPQSto3WbqgkBu6lrj2,none,,74a7f0b3-c3ce-47d5-addb-d107e24a5e87,2,2026,4,False,1,False,True,9,27,28,6387.4051724137935,116,740939.0,187500.0,98.0,False,,,30.0,0.0,1468.4864864864865,37,0.003360600535266736
3734.0,Bevásárlás,2026-02-27 18:42:24,2026.02.27 4159956198 CBA PR°MA ÉLELMISZER     -ÉRINTŐ,Kimenő,VÁSÁRLÁS KÁRTYÁVAL,3Dye4gBbAdPQSto3WbqgkBu6lrj2,none,,e7741941-bac0-4c05-a914-a1292791bda4,2,2026,4,False,1,False,True,9,27,28,6387.4051724137935,116,740939.0,187500.0,98.0,False,,,30.0,0.0,3450.7027027027025,37,0.00503955116413092
3885.0,Bevásárlás,2026-02-28 11:01:07,2026.02.28 4159956198 LIDL ÁRUHÁZ 0255.SZ.     -SIMPLE,Kimenő,VÁSÁRLÁS KÁRTYÁVAL,3Dye4gBbAdPQSto3WbqgkBu6lrj2,none,,1a9d3627-fd7d-4514-bd0d-bde7b4a1e7c5,2,2026,5,True,1,False,True,9,28,28,6387.4051724137935,116,740939.0,187500.0,98.0,False,,,30.0,0.0,3450.7027027027025,37,0.005243346618277618
749.0,Vendéglátás,2026-02-28 12:26:00,"2026.02.28 4159956198 ORS BeKaVeZo             -ÉRINTŐ 1,990EUR    0,",Kimenő,VÁSÁRLÁS KÁRTYÁVAL,3Dye4gBbAdPQSto3WbqgkBu6lrj2,none,,b7ffcf46-bc63-4571-8c2e-4df50881be76,2,2026,5,True,1,False,True,9,28,28,6387.4051724137935,116,740939.0,187500.0,98.0,False,,,30.0,0.0,1468.4864864864865,37,0.0010108794381183876
841.0,Közlekedés,2026-02-28 12:30:28,2026.02.28 4159956198 SIMPLEP*mav-start,Kimenő,VÁSÁRLÁS KÁRTYÁVAL,3Dye4gBbAdPQSto3WbqgkBu6lrj2,none,,aa599c30-8215-44e7-afaf-be73ca969b12,2,2026,5,True,1,False,True,9,28,28,6387.4051724137935,116,740939.0,187500.0,98.0,False,,,30.0,0.0,745.875,8,0.001135046204883263
1650.0,Vendéglátás,2026-02-28 13:45:42,2026.02.28 4159956198 UTASELLÁTÓ               -ÉRINTŐ,Kimenő,VÁSÁRLÁS KÁRTYÁVAL,3Dye4gBbAdPQSto3WbqgkBu6lrj2,none,,8ff235ca-dbb9-4ae6-9353-994308af6b29,2,2026,5,True,1,False,True,9,28,28,6387.4051724137935,116,740939.0,187500.0,98.0,False,,,30.0,0.0,1468.4864864864865,37,0.0022269039691526563
399.0,"Egészség, szépség",2026-02-28 15:38:45,2026.02.28 4159956198 DM 143 SZEGED KÁRÁSZ     -ÉRINTŐ,Kimenő,VÁSÁRLÁS KÁRTYÁVAL,3Dye4gBbAdPQSto3WbqgkBu6lrj2,none,,84c50e65-9e52-4299-9f98-4f01bbc8492a,2,2026,5,True,1,False,True,9,28,28,6387.4051724137935,116,740939.0,187500.0,98.0,False,,,30.0,0.0,20079.8,5,0.0005385058689041877
350.0,Bevásárlás,2026-02-28 17:49:19,2026.02.28 4159956198 HELL AUTOMATA UZEMELTE   -ÉRINTŐ,Kimenő,VÁSÁRLÁS KÁRTYÁVAL,3Dye4gBbAdPQSto3WbqgkBu6lrj2,none,,9fe24bda-d6a2-4143-aa0c-38d96e741552,2,2026,5,True,1,False,True,9,28,28,6387.4051724137935,116,740939.0,187500.0,98.0,False,,,30.0,0.0,3450.7027027027025,37,0.0004723735692141998
900.0,Vendéglátás,2026-02-28 20:16:42,2026.02.28 4159956198 RADNÓTI KÁVÉZÓ           -ÉRINTŐ,Kimenő,VÁSÁRLÁS KÁRTYÁVAL,3Dye4gBbAdPQSto3WbqgkBu6lrj2,none,,350a7c34-e69b-4879-aa9f-f1578d410e24,2,2026,5,True,1,False,True,9,28,28,6387.4051724137935,116,740939.0,187500.0,98.0,False,,,30.0,0.0,1468.4864864864865,37,0.0012146748922650852
1500.0,Nem kategorizált,2026-03-01 10:54:25,20260301_c2c4185d-3b88-3c21-a819-44f09c088c52,Bejövő,AZONNALI FIZETÉS,3Dye4gBbAdPQSto3WbqgkBu6lrj2,none,,ee8ae9ad-915d-45a1-bb71-e10451b5d8c5,3,2026,6,True,1,True,False,9,1,31,7352.2,25,183805.0,100000.0,10.0,False,,,30.0,0.0,5750.0,2,0.008160822610919181
10000.0,Nem kategorizált,2026-03-02 17:04:10,köszi,Bejövő,AZONNALI FIZETÉS,3Dye4gBbAdPQSto3WbqgkBu6lrj2,none,,2ce5b2d1-4109-4c21-aab9-446f5bc169f4,3,2026,0,False,1,True,False,10,2,31,7352.2,25,183805.0,100000.0,10.0,False,,,30.0,0.0,5750.0,2,0.05440548407279454
410.0,Vendéglátás,2026-03-03 18:27:29,"2026.03.03 4125552220 NYX*AloisDallmayrAutom   -GOOGLE 1,080EUR    0,",Kimenő,VÁSÁRLÁS KÁRTYÁVAL,3Dye4gBbAdPQSto3WbqgkBu6lrj2,none,,06eb6d2b-b636-4e44-b4e8-c561fff95f38,3,2026,1,False,1,True,False,10,3,31,7352.2,25,183805.0,100000.0,10.0,False,,,30.0,0.0,1852.3333333333333,9,0.002230624846984576
990.0,Közlekedés,2026-03-03 18:33:54,2026.03.03 4125552220 MÁV-START JEGYKIADÓ      -GOOGLE,Kimenő,VÁSÁRLÁS KÁRTYÁVAL,3Dye4gBbAdPQSto3WbqgkBu6lrj2,none,,d8e359ce-7e61-4c5f-bdaa-48abec1bc728,3,2026,1,False,1,True,False,10,3,31,7352.2,25,183805.0,100000.0,10.0,False,,,30.0,0.0,990.0,1,0.00538614292320666
100000.0,Utalás,2026-03-03 22:24:08,Varga Bence - lakbér - 2026 március,Kimenő,AZONNALI FIZETÉS,3Dye4gBbAdPQSto3WbqgkBu6lrj2,none,,0f84eca4-8494-4b10-9487-6f1835bb97e2,3,2026,1,False,1,True,False,10,3,31,7352.2,25,183805.0,100000.0,10.0,False,,,30.0,0.0,45784.783672595375,1,0.13806386351302935
500.0,Egyéb,2026-03-04 01:18:00,,Kimenő,ESETI MEGBÍZÁSOK KÖLTSÉGE,3Dye4gBbAdPQSto3WbqgkBu6lrj2,none,,811905fb-666a-4200-88a2-fdf29dab0e70,3,2026,2,False,1,True,False,10,4,31,7352.2,25,183805.0,100000.0,10.0,False,,,30.0,0.0,281.0,3,0.002720274203639727
598.0,Bevásárlás,2026-03-04 09:13:10,2026.03.04 4125552220 LIDL ÁRUHÁZ 0333.SZ.     -GOOGLE,Kimenő,VÁSÁRLÁS KÁRTYÁVAL,3Dye4gBbAdPQSto3WbqgkBu6lrj2,none,,fef248ce-4608-491c-aa92-b42c36148635,3,2026,2,False,1,True,False,10,4,31,7352.2,25,183805.0,100000.0,10.0,False,,,30.0,0.0,650.7142857142857,7,0.0032534479475531133
2190.0,Vendéglátás,2026-03-04 12:04:44,2026.03.04 4125552220 BESZEDA ÉS FIAI          -GOOGLE,Kimenő,VÁSÁRLÁS KÁRTYÁVAL,3Dye4gBbAdPQSto3WbqgkBu6lrj2,none,,13bfc3de-b5f0-42d0-a2af-cc68acf562ac,3,2026,2,False,1,True,False,10,4,31,7352.2,25,183805.0,100000.0,10.0,False,,,30.0,0.0,1852.3333333333333,9,0.011914801011942004
549.0,Bevásárlás,2026-03-04 18:26:24,2026.03.04 4125552220 CBA PR°MA KRISZTINA      -GOOGLE,Kimenő,VÁSÁRLÁS KÁRTYÁVAL,3Dye4gBbAdPQSto3WbqgkBu6lrj2,none,,a2559216-4453-4f76-9dd0-590514a3dc4b,3,2026,2,False,1,True,False,10,4,31,7352.2,25,183805.0,100000.0,10.0,False,,,30.0,0.0,650.7142857142857,7,0.00298686107559642
4839.0,Vendéglátás,2026-03-04 22:40:52,"2026.03.04 4125552220 Game Up Pub              -GOOGLE 12,510EUR    0,",Kimenő,VÁSÁRLÁS KÁRTYÁVAL,3Dye4gBbAdPQSto3WbqgkBu6lrj2,none,,cab534bb-5de7-4ebf-ac7a-c17a74cbd7a0,3,2026,2,False,1,True,False,10,4,31,7352.2,25,183805.0,100000.0,10.0,False,,,30.0,0.0,1852.3333333333333,9,0.026326813742825278
25000.0,"Egészség, szépség",2026-03-04 23:41:29,Tt-2026-88,Kimenő,AZONNALI FIZETÉS,3Dye4gBbAdPQSto3WbqgkBu6lrj2,none,,8a21e58f-3c53-442a-8793-b5e31eb1f280,3,2026,2,False,1,True,False,10,4,31,7352.2,25,183805.0,100000.0,10.0,False,,,30.0,0.0,25000.0,1,0.13601371018198635
333.0,Egyéb,2026-03-05 01:31:00,,Kimenő,ESETI MEGBÍZÁSOK KÖLTSÉGE,3Dye4gBbAdPQSto3WbqgkBu6lrj2,none,,890c6189-4d47-441a-9870-93d128084a25,3,2026,3,False,1,True,False,10,5,31,7352.2,25,183805.0,100000.0,10.0,False,,,30.0,0.0,281.0,3,0.0018117026196240581
1037.0,Bevásárlás,2026-03-05 09:06:44,2026.03.05 4125552220 LIDL ÁRUHÁZ 0333.SZ.     -GOOGLE,Kimenő,VÁSÁRLÁS KÁRTYÁVAL,3Dye4gBbAdPQSto3WbqgkBu6lrj2,none,,0a529b9a-e9dd-43d8-89de-b8a4bfb07ca1,3,2026,3,False,1,True,False,10,5,31,7352.2,25,183805.0,100000.0,10.0,False,,,30.0,0.0,650.7142857142857,7,0.005641848698348793
3000.0,Vendéglátás,2026-03-05 12:55:37,2026.03.05 4125552220 Everest Etterem          -GOOGLE,Kimenő,VÁSÁRLÁS KÁRTYÁVAL,3Dye4gBbAdPQSto3WbqgkBu6lrj2,none,,9441942b-b4f4-4c36-95ad-739304ce004f,3,2026,3,False,1,True,False,10,5,31,7352.2,25,183805.0,100000.0,10.0,False,,,30.0,0.0,1852.3333333333333,9,0.016321645221838363
1347.0,Bevásárlás,2026-03-05 15:46:10,2026.03.05 4125552220 LIDL ÁRUHÁZ 0333.SZ.     -GOOGLE,Kimenő,VÁSÁRLÁS KÁRTYÁVAL,3Dye4gBbAdPQSto3WbqgkBu6lrj2,none,,3fabcc42-b276-412c-887c-44c9f56559a8,3,2026,3,False,1,True,False,10,5,31,7352.2,25,183805.0,100000.0,10.0,False,,,30.0,0.0,650.7142857142857,7,0.007328418704605424
1223.0,Vendéglátás,2026-03-05 18:15:17,"2026.03.07 4125552220 MUNCH                    -GOOGLE 3,160EUR    0,",Kimenő,VÁSÁRLÁS KÁRTYÁVAL,3Dye4gBbAdPQSto3WbqgkBu6lrj2,none,,e25f5df0-1d1f-4d6e-b0f9-221161ba2485,3,2026,3,False,1,True,False,10,5,31,7352.2,25,183805.0,100000.0,10.0,False,,,30.0,0.0,1852.3333333333333,9,0.006653790702102772
464.0,Bevásárlás,2026-03-05 20:13:13,2026.03.05 4125552220 SPAR PARTNER             -GOOGLE,Kimenő,VÁSÁRLÁS KÁRTYÁVAL,3Dye4gBbAdPQSto3WbqgkBu6lrj2,none,,67e0a399-8d02-4a37-8a78-5ae7a9199623,3,2026,3,False,1,True,False,10,5,31,7352.2,25,183805.0,100000.0,10.0,False,,,30.0,0.0,650.7142857142857,7,0.0025244144609776666
1780.0,Vendéglátás,2026-03-06 14:19:25,"2026.03.06 4125552220 Lipoti Pekseg Margit u   -GOOGLE 4,610EUR    0,",Kimenő,VÁSÁRLÁS KÁRTYÁVAL,3Dye4gBbAdPQSto3WbqgkBu6lrj2,none,,42001044-7573-4fe4-bda6-fcada65f76ce,3,2026,4,False,1,False,False,10,6,31,7352.2,25,183805.0,100000.0,10.0,False,,,30.0,0.0,1852.3333333333333,9,0.009684176164957427
300.0,Bevásárlás,2026-03-06 16:40:54,"2026.03.06 4125552220 Vendo Box Keleti pu.     -GOOGLE 0,780EUR    0,",Kimenő,VÁSÁRLÁS KÁRTYÁVAL,3Dye4gBbAdPQSto3WbqgkBu6lrj2,none,,f40b7f21-fa59-40a5-8e85-2be3df7fb01e,3,2026,4,False,1,False,False,10,6,31,7352.2,25,183805.0,100000.0,10.0,False,,,30.0,0.0,650.7142857142857,7,0.001632164522183836
749.0,Vendéglátás,2026-03-06 16:48:12,"2026.03.06 4125552220 Keleti Trio              -GOOGLE 1,940EUR    0,",Kimenő,VÁSÁRLÁS KÁRTYÁVAL,3Dye4gBbAdPQSto3WbqgkBu6lrj2,none,,220a7201-ea46-40f7-a9ba-084e5a67a2b1,3,2026,4,False,1,False,False,10,6,31,7352.2,25,183805.0,100000.0,10.0,False,,,30.0,0.0,1852.3333333333333,9,0.004074970757052311
680.0,Vendéglátás,2026-03-07 19:35:19,"2026.03.07 4125552220 Kupak kezmuves sorhaz    -ÉRINTŐ 1,740EUR    0,",Kimenő,VÁSÁRLÁS KÁRTYÁVAL,3Dye4gBbAdPQSto3WbqgkBu6lrj2,none,,33cf23f2-8ea0-4002-8464-50d47ae93189,3,2026,5,True,1,False,False,10,7,31,7352.2,25,183805.0,100000.0,10.0,False,,,30.0,0.0,1852.3333333333333,9,0.0036995729169500284
24246.0,"Számlák, rezsi",2026-03-08 16:26:28,,Kimenő,,3Dye4gBbAdPQSto3WbqgkBu6lrj2,none,,f935c993-5bc8-4210-b7f1-8b0941f9a690,3,2026,6,True,1,False,False,10,8,31,7352.2,25,183805.0,100000.0,10.0,False,,,30.0,0.0,24246.0,1,0.13191153668289762
260.0,Bevásárlás,2026-03-09 08:23:00,,Kimenő,,3Dye4gBbAdPQSto3WbqgkBu6lrj2,none,,86f3aa9d-5874-40ba-a150-eb26ed1e5636,3,2026,0,False,1,False,False,11,9,31,7352.2,25,183805.0,100000.0,10.0,False,,,30.0,0.0,650.7142857142857,7,0.001414542585892658
1800.0,Vendéglátás,2026-03-09 11:44:32,,Kimenő,,3Dye4gBbAdPQSto3WbqgkBu6lrj2,none,,d092add4-c264-476c-a403-fbaafcbc8e90,3,2026,0,False,1,False,False,11,9,31,7352.2,25,183805.0,100000.0,10.0,False,,,30.0,0.0,1852.3333333333333,9,0.009792987133103016
10.0,Egyéb,2026-03-09 14:04:06,,Kimenő,,3Dye4gBbAdPQSto3WbqgkBu6lrj2,none,,5ecdb462-c4c8-4836-9675-696d34c63df8,3,2026,0,False,1,False,False,11,9,31,7352.2,25,183805.0,100000.0,10.0,False,,,30.0,0.0,281.0,3,5.4405484072794536e-05
